condition,condition_tier,target,representation,reports,min_cluster_size,min_samples,true_bugs,predicted_clusters,raw_structural_clusters,noise_points,matrix_sha256,partition_sha256,epsilon,relative_validity_hdbscan,persistence,single_cluster_correction,purity,inverse_purity,f_measure,adjusted_rand_index,pairwise_average_precision,pairwise_same_bug_pairs,pairwise_different_bug_pairs,num_overcount,num_undercount,num_completely_lost
L_f1_W0,primary_full_coverage,freetype__char2svg,B,51,2,1,6,15,9,6,57e5f2e8c0d41c18c1fc33f59c8ccd591b3a7bc7a260e8dfe0433acb4abdb7aa,2b8db93a78cf2ed64649a320b0dc05d142e3e243ac6f90af6478ebc79455da3a,0.0,0.46813805664456765,1.0,False,1.0,0.70588,0.79638,0.6965438663121915,0.9597579457352423,225,1050,3,0,0
L_f1_W0,primary_full_coverage,freetype__char2svg,B,51,2,2,6,6,5,1,57e5f2e8c0d41c18c1fc33f59c8ccd591b3a7bc7a260e8dfe0433acb4abdb7aa,16aa8f52a0435862d1c98b0513280329333f4cea6186a74cdc88d6fa8ab644fc,0.0,0.5177971102038702,0.12215738530695579,False,1.0,1.0,1.0,1.0,0.9597579457352423,225,1050,0,0,0
L_f1_W0,primary_full_coverage,freetype__char2svg,B,51,2,3,6,6,5,1,57e5f2e8c0d41c18c1fc33f59c8ccd591b3a7bc7a260e8dfe0433acb4abdb7aa,16aa8f52a0435862d1c98b0513280329333f4cea6186a74cdc88d6fa8ab644fc,0.0,0.491612661588806,0.17939587048667466,False,1.0,1.0,1.0,1.0,0.9597579457352423,225,1050,0,0,0
L_f1_W0,primary_full_coverage,freetype__char2svg,B,51,2,5,6,6,5,1,57e5f2e8c0d41c18c1fc33f59c8ccd591b3a7bc7a260e8dfe0433acb4abdb7aa,16aa8f52a0435862d1c98b0513280329333f4cea6186a74cdc88d6fa8ab644fc,0.0,0.47488006642172453,0.1363288512118729,False,1.0,1.0,1.0,1.0,0.9597579457352423,225,1050,0,0,0
L_f1_W0,primary_full_coverage,freetype__char2svg,B,51,3,1,6,8,6,2,57e5f2e8c0d41c18c1fc33f59c8ccd591b3a7bc7a260e8dfe0433acb4abdb7aa,246974936995b5f95dd8672a2e0f102fcb3a3139c7acbc71296f6609f8991817,0.0,0.583555205943569,0.128053835703972,False,1.0,0.92157,0.95098,0.9235382308845578,0.9597579457352423,225,1050,1,0,0
L_f1_W0,primary_full_coverage,freetype__char2svg,B,51,3,2,6,6,5,1,57e5f2e8c0d41c18c1fc33f59c8ccd591b3a7bc7a260e8dfe0433acb4abdb7aa,16aa8f52a0435862d1c98b0513280329333f4cea6186a74cdc88d6fa8ab644fc,0.0,0.5177971102038702,0.12108626837321754,False,1.0,1.0,1.0,1.0,0.9597579457352423,225,1050,0,0,0
L_f1_W0,primary_full_coverage,freetype__char2svg,B,51,3,3,6,6,5,1,57e5f2e8c0d41c18c1fc33f59c8ccd591b3a7bc7a260e8dfe0433acb4abdb7aa,16aa8f52a0435862d1c98b0513280329333f4cea6186a74cdc88d6fa8ab644fc,0.0,0.491612661588806,0.1979276675761469,False,1.0,1.0,1.0,1.0,0.9597579457352423,225,1050,0,0,0
L_f1_W0,primary_full_coverage,freetype__char2svg,B,51,3,5,6,6,5,1,57e5f2e8c0d41c18c1fc33f59c8ccd591b3a7bc7a260e8dfe0433acb4abdb7aa,16aa8f52a0435862d1c98b0513280329333f4cea6186a74cdc88d6fa8ab644fc,0.0,0.47488006642172453,0.13639598990323365,False,1.0,1.0,1.0,1.0,0.9597579457352423,225,1050,0,0,0
L_f1_W0,primary_full_coverage,freetype__char2svg,B,51,4,1,6,6,5,1,57e5f2e8c0d41c18c1fc33f59c8ccd591b3a7bc7a260e8dfe0433acb4abdb7aa,16aa8f52a0435862d1c98b0513280329333f4cea6186a74cdc88d6fa8ab644fc,0.0,0.578090354741812,0.19790160923662828,False,1.0,1.0,1.0,1.0,0.9597579457352423,225,1050,0,0,0
L_f1_W0,primary_full_coverage,freetype__char2svg,B,51,4,2,6,6,5,1,57e5f2e8c0d41c18c1fc33f59c8ccd591b3a7bc7a260e8dfe0433acb4abdb7aa,16aa8f52a0435862d1c98b0513280329333f4cea6186a74cdc88d6fa8ab644fc,0.0,0.5177971102038702,0.18892770035809292,False,1.0,1.0,1.0,1.0,0.9597579457352423,225,1050,0,0,0
L_f1_W0,primary_full_coverage,freetype__char2svg,B,51,4,3,6,6,5,1,57e5f2e8c0d41c18c1fc33f59c8ccd591b3a7bc7a260e8dfe0433acb4abdb7aa,16aa8f52a0435862d1c98b0513280329333f4cea6186a74cdc88d6fa8ab644fc,0.0,0.491612661588806,0.19544741993540315,False,1.0,1.0,1.0,1.0,0.9597579457352423,225,1050,0,0,0
L_f1_W0,primary_full_coverage,freetype__char2svg,B,51,4,5,6,6,5,1,57e5f2e8c0d41c18c1fc33f59c8ccd591b3a7bc7a260e8dfe0433acb4abdb7aa,16aa8f52a0435862d1c98b0513280329333f4cea6186a74cdc88d6fa8ab644fc,0.0,0.47488006642172453,0.13839154746560028,False,1.0,1.0,1.0,1.0,0.9597579457352423,225,1050,0,0,0
L_f1_W0,primary_full_coverage,freetype__char2svg,B,51,5,1,6,6,5,1,57e5f2e8c0d41c18c1fc33f59c8ccd591b3a7bc7a260e8dfe0433acb4abdb7aa,16aa8f52a0435862d1c98b0513280329333f4cea6186a74cdc88d6fa8ab644fc,0.0,0.578090354741812,0.1463092824570142,False,1.0,1.0,1.0,1.0,0.9597579457352423,225,1050,0,0,0
L_f1_W0,primary_full_coverage,freetype__char2svg,B,51,5,2,6,6,5,1,57e5f2e8c0d41c18c1fc33f59c8ccd591b3a7bc7a260e8dfe0433acb4abdb7aa,16aa8f52a0435862d1c98b0513280329333f4cea6186a74cdc88d6fa8ab644fc,0.0,0.5177971102038702,0.14804757782526687,False,1.0,1.0,1.0,1.0,0.9597579457352423,225,1050,0,0,0
L_f1_W0,primary_full_coverage,freetype__char2svg,B,51,5,3,6,6,5,1,57e5f2e8c0d41c18c1fc33f59c8ccd591b3a7bc7a260e8dfe0433acb4abdb7aa,16aa8f52a0435862d1c98b0513280329333f4cea6186a74cdc88d6fa8ab644fc,0.0,0.491612661588806,0.14889302639883456,False,1.0,1.0,1.0,1.0,0.9597579457352423,225,1050,0,0,0
L_f1_W0,primary_full_coverage,freetype__char2svg,B,51,5,5,6,6,5,1,57e5f2e8c0d41c18c1fc33f59c8ccd591b3a7bc7a260e8dfe0433acb4abdb7aa,16aa8f52a0435862d1c98b0513280329333f4cea6186a74cdc88d6fa8ab644fc,0.0,0.47488006642172453,0.14802424107668993,False,1.0,1.0,1.0,1.0,0.9597579457352423,225,1050,0,0,0
L_f1_W0,primary_full_coverage,freetype__char2svg,B,51,8,1,6,6,5,1,57e5f2e8c0d41c18c1fc33f59c8ccd591b3a7bc7a260e8dfe0433acb4abdb7aa,16aa8f52a0435862d1c98b0513280329333f4cea6186a74cdc88d6fa8ab644fc,0.0,0.578090354741812,0.5509180305939582,False,1.0,1.0,1.0,1.0,0.9597579457352423,225,1050,0,0,0
L_f1_W0,primary_full_coverage,freetype__char2svg,B,51,8,2,6,6,5,1,57e5f2e8c0d41c18c1fc33f59c8ccd591b3a7bc7a260e8dfe0433acb4abdb7aa,16aa8f52a0435862d1c98b0513280329333f4cea6186a74cdc88d6fa8ab644fc,0.0,0.5177971102038702,0.5404952185851964,False,1.0,1.0,1.0,1.0,0.9597579457352423,225,1050,0,0,0
L_f1_W0,primary_full_coverage,freetype__char2svg,B,51,8,3,6,6,5,1,57e5f2e8c0d41c18c1fc33f59c8ccd591b3a7bc7a260e8dfe0433acb4abdb7aa,16aa8f52a0435862d1c98b0513280329333f4cea6186a74cdc88d6fa8ab644fc,0.0,0.491612661588806,0.514329218495964,False,1.0,1.0,1.0,1.0,0.9597579457352423,225,1050,0,0,0
L_f1_W0,primary_full_coverage,freetype__char2svg,B,51,8,5,6,6,5,1,57e5f2e8c0d41c18c1fc33f59c8ccd591b3a7bc7a260e8dfe0433acb4abdb7aa,16aa8f52a0435862d1c98b0513280329333f4cea6186a74cdc88d6fa8ab644fc,0.0,0.47488006642172453,0.5082972494013669,False,1.0,1.0,1.0,1.0,0.9597579457352423,225,1050,0,0,0
L_f1_W0,primary_full_coverage,freetype__char2svg,BL,51,2,1,6,16,8,8,f6fef8bea11f084ff89f31b7a90d21a0892b9299870d371ff29f22817222fb60,ac188070dd52b0412099516319d1393a888f9d7ad822a44b218eff78f2d76a2e,0.0,0.5730766199325865,1.0,False,1.0,0.70588,0.79638,0.69267364414843,0.9809969099083358,225,1050,3,0,0
L_f1_W0,primary_full_coverage,freetype__char2svg,BL,51,2,2,6,6,5,1,f6fef8bea11f084ff89f31b7a90d21a0892b9299870d371ff29f22817222fb60,c160d54a74f699e402f039ee7ad277882a6d415df99005423a367f0c266777bb,0.0,0.7117047733925733,0.12181320607798787,False,0.98039,0.98039,0.98034,0.9488195214704485,0.9809969099083358,225,1050,1,1,1
L_f1_W0,primary_full_coverage,freetype__char2svg,BL,51,2,3,6,6,5,1,f6fef8bea11f084ff89f31b7a90d21a0892b9299870d371ff29f22817222fb60,c160d54a74f699e402f039ee7ad277882a6d415df99005423a367f0c266777bb,0.0,0.7080402899393649,0.17897535299723183,False,0.98039,0.98039,0.98034,0.9488195214704485,0.9809969099083358,225,1050,1,1,1
L_f1_W0,primary_full_coverage,freetype__char2svg,BL,51,2,5,6,6,5,1,f6fef8bea11f084ff89f31b7a90d21a0892b9299870d371ff29f22817222fb60,c160d54a74f699e402f039ee7ad277882a6d415df99005423a367f0c266777bb,0.0,0.7037527982638414,0.13619923041234674,False,0.98039,0.98039,0.98034,0.9488195214704485,0.9809969099083358,225,1050,1,1,1
L_f1_W0,primary_full_coverage,freetype__char2svg,BL,51,3,1,6,9,6,3,f6fef8bea11f084ff89f31b7a90d21a0892b9299870d371ff29f22817222fb60,c735b09b49254fecdeff8ffdb4bcae4eda247612e906a5f28b82a17862cf5863,0.0,0.8265615964185504,0.13055966904117838,False,1.0,0.90196,0.94066,0.8963414634146342,0.9809969099083358,225,1050,2,0,0
L_f1_W0,primary_full_coverage,freetype__char2svg,BL,51,3,2,6,6,5,1,f6fef8bea11f084ff89f31b7a90d21a0892b9299870d371ff29f22817222fb60,c160d54a74f699e402f039ee7ad277882a6d415df99005423a367f0c266777bb,0.0,0.7117047733925733,0.12079727954275614,False,0.98039,0.98039,0.98034,0.9488195214704485,0.9809969099083358,225,1050,1,1,1
L_f1_W0,primary_full_coverage,freetype__char2svg,BL,51,3,3,6,6,5,1,f6fef8bea11f084ff89f31b7a90d21a0892b9299870d371ff29f22817222fb60,c160d54a74f699e402f039ee7ad277882a6d415df99005423a367f0c266777bb,0.0,0.7080402899393649,0.1975812342943823,False,0.98039,0.98039,0.98034,0.9488195214704485,0.9809969099083358,225,1050,1,1,1
L_f1_W0,primary_full_coverage,freetype__char2svg,BL,51,3,5,6,6,5,1,f6fef8bea11f084ff89f31b7a90d21a0892b9299870d371ff29f22817222fb60,c160d54a74f699e402f039ee7ad277882a6d415df99005423a367f0c266777bb,0.0,0.7037527982638414,0.13629708973396182,False,0.98039,0.98039,0.98034,0.9488195214704485,0.9809969099083358,225,1050,1,1,1
L_f1_W0,primary_full_coverage,freetype__char2svg,BL,51,4,1,6,6,5,1,f6fef8bea11f084ff89f31b7a90d21a0892b9299870d371ff29f22817222fb60,c160d54a74f699e402f039ee7ad277882a6d415df99005423a367f0c266777bb,0.0,0.7232245927852489,0.19653902702804277,False,0.98039,0.98039,0.98034,0.9488195214704485,0.9809969099083358,225,1050,1,1,1
L_f1_W0,primary_full_coverage,freetype__char2svg,BL,51,4,2,6,6,5,1,f6fef8bea11f084ff89f31b7a90d21a0892b9299870d371ff29f22817222fb60,c160d54a74f699e402f039ee7ad277882a6d415df99005423a367f0c266777bb,0.0,0.7117047733925733,0.18816983131390316,False,0.98039,0.98039,0.98034,0.9488195214704485,0.9809969099083358,225,1050,1,1,1
L_f1_W0,primary_full_coverage,freetype__char2svg,BL,51,4,3,6,6,5,1,f6fef8bea11f084ff89f31b7a90d21a0892b9299870d371ff29f22817222fb60,c160d54a74f699e402f039ee7ad277882a6d415df99005423a367f0c266777bb,0.0,0.7080402899393649,0.1953290945663501,False,0.98039,0.98039,0.98034,0.9488195214704485,0.9809969099083358,225,1050,1,1,1
L_f1_W0,primary_full_coverage,freetype__char2svg,BL,51,4,5,6,6,5,1,f6fef8bea11f084ff89f31b7a90d21a0892b9299870d371ff29f22817222fb60,c160d54a74f699e402f039ee7ad277882a6d415df99005423a367f0c266777bb,0.0,0.7037527982638414,0.138389531353014,False,0.98039,0.98039,0.98034,0.9488195214704485,0.9809969099083358,225,1050,1,1,1
L_f1_W0,primary_full_coverage,freetype__char2svg,BL,51,5,1,6,6,5,1,f6fef8bea11f084ff89f31b7a90d21a0892b9299870d371ff29f22817222fb60,c160d54a74f699e402f039ee7ad277882a6d415df99005423a367f0c266777bb,0.0,0.7232245927852489,0.14410011134575237,False,0.98039,0.98039,0.98034,0.9488195214704485,0.9809969099083358,225,1050,1,1,1
L_f1_W0,primary_full_coverage,freetype__char2svg,BL,51,5,2,6,6,5,1,f6fef8bea11f084ff89f31b7a90d21a0892b9299870d371ff29f22817222fb60,c160d54a74f699e402f039ee7ad277882a6d415df99005423a367f0c266777bb,0.0,0.7117047733925733,0.1464625911083975,False,0.98039,0.98039,0.98034,0.9488195214704485,0.9809969099083358,225,1050,1,1,1
L_f1_W0,primary_full_coverage,freetype__char2svg,BL,51,5,3,6,6,5,1,f6fef8bea11f084ff89f31b7a90d21a0892b9299870d371ff29f22817222fb60,c160d54a74f699e402f039ee7ad277882a6d415df99005423a367f0c266777bb,0.0,0.7080402899393649,0.14793340011471645,False,0.98039,0.98039,0.98034,0.9488195214704485,0.9809969099083358,225,1050,1,1,1
L_f1_W0,primary_full_coverage,freetype__char2svg,BL,51,5,5,6,6,5,1,f6fef8bea11f084ff89f31b7a90d21a0892b9299870d371ff29f22817222fb60,c160d54a74f699e402f039ee7ad277882a6d415df99005423a367f0c266777bb,0.0,0.7037527982638414,0.14927114433503508,False,0.98039,0.98039,0.98034,0.9488195214704485,0.9809969099083358,225,1050,1,1,1
L_f1_W0,primary_full_coverage,freetype__char2svg,BL,51,8,1,6,6,5,1,f6fef8bea11f084ff89f31b7a90d21a0892b9299870d371ff29f22817222fb60,c160d54a74f699e402f039ee7ad277882a6d415df99005423a367f0c266777bb,0.0,0.7232245927852489,0.717251962791232,False,0.98039,0.98039,0.98034,0.9488195214704485,0.9809969099083358,225,1050,1,1,1
L_f1_W0,primary_full_coverage,freetype__char2svg,BL,51,8,2,6,6,5,1,f6fef8bea11f084ff89f31b7a90d21a0892b9299870d371ff29f22817222fb60,c160d54a74f699e402f039ee7ad277882a6d415df99005423a367f0c266777bb,0.0,0.7117047733925733,0.7045332429418272,False,0.98039,0.98039,0.98034,0.9488195214704485,0.9809969099083358,225,1050,1,1,1
L_f1_W0,primary_full_coverage,freetype__char2svg,BL,51,8,3,6,6,5,1,f6fef8bea11f084ff89f31b7a90d21a0892b9299870d371ff29f22817222fb60,c160d54a74f699e402f039ee7ad277882a6d415df99005423a367f0c266777bb,0.0,0.7080402899393649,0.7006579513184965,False,0.98039,0.98039,0.98034,0.9488195214704485,0.9809969099083358,225,1050,1,1,1
L_f1_W0,primary_full_coverage,freetype__char2svg,BL,51,8,5,6,6,5,1,f6fef8bea11f084ff89f31b7a90d21a0892b9299870d371ff29f22817222fb60,c160d54a74f699e402f039ee7ad277882a6d415df99005423a367f0c266777bb,0.0,0.7037527982638414,0.711726810851073,False,0.98039,0.98039,0.98034,0.9488195214704485,0.9809969099083358,225,1050,1,1,1
L_f1_W0,primary_full_coverage,freetype__char2svg,BD4,51,2,1,6,15,9,6,e2a7974a2fdfcdd920904f860b52148edaaa6529b8236988d19e490f887ea158,4c41fce82e37ee903a0e7e9183e656b9d170db1e19b28c44577c063fc1a7ba4c,0.0,0.5491615781599153,1.0,False,1.0,0.70588,0.79638,0.6965438663121915,1.0,225,1050,3,0,0
L_f1_W0,primary_full_coverage,freetype__char2svg,BD4,51,2,2,6,9,6,3,e2a7974a2fdfcdd920904f860b52148edaaa6529b8236988d19e490f887ea158,30295a1958b4b00d1db4465de06eb6e168efe9e487aee30edb43e2edbc3208ca,0.0,0.7540032209232623,0.12580766227690146,False,1.0,0.92157,0.95098,0.9175723123223541,1.0,225,1050,1,0,0
L_f1_W0,primary_full_coverage,freetype__char2svg,BD4,51,2,3,6,6,5,1,e2a7974a2fdfcdd920904f860b52148edaaa6529b8236988d19e490f887ea158,77fa88606dd22ca52f2063a2ff13fc15e39cc7e095d018b598b015a28f352eaa,0.0,0.7995308570071878,0.18518200400839308,False,1.0,1.0,1.0,1.0,1.0,225,1050,0,0,0
L_f1_W0,primary_full_coverage,freetype__char2svg,BD4,51,2,5,6,6,5,1,e2a7974a2fdfcdd920904f860b52148edaaa6529b8236988d19e490f887ea158,77fa88606dd22ca52f2063a2ff13fc15e39cc7e095d018b598b015a28f352eaa,0.0,0.792996796425399,0.14435926676284935,False,1.0,1.0,1.0,1.0,1.0,225,1050,0,0,0
L_f1_W0,primary_full_coverage,freetype__char2svg,BD4,51,3,1,6,8,6,2,e2a7974a2fdfcdd920904f860b52148edaaa6529b8236988d19e490f887ea158,c157d9495cd5c699c25a0b89d935e0618da9245a211049d14ab61f24dd23d439,0.0,0.7765454565357832,0.12942458267390025,False,1.0,0.92157,0.95098,0.9235382308845578,1.0,225,1050,1,0,0
L_f1_W0,primary_full_coverage,freetype__char2svg,BD4,51,3,2,6,6,5,1,e2a7974a2fdfcdd920904f860b52148edaaa6529b8236988d19e490f887ea158,77fa88606dd22ca52f2063a2ff13fc15e39cc7e095d018b598b015a28f352eaa,0.0,0.8062029734029467,0.12367141342595431,False,1.0,1.0,1.0,1.0,1.0,225,1050,0,0,0
L_f1_W0,primary_full_coverage,freetype__char2svg,BD4,51,3,3,6,6,5,1,e2a7974a2fdfcdd920904f860b52148edaaa6529b8236988d19e490f887ea158,77fa88606dd22ca52f2063a2ff13fc15e39cc7e095d018b598b015a28f352eaa,0.0,0.7995308570071878,0.20457827345381235,False,1.0,1.0,1.0,1.0,1.0,225,1050,0,0,0
L_f1_W0,primary_full_coverage,freetype__char2svg,BD4,51,3,5,6,6,5,1,e2a7974a2fdfcdd920904f860b52148edaaa6529b8236988d19e490f887ea158,77fa88606dd22ca52f2063a2ff13fc15e39cc7e095d018b598b015a28f352eaa,0.0,0.792996796425399,0.1444890393888933,False,1.0,1.0,1.0,1.0,1.0,225,1050,0,0,0
L_f1_W0,primary_full_coverage,freetype__char2svg,BD4,51,4,1,6,6,5,1,e2a7974a2fdfcdd920904f860b52148edaaa6529b8236988d19e490f887ea158,77fa88606dd22ca52f2063a2ff13fc15e39cc7e095d018b598b015a28f352eaa,0.0,0.834757250186428,0.2034427283404742,False,1.0,1.0,1.0,1.0,1.0,225,1050,0,0,0
L_f1_W0,primary_full_coverage,freetype__char2svg,BD4,51,4,2,6,6,5,1,e2a7974a2fdfcdd920904f860b52148edaaa6529b8236988d19e490f887ea158,77fa88606dd22ca52f2063a2ff13fc15e39cc7e095d018b598b015a28f352eaa,0.0,0.8062029734029467,0.19433684509575155,False,1.0,1.0,1.0,1.0,1.0,225,1050,0,0,0
L_f1_W0,primary_full_coverage,freetype__char2svg,BD4,51,4,3,6,6,5,1,e2a7974a2fdfcdd920904f860b52148edaaa6529b8236988d19e490f887ea158,77fa88606dd22ca52f2063a2ff13fc15e39cc7e095d018b598b015a28f352eaa,0.0,0.7995308570071878,0.20200936370343864,False,1.0,1.0,1.0,1.0,1.0,225,1050,0,0,0
L_f1_W0,primary_full_coverage,freetype__char2svg,BD4,51,4,5,6,6,5,1,e2a7974a2fdfcdd920904f860b52148edaaa6529b8236988d19e490f887ea158,77fa88606dd22ca52f2063a2ff13fc15e39cc7e095d018b598b015a28f352eaa,0.0,0.792996796425399,0.14669011280721533,False,1.0,1.0,1.0,1.0,1.0,225,1050,0,0,0
L_f1_W0,primary_full_coverage,freetype__char2svg,BD4,51,5,1,6,6,5,1,e2a7974a2fdfcdd920904f860b52148edaaa6529b8236988d19e490f887ea158,77fa88606dd22ca52f2063a2ff13fc15e39cc7e095d018b598b015a28f352eaa,0.0,0.834757250186428,0.15244014090373043,False,1.0,1.0,1.0,1.0,1.0,225,1050,0,0,0
L_f1_W0,primary_full_coverage,freetype__char2svg,BD4,51,5,2,6,6,5,1,e2a7974a2fdfcdd920904f860b52148edaaa6529b8236988d19e490f887ea158,77fa88606dd22ca52f2063a2ff13fc15e39cc7e095d018b598b015a28f352eaa,0.0,0.8062029734029467,0.15529739456895708,False,1.0,1.0,1.0,1.0,1.0,225,1050,0,0,0
L_f1_W0,primary_full_coverage,freetype__char2svg,BD4,51,5,3,6,6,5,1,e2a7974a2fdfcdd920904f860b52148edaaa6529b8236988d19e490f887ea158,77fa88606dd22ca52f2063a2ff13fc15e39cc7e095d018b598b015a28f352eaa,0.0,0.7995308570071878,0.15669635160866283,False,1.0,1.0,1.0,1.0,1.0,225,1050,0,0,0
L_f1_W0,primary_full_coverage,freetype__char2svg,BD4,51,5,5,6,6,5,1,e2a7974a2fdfcdd920904f860b52148edaaa6529b8236988d19e490f887ea158,77fa88606dd22ca52f2063a2ff13fc15e39cc7e095d018b598b015a28f352eaa,0.0,0.792996796425399,0.1577217681313773,False,1.0,1.0,1.0,1.0,1.0,225,1050,0,0,0
L_f1_W0,primary_full_coverage,freetype__char2svg,BD4,51,8,1,6,6,5,1,e2a7974a2fdfcdd920904f860b52148edaaa6529b8236988d19e490f887ea158,77fa88606dd22ca52f2063a2ff13fc15e39cc7e095d018b598b015a28f352eaa,0.0,0.834757250186428,0.7247054427077232,False,1.0,1.0,1.0,1.0,1.0,225,1050,0,0,0
L_f1_W0,primary_full_coverage,freetype__char2svg,BD4,51,8,2,6,6,5,1,e2a7974a2fdfcdd920904f860b52148edaaa6529b8236988d19e490f887ea158,77fa88606dd22ca52f2063a2ff13fc15e39cc7e095d018b598b015a28f352eaa,0.0,0.8062029734029467,0.6997324673050547,False,1.0,1.0,1.0,1.0,1.0,225,1050,0,0,0
L_f1_W0,primary_full_coverage,freetype__char2svg,BD4,51,8,3,6,6,5,1,e2a7974a2fdfcdd920904f860b52148edaaa6529b8236988d19e490f887ea158,77fa88606dd22ca52f2063a2ff13fc15e39cc7e095d018b598b015a28f352eaa,0.0,0.7995308570071878,0.6806628863819093,False,1.0,1.0,1.0,1.0,1.0,225,1050,0,0,0
L_f1_W0,primary_full_coverage,freetype__char2svg,BD4,51,8,5,6,6,5,1,e2a7974a2fdfcdd920904f860b52148edaaa6529b8236988d19e490f887ea158,77fa88606dd22ca52f2063a2ff13fc15e39cc7e095d018b598b015a28f352eaa,0.0,0.792996796425399,0.703501749914078,False,1.0,1.0,1.0,1.0,1.0,225,1050,0,0,0
L_f1_W0,primary_full_coverage,freetype__char2svg,BLD4,51,2,1,6,16,8,8,ae0b0bc0c8c5169aa5e18ae77e95fa366970e6f77af8946854f16f4eb9bcf11f,21e5c2033965086df86c1e34285f38cc7ee2dd76b5d6247271c57705527b6f12,0.0,0.5703354108046024,1.0,False,1.0,0.70588,0.79638,0.69267364414843,1.0,225,1050,3,0,0
L_f1_W0,primary_full_coverage,freetype__char2svg,BLD4,51,2,2,6,9,6,3,ae0b0bc0c8c5169aa5e18ae77e95fa366970e6f77af8946854f16f4eb9bcf11f,dfd9a6d50e4af468c0c9b665469f0c56912d60fd120e9732b9babb6b355650cf,0.0,0.6558698934390705,0.1261911715490931,False,1.0,0.92157,0.95098,0.9175723123223541,1.0,225,1050,1,0,0
L_f1_W0,primary_full_coverage,freetype__char2svg,BLD4,51,2,3,6,6,5,1,ae0b0bc0c8c5169aa5e18ae77e95fa366970e6f77af8946854f16f4eb9bcf11f,26795d85f1c53854c2b93730488ac418620dbdfcf912d05a2e6feecb6931561a,0.0,0.7184468378074004,0.1861618427412163,False,1.0,1.0,1.0,1.0,1.0,225,1050,0,0,0
L_f1_W0,primary_full_coverage,freetype__char2svg,BLD4,51,2,5,6,6,5,1,ae0b0bc0c8c5169aa5e18ae77e95fa366970e6f77af8946854f16f4eb9bcf11f,26795d85f1c53854c2b93730488ac418620dbdfcf912d05a2e6feecb6931561a,0.0,0.7154699025067213,0.1454180393293148,False,1.0,1.0,1.0,1.0,1.0,225,1050,0,0,0
L_f1_W0,primary_full_coverage,freetype__char2svg,BLD4,51,3,1,6,8,6,2,ae0b0bc0c8c5169aa5e18ae77e95fa366970e6f77af8946854f16f4eb9bcf11f,cd1bfb121b02e5ceea9b30a79cef5e65327aa9aec03f9019e79ee4c06343ee2a,0.0,0.6738592206562838,0.1298061798266468,False,1.0,0.92157,0.95098,0.9235382308845578,1.0,225,1050,1,0,0
L_f1_W0,primary_full_coverage,freetype__char2svg,BLD4,51,3,2,6,6,5,1,ae0b0bc0c8c5169aa5e18ae77e95fa366970e6f77af8946854f16f4eb9bcf11f,26795d85f1c53854c2b93730488ac418620dbdfcf912d05a2e6feecb6931561a,0.0,0.7226494835637615,0.12415037373478299,False,1.0,1.0,1.0,1.0,1.0,225,1050,0,0,0
L_f1_W0,primary_full_coverage,freetype__char2svg,BLD4,51,3,3,6,6,5,1,ae0b0bc0c8c5169aa5e18ae77e95fa366970e6f77af8946854f16f4eb9bcf11f,26795d85f1c53854c2b93730488ac418620dbdfcf912d05a2e6feecb6931561a,0.0,0.7184468378074004,0.20572666404251322,False,1.0,1.0,1.0,1.0,1.0,225,1050,0,0,0
L_f1_W0,primary_full_coverage,freetype__char2svg,BLD4,51,3,5,6,6,5,1,ae0b0bc0c8c5169aa5e18ae77e95fa366970e6f77af8946854f16f4eb9bcf11f,26795d85f1c53854c2b93730488ac418620dbdfcf912d05a2e6feecb6931561a,0.0,0.7154699025067213,0.14544375182979424,False,1.0,1.0,1.0,1.0,1.0,225,1050,0,0,0
L_f1_W0,primary_full_coverage,freetype__char2svg,BLD4,51,4,1,6,6,5,1,ae0b0bc0c8c5169aa5e18ae77e95fa366970e6f77af8946854f16f4eb9bcf11f,26795d85f1c53854c2b93730488ac418620dbdfcf912d05a2e6feecb6931561a,0.0,0.737155031917004,0.20432750870204225,False,1.0,1.0,1.0,1.0,1.0,225,1050,0,0,0
L_f1_W0,primary_full_coverage,freetype__char2svg,BLD4,51,4,2,6,6,5,1,ae0b0bc0c8c5169aa5e18ae77e95fa366970e6f77af8946854f16f4eb9bcf11f,26795d85f1c53854c2b93730488ac418620dbdfcf912d05a2e6feecb6931561a,0.0,0.7226494835637615,0.19522392749880355,False,1.0,1.0,1.0,1.0,1.0,225,1050,0,0,0
L_f1_W0,primary_full_coverage,freetype__char2svg,BLD4,51,4,3,6,6,5,1,ae0b0bc0c8c5169aa5e18ae77e95fa366970e6f77af8946854f16f4eb9bcf11f,26795d85f1c53854c2b93730488ac418620dbdfcf912d05a2e6feecb6931561a,0.0,0.7184468378074004,0.20314694815575246,False,1.0,1.0,1.0,1.0,1.0,225,1050,0,0,0
L_f1_W0,primary_full_coverage,freetype__char2svg,BLD4,51,4,5,6,6,5,1,ae0b0bc0c8c5169aa5e18ae77e95fa366970e6f77af8946854f16f4eb9bcf11f,26795d85f1c53854c2b93730488ac418620dbdfcf912d05a2e6feecb6931561a,0.0,0.7154699025067213,0.1477044262753022,False,1.0,1.0,1.0,1.0,1.0,225,1050,0,0,0
L_f1_W0,primary_full_coverage,freetype__char2svg,BLD4,51,5,1,6,6,5,1,ae0b0bc0c8c5169aa5e18ae77e95fa366970e6f77af8946854f16f4eb9bcf11f,26795d85f1c53854c2b93730488ac418620dbdfcf912d05a2e6feecb6931561a,0.0,0.737155031917004,0.15315534196478248,False,1.0,1.0,1.0,1.0,1.0,225,1050,0,0,0
L_f1_W0,primary_full_coverage,freetype__char2svg,BLD4,51,5,2,6,6,5,1,ae0b0bc0c8c5169aa5e18ae77e95fa366970e6f77af8946854f16f4eb9bcf11f,26795d85f1c53854c2b93730488ac418620dbdfcf912d05a2e6feecb6931561a,0.0,0.7226494835637615,0.15599780457632043,False,1.0,1.0,1.0,1.0,1.0,225,1050,0,0,0
L_f1_W0,primary_full_coverage,freetype__char2svg,BLD4,51,5,3,6,6,5,1,ae0b0bc0c8c5169aa5e18ae77e95fa366970e6f77af8946854f16f4eb9bcf11f,26795d85f1c53854c2b93730488ac418620dbdfcf912d05a2e6feecb6931561a,0.0,0.7184468378074004,0.15766181270984475,False,1.0,1.0,1.0,1.0,1.0,225,1050,0,0,0
L_f1_W0,primary_full_coverage,freetype__char2svg,BLD4,51,5,5,6,6,5,1,ae0b0bc0c8c5169aa5e18ae77e95fa366970e6f77af8946854f16f4eb9bcf11f,26795d85f1c53854c2b93730488ac418620dbdfcf912d05a2e6feecb6931561a,0.0,0.7154699025067213,0.15888247341334197,False,1.0,1.0,1.0,1.0,1.0,225,1050,0,0,0
L_f1_W0,primary_full_coverage,freetype__char2svg,BLD4,51,8,1,6,6,5,1,ae0b0bc0c8c5169aa5e18ae77e95fa366970e6f77af8946854f16f4eb9bcf11f,26795d85f1c53854c2b93730488ac418620dbdfcf912d05a2e6feecb6931561a,0.0,0.737155031917004,0.7414457344268743,False,1.0,1.0,1.0,1.0,1.0,225,1050,0,0,0
L_f1_W0,primary_full_coverage,freetype__char2svg,BLD4,51,8,2,6,6,5,1,ae0b0bc0c8c5169aa5e18ae77e95fa366970e6f77af8946854f16f4eb9bcf11f,26795d85f1c53854c2b93730488ac418620dbdfcf912d05a2e6feecb6931561a,0.0,0.7226494835637615,0.7057660972698508,False,1.0,1.0,1.0,1.0,1.0,225,1050,0,0,0
L_f1_W0,primary_full_coverage,freetype__char2svg,BLD4,51,8,3,6,6,5,1,ae0b0bc0c8c5169aa5e18ae77e95fa366970e6f77af8946854f16f4eb9bcf11f,26795d85f1c53854c2b93730488ac418620dbdfcf912d05a2e6feecb6931561a,0.0,0.7184468378074004,0.7003116580091817,False,1.0,1.0,1.0,1.0,1.0,225,1050,0,0,0
L_f1_W0,primary_full_coverage,freetype__char2svg,BLD4,51,8,5,6,6,5,1,ae0b0bc0c8c5169aa5e18ae77e95fa366970e6f77af8946854f16f4eb9bcf11f,26795d85f1c53854c2b93730488ac418620dbdfcf912d05a2e6feecb6931561a,0.0,0.7154699025067213,0.7251284573570962,False,1.0,1.0,1.0,1.0,1.0,225,1050,0,0,0
L_f1_W0,primary_full_coverage,poppler__pdfimages,B,40,2,1,4,13,11,2,ae9c43363c0ce3d15f18a1a7a4f0b2fe4ccf86b44058e9e6d7f4898e7963f325,377fbedc457666dc2f5c5eada539ce76f47f44e6c625141b752299e0271725f8,0.0,0.4897957203646249,1.0,False,1.0,0.55,0.68635,0.48884165781083955,1.0,180,600,4,0,0
L_f1_W0,primary_full_coverage,poppler__pdfimages,B,40,2,2,4,8,7,1,ae9c43363c0ce3d15f18a1a7a4f0b2fe4ccf86b44058e9e6d7f4898e7963f325,747ad1dbfe9dfb895536c878609e744a2bd12ebd0c85f9546dd855fc958b1875,0.0,0.4733420604118006,1.0,False,1.0,0.7,0.81005,0.6878650227125244,1.0,180,600,3,0,0
L_f1_W0,primary_full_coverage,poppler__pdfimages,B,40,2,3,4,5,5,0,ae9c43363c0ce3d15f18a1a7a4f0b2fe4ccf86b44058e9e6d7f4898e7963f325,91bb4cdedcdd6b016940b37535d245bc93148b5b2cd8b462c337d81fa7e9092a,0.0,0.450698346647742,0.16830879977025875,False,1.0,0.9,0.9375,0.9090909090909091,1.0,180,600,1,0,0
L_f1_W0,primary_full_coverage,poppler__pdfimages,B,40,2,5,4,4,4,0,ae9c43363c0ce3d15f18a1a7a4f0b2fe4ccf86b44058e9e6d7f4898e7963f325,3c303e8588976c1374218400bece6f78ca37f2f8dc04111ea5caa9ae59554a23,0.0,0.6205526933439979,0.547537350299493,False,1.0,1.0,1.0,1.0,1.0,180,600,0,0,0
L_f1_W0,primary_full_coverage,poppler__pdfimages,B,40,3,1,4,8,7,1,ae9c43363c0ce3d15f18a1a7a4f0b2fe4ccf86b44058e9e6d7f4898e7963f325,747ad1dbfe9dfb895536c878609e744a2bd12ebd0c85f9546dd855fc958b1875,0.0,0.48693266488770226,1.0,False,1.0,0.7,0.81005,0.6878650227125244,1.0,180,600,3,0,0
L_f1_W0,primary_full_coverage,poppler__pdfimages,B,40,3,2,4,8,7,1,ae9c43363c0ce3d15f18a1a7a4f0b2fe4ccf86b44058e9e6d7f4898e7963f325,747ad1dbfe9dfb895536c878609e744a2bd12ebd0c85f9546dd855fc958b1875,0.0,0.4733420604118006,1.0,False,1.0,0.7,0.81005,0.6878650227125244,1.0,180,600,3,0,0
L_f1_W0,primary_full_coverage,poppler__pdfimages,B,40,3,3,4,5,5,0,ae9c43363c0ce3d15f18a1a7a4f0b2fe4ccf86b44058e9e6d7f4898e7963f325,91bb4cdedcdd6b016940b37535d245bc93148b5b2cd8b462c337d81fa7e9092a,0.0,0.450698346647742,0.16808579794998754,False,1.0,0.9,0.9375,0.9090909090909091,1.0,180,600,1,0,0
L_f1_W0,primary_full_coverage,poppler__pdfimages,B,40,3,5,4,4,4,0,ae9c43363c0ce3d15f18a1a7a4f0b2fe4ccf86b44058e9e6d7f4898e7963f325,3c303e8588976c1374218400bece6f78ca37f2f8dc04111ea5caa9ae59554a23,0.0,0.6205526933439979,0.5502677085174886,False,1.0,1.0,1.0,1.0,1.0,180,600,0,0,0
L_f1_W0,primary_full_coverage,poppler__pdfimages,B,40,4,1,4,5,5,0,ae9c43363c0ce3d15f18a1a7a4f0b2fe4ccf86b44058e9e6d7f4898e7963f325,91bb4cdedcdd6b016940b37535d245bc93148b5b2cd8b462c337d81fa7e9092a,0.0,0.46933821339971615,0.1777085749579227,False,1.0,0.9,0.9375,0.9090909090909091,1.0,180,600,1,0,0
L_f1_W0,primary_full_coverage,poppler__pdfimages,B,40,4,2,4,5,5,0,ae9c43363c0ce3d15f18a1a7a4f0b2fe4ccf86b44058e9e6d7f4898e7963f325,91bb4cdedcdd6b016940b37535d245bc93148b5b2cd8b462c337d81fa7e9092a,0.0,0.4668397927568522,0.1775168458265651,False,1.0,0.9,0.9375,0.9090909090909091,1.0,180,600,1,0,0
L_f1_W0,primary_full_coverage,poppler__pdfimages,B,40,4,3,4,5,5,0,ae9c43363c0ce3d15f18a1a7a4f0b2fe4ccf86b44058e9e6d7f4898e7963f325,91bb4cdedcdd6b016940b37535d245bc93148b5b2cd8b462c337d81fa7e9092a,0.0,0.450698346647742,0.16806519291956057,False,1.0,0.9,0.9375,0.9090909090909091,1.0,180,600,1,0,0
L_f1_W0,primary_full_coverage,poppler__pdfimages,B,40,4,5,4,4,4,0,ae9c43363c0ce3d15f18a1a7a4f0b2fe4ccf86b44058e9e6d7f4898e7963f325,3c303e8588976c1374218400bece6f78ca37f2f8dc04111ea5caa9ae59554a23,0.0,0.6205526933439979,0.5444124202471796,False,1.0,1.0,1.0,1.0,1.0,180,600,0,0,0
L_f1_W0,primary_full_coverage,poppler__pdfimages,B,40,5,1,4,4,4,0,ae9c43363c0ce3d15f18a1a7a4f0b2fe4ccf86b44058e9e6d7f4898e7963f325,3c303e8588976c1374218400bece6f78ca37f2f8dc04111ea5caa9ae59554a23,0.0,0.6531442294116495,0.14678847280010562,False,1.0,1.0,1.0,1.0,1.0,180,600,0,0,0
L_f1_W0,primary_full_coverage,poppler__pdfimages,B,40,5,2,4,4,4,0,ae9c43363c0ce3d15f18a1a7a4f0b2fe4ccf86b44058e9e6d7f4898e7963f325,3c303e8588976c1374218400bece6f78ca37f2f8dc04111ea5caa9ae59554a23,0.0,0.6506458087687856,0.14652361077598577,False,1.0,1.0,1.0,1.0,1.0,180,600,0,0,0
L_f1_W0,primary_full_coverage,poppler__pdfimages,B,40,5,3,4,4,4,0,ae9c43363c0ce3d15f18a1a7a4f0b2fe4ccf86b44058e9e6d7f4898e7963f325,3c303e8588976c1374218400bece6f78ca37f2f8dc04111ea5caa9ae59554a23,0.0,0.6346214767957183,0.1511622217883478,False,1.0,1.0,1.0,1.0,1.0,180,600,0,0,0
L_f1_W0,primary_full_coverage,poppler__pdfimages,B,40,5,5,4,4,4,0,ae9c43363c0ce3d15f18a1a7a4f0b2fe4ccf86b44058e9e6d7f4898e7963f325,3c303e8588976c1374218400bece6f78ca37f2f8dc04111ea5caa9ae59554a23,0.0,0.6205526933439979,0.5425795201746861,False,1.0,1.0,1.0,1.0,1.0,180,600,0,0,0
L_f1_W0,primary_full_coverage,poppler__pdfimages,B,40,8,1,4,4,4,0,ae9c43363c0ce3d15f18a1a7a4f0b2fe4ccf86b44058e9e6d7f4898e7963f325,3c303e8588976c1374218400bece6f78ca37f2f8dc04111ea5caa9ae59554a23,0.0,0.6531442294116495,0.5028495464554599,False,1.0,1.0,1.0,1.0,1.0,180,600,0,0,0
L_f1_W0,primary_full_coverage,poppler__pdfimages,B,40,8,2,4,4,4,0,ae9c43363c0ce3d15f18a1a7a4f0b2fe4ccf86b44058e9e6d7f4898e7963f325,3c303e8588976c1374218400bece6f78ca37f2f8dc04111ea5caa9ae59554a23,0.0,0.6506458087687856,0.4925250025134327,False,1.0,1.0,1.0,1.0,1.0,180,600,0,0,0
L_f1_W0,primary_full_coverage,poppler__pdfimages,B,40,8,3,4,4,4,0,ae9c43363c0ce3d15f18a1a7a4f0b2fe4ccf86b44058e9e6d7f4898e7963f325,3c303e8588976c1374218400bece6f78ca37f2f8dc04111ea5caa9ae59554a23,0.0,0.6346214767957183,0.4868370921254296,False,1.0,1.0,1.0,1.0,1.0,180,600,0,0,0
L_f1_W0,primary_full_coverage,poppler__pdfimages,B,40,8,5,4,4,4,0,ae9c43363c0ce3d15f18a1a7a4f0b2fe4ccf86b44058e9e6d7f4898e7963f325,3c303e8588976c1374218400bece6f78ca37f2f8dc04111ea5caa9ae59554a23,0.0,0.6205526933439979,0.4884964867508864,False,1.0,1.0,1.0,1.0,1.0,180,600,0,0,0
L_f1_W0,primary_full_coverage,poppler__pdfimages,BL,40,2,1,4,13,11,2,5cc55733daa610b6e1f4f65139a1c003afb6f283553cc9f515d97912979260ba,9b55efe3726e3ebcc19b8b9a24e0befaa61d35b3dc3efa2b7ba6bff1c4bd201b,0.0,0.5282070226251033,1.0,False,1.0,0.525,0.66796,0.47109207708779444,0.9250214192713048,180,600,4,0,0
L_f1_W0,primary_full_coverage,poppler__pdfimages,BL,40,2,2,4,8,7,1,5cc55733daa610b6e1f4f65139a1c003afb6f283553cc9f515d97912979260ba,24cdf0b4fb1cde4439e716c07602202edda13783991ca25b686e43a82c95c132,0.0,0.5516196206052719,1.0,False,1.0,0.675,0.79167,0.6729826853969291,0.9250214192713048,180,600,3,0,0
L_f1_W0,primary_full_coverage,poppler__pdfimages,BL,40,2,3,4,6,6,0,5cc55733daa610b6e1f4f65139a1c003afb6f283553cc9f515d97912979260ba,e79f1caf57777ffffaf0f4d7612c054cbd3833b663a0909bc47ab25be8d078fa,0.0,0.6969320453022083,0.1437378685137199,False,1.0,0.8,0.875,0.8088235294117647,0.9250214192713048,180,600,2,0,0
L_f1_W0,primary_full_coverage,poppler__pdfimages,BL,40,2,5,4,4,4,0,5cc55733daa610b6e1f4f65139a1c003afb6f283553cc9f515d97912979260ba,c366b22a6b7d9df89b4d9822637a85fbe4688623ccd26f1f36b945c1dcc6b535,0.0,0.6124569788244365,0.6147598520264619,False,0.9,0.9,0.89583,0.7758620689655172,0.9250214192713048,180,600,1,1,1
L_f1_W0,primary_full_coverage,poppler__pdfimages,BL,40,3,1,4,8,7,1,5cc55733daa610b6e1f4f65139a1c003afb6f283553cc9f515d97912979260ba,24cdf0b4fb1cde4439e716c07602202edda13783991ca25b686e43a82c95c132,0.0,0.5541239029435641,1.0,False,1.0,0.675,0.79167,0.6729826853969291,0.9250214192713048,180,600,3,0,0
L_f1_W0,primary_full_coverage,poppler__pdfimages,BL,40,3,2,4,8,7,1,5cc55733daa610b6e1f4f65139a1c003afb6f283553cc9f515d97912979260ba,24cdf0b4fb1cde4439e716c07602202edda13783991ca25b686e43a82c95c132,0.0,0.5516196206052719,1.0,False,1.0,0.675,0.79167,0.6729826853969291,0.9250214192713048,180,600,3,0,0
L_f1_W0,primary_full_coverage,poppler__pdfimages,BL,40,3,3,4,6,6,0,5cc55733daa610b6e1f4f65139a1c003afb6f283553cc9f515d97912979260ba,e79f1caf57777ffffaf0f4d7612c054cbd3833b663a0909bc47ab25be8d078fa,0.0,0.6969320453022083,0.14300294126977078,False,1.0,0.8,0.875,0.8088235294117647,0.9250214192713048,180,600,2,0,0
L_f1_W0,primary_full_coverage,poppler__pdfimages,BL,40,3,5,4,4,4,0,5cc55733daa610b6e1f4f65139a1c003afb6f283553cc9f515d97912979260ba,c366b22a6b7d9df89b4d9822637a85fbe4688623ccd26f1f36b945c1dcc6b535,0.0,0.6124569788244365,0.6135220465401409,False,0.9,0.9,0.89583,0.7758620689655172,0.9250214192713048,180,600,1,1,1
L_f1_W0,primary_full_coverage,poppler__pdfimages,BL,40,4,1,4,6,6,0,5cc55733daa610b6e1f4f65139a1c003afb6f283553cc9f515d97912979260ba,e79f1caf57777ffffaf0f4d7612c054cbd3833b663a0909bc47ab25be8d078fa,0.0,0.7005971341300112,0.15156576592083962,False,1.0,0.8,0.875,0.8088235294117647,0.9250214192713048,180,600,2,0,0
L_f1_W0,primary_full_coverage,poppler__pdfimages,BL,40,4,2,4,6,6,0,5cc55733daa610b6e1f4f65139a1c003afb6f283553cc9f515d97912979260ba,e79f1caf57777ffffaf0f4d7612c054cbd3833b663a0909bc47ab25be8d078fa,0.0,0.6985457632595929,0.15138797425049846,False,1.0,0.8,0.875,0.8088235294117647,0.9250214192713048,180,600,2,0,0
L_f1_W0,primary_full_coverage,poppler__pdfimages,BL,40,4,3,4,6,6,0,5cc55733daa610b6e1f4f65139a1c003afb6f283553cc9f515d97912979260ba,e79f1caf57777ffffaf0f4d7612c054cbd3833b663a0909bc47ab25be8d078fa,0.0,0.6969320453022083,0.14298590686349588,False,1.0,0.8,0.875,0.8088235294117647,0.9250214192713048,180,600,2,0,0
L_f1_W0,primary_full_coverage,poppler__pdfimages,BL,40,4,5,4,4,4,0,5cc55733daa610b6e1f4f65139a1c003afb6f283553cc9f515d97912979260ba,c366b22a6b7d9df89b4d9822637a85fbe4688623ccd26f1f36b945c1dcc6b535,0.0,0.6124569788244365,0.6080768904933594,False,0.9,0.9,0.89583,0.7758620689655172,0.9250214192713048,180,600,1,1,1
L_f1_W0,primary_full_coverage,poppler__pdfimages,BL,40,5,1,4,4,4,0,5cc55733daa610b6e1f4f65139a1c003afb6f283553cc9f515d97912979260ba,c366b22a6b7d9df89b4d9822637a85fbe4688623ccd26f1f36b945c1dcc6b535,0.0,0.6223958423508313,0.15015270529771524,False,0.9,0.9,0.89583,0.7758620689655172,0.9250214192713048,180,600,1,1,1
L_f1_W0,primary_full_coverage,poppler__pdfimages,BL,40,5,2,4,4,4,0,5cc55733daa610b6e1f4f65139a1c003afb6f283553cc9f515d97912979260ba,c366b22a6b7d9df89b4d9822637a85fbe4688623ccd26f1f36b945c1dcc6b535,0.0,0.6223747198153604,0.14994871566344417,False,0.9,0.9,0.89583,0.7758620689655172,0.9250214192713048,180,600,1,1,1
L_f1_W0,primary_full_coverage,poppler__pdfimages,BL,40,5,3,4,4,4,0,5cc55733daa610b6e1f4f65139a1c003afb6f283553cc9f515d97912979260ba,c366b22a6b7d9df89b4d9822637a85fbe4688623ccd26f1f36b945c1dcc6b535,0.0,0.622121545216159,0.15496053422676367,False,0.9,0.9,0.89583,0.7758620689655172,0.9250214192713048,180,600,1,1,1
L_f1_W0,primary_full_coverage,poppler__pdfimages,BL,40,5,5,4,4,4,0,5cc55733daa610b6e1f4f65139a1c003afb6f283553cc9f515d97912979260ba,c366b22a6b7d9df89b4d9822637a85fbe4688623ccd26f1f36b945c1dcc6b535,0.0,0.6124569788244365,0.604916932850072,False,0.9,0.9,0.89583,0.7758620689655172,0.9250214192713048,180,600,1,1,1
L_f1_W0,primary_full_coverage,poppler__pdfimages,BL,40,8,1,4,9,3,6,5cc55733daa610b6e1f4f65139a1c003afb6f283553cc9f515d97912979260ba,828c496185c9e1ab97f6076927a8f17852c7b0bcb07a183cede2d514180abe7a,0.0,0.48333523933050665,0.6784243802209979,False,0.9,0.85,0.79167,0.7152758525090103,0.9250214192713048,180,600,1,1,1
L_f1_W0,primary_full_coverage,poppler__pdfimages,BL,40,8,2,4,9,3,6,5cc55733daa610b6e1f4f65139a1c003afb6f283553cc9f515d97912979260ba,828c496185c9e1ab97f6076927a8f17852c7b0bcb07a183cede2d514180abe7a,0.0,0.4833301516190371,0.6684761175570063,False,0.9,0.85,0.79167,0.7152758525090103,0.9250214192713048,180,600,1,1,1
L_f1_W0,primary_full_coverage,poppler__pdfimages,BL,40,8,3,4,9,3,6,5cc55733daa610b6e1f4f65139a1c003afb6f283553cc9f515d97912979260ba,828c496185c9e1ab97f6076927a8f17852c7b0bcb07a183cede2d514180abe7a,0.0,0.48332002279761593,0.6632666423401715,False,0.9,0.85,0.79167,0.7152758525090103,0.9250214192713048,180,600,1,1,1
L_f1_W0,primary_full_coverage,poppler__pdfimages,BL,40,8,5,4,9,3,6,5cc55733daa610b6e1f4f65139a1c003afb6f283553cc9f515d97912979260ba,828c496185c9e1ab97f6076927a8f17852c7b0bcb07a183cede2d514180abe7a,0.0,0.47455747421928285,0.671087370043092,False,0.9,0.85,0.79167,0.7152758525090103,0.9250214192713048,180,600,1,1,1
L_f1_W0,primary_full_coverage,poppler__pdfimages,BD4,40,2,1,4,13,11,2,261f209d09e5ee8c4a35f09340b9b91d8e2ccca1c87c8b685b9ac262ef5b0f42,e61ac81845cabf39ea6baf0965a3a8fc3cf53b50ec0147e89d985a9f761dad5f,0.0,0.5018135688285579,1.0,False,1.0,0.525,0.66796,0.47109207708779444,0.9300858902082415,180,600,4,0,0
L_f1_W0,primary_full_coverage,poppler__pdfimages,BD4,40,2,2,4,8,7,1,261f209d09e5ee8c4a35f09340b9b91d8e2ccca1c87c8b685b9ac262ef5b0f42,39ca9d20486575480d337c86ad537bf9c1abf302d83c5da9d164c68a8cc29b46,0.0,0.5140188983139016,1.0,False,1.0,0.675,0.79167,0.6729826853969291,0.9300858902082415,180,600,3,0,0
L_f1_W0,primary_full_coverage,poppler__pdfimages,BD4,40,2,3,4,6,6,0,261f209d09e5ee8c4a35f09340b9b91d8e2ccca1c87c8b685b9ac262ef5b0f42,e0fb02956e6f40884c33d6546332c8e656da55499323fe3da353680ecd88bb06,0.0,0.6507232424721621,0.14275078117170212,False,1.0,0.8,0.875,0.8088235294117647,0.9300858902082415,180,600,2,0,0
L_f1_W0,primary_full_coverage,poppler__pdfimages,BD4,40,2,5,4,8,4,4,261f209d09e5ee8c4a35f09340b9b91d8e2ccca1c87c8b685b9ac262ef5b0f42,2fbeda09eb7fa250c7974a4d809e0aa514d3a2f2242596c5e32ad293c7b3d8e3,0.0,0.794429449341116,0.6303690631467931,False,1.0,0.9,0.9375,0.8849557522123894,0.9300858902082415,180,600,1,0,0
L_f1_W0,primary_full_coverage,poppler__pdfimages,BD4,40,3,1,4,8,7,1,261f209d09e5ee8c4a35f09340b9b91d8e2ccca1c87c8b685b9ac262ef5b0f42,39ca9d20486575480d337c86ad537bf9c1abf302d83c5da9d164c68a8cc29b46,0.0,0.5176153942918659,1.0,False,1.0,0.675,0.79167,0.6729826853969291,0.9300858902082415,180,600,3,0,0
L_f1_W0,primary_full_coverage,poppler__pdfimages,BD4,40,3,2,4,8,7,1,261f209d09e5ee8c4a35f09340b9b91d8e2ccca1c87c8b685b9ac262ef5b0f42,39ca9d20486575480d337c86ad537bf9c1abf302d83c5da9d164c68a8cc29b46,0.0,0.5140188983139016,1.0,False,1.0,0.675,0.79167,0.6729826853969291,0.9300858902082415,180,600,3,0,0
L_f1_W0,primary_full_coverage,poppler__pdfimages,BD4,40,3,3,4,6,6,0,261f209d09e5ee8c4a35f09340b9b91d8e2ccca1c87c8b685b9ac262ef5b0f42,e0fb02956e6f40884c33d6546332c8e656da55499323fe3da353680ecd88bb06,0.0,0.6507232424721621,0.14255763244168554,False,1.0,0.8,0.875,0.8088235294117647,0.9300858902082415,180,600,2,0,0
L_f1_W0,primary_full_coverage,poppler__pdfimages,BD4,40,3,5,4,8,4,4,261f209d09e5ee8c4a35f09340b9b91d8e2ccca1c87c8b685b9ac262ef5b0f42,2fbeda09eb7fa250c7974a4d809e0aa514d3a2f2242596c5e32ad293c7b3d8e3,0.0,0.794429449341116,0.6290889649286739,False,1.0,0.9,0.9375,0.8849557522123894,0.9300858902082415,180,600,1,0,0
L_f1_W0,primary_full_coverage,poppler__pdfimages,BD4,40,4,1,4,6,6,0,261f209d09e5ee8c4a35f09340b9b91d8e2ccca1c87c8b685b9ac262ef5b0f42,e0fb02956e6f40884c33d6546332c8e656da55499323fe3da353680ecd88bb06,0.0,0.6567922006181136,0.1511249237065481,False,1.0,0.8,0.875,0.8088235294117647,0.9300858902082415,180,600,2,0,0
L_f1_W0,primary_full_coverage,poppler__pdfimages,BD4,40,4,2,4,6,6,0,261f209d09e5ee8c4a35f09340b9b91d8e2ccca1c87c8b685b9ac262ef5b0f42,e0fb02956e6f40884c33d6546332c8e656da55499323fe3da353680ecd88bb06,0.0,0.6536294929863101,0.15094838875420705,False,1.0,0.8,0.875,0.8088235294117647,0.9300858902082415,180,600,2,0,0
L_f1_W0,primary_full_coverage,poppler__pdfimages,BD4,40,4,3,4,6,6,0,261f209d09e5ee8c4a35f09340b9b91d8e2ccca1c87c8b685b9ac262ef5b0f42,e0fb02956e6f40884c33d6546332c8e656da55499323fe3da353680ecd88bb06,0.0,0.6507232424721621,0.14254102019480652,False,1.0,0.8,0.875,0.8088235294117647,0.9300858902082415,180,600,2,0,0
L_f1_W0,primary_full_coverage,poppler__pdfimages,BD4,40,4,5,4,8,4,4,261f209d09e5ee8c4a35f09340b9b91d8e2ccca1c87c8b685b9ac262ef5b0f42,2fbeda09eb7fa250c7974a4d809e0aa514d3a2f2242596c5e32ad293c7b3d8e3,0.0,0.794429449341116,0.6223111912895929,False,1.0,0.9,0.9375,0.8849557522123894,0.9300858902082415,180,600,1,0,0
L_f1_W0,primary_full_coverage,poppler__pdfimages,BD4,40,5,1,4,8,4,4,261f209d09e5ee8c4a35f09340b9b91d8e2ccca1c87c8b685b9ac262ef5b0f42,2fbeda09eb7fa250c7974a4d809e0aa514d3a2f2242596c5e32ad293c7b3d8e3,0.0,0.8072541506384943,0.15107849300024895,False,1.0,0.9,0.9375,0.8849557522123894,0.9300858902082415,180,600,1,0,0
L_f1_W0,primary_full_coverage,poppler__pdfimages,BD4,40,5,2,4,8,4,4,261f209d09e5ee8c4a35f09340b9b91d8e2ccca1c87c8b685b9ac262ef5b0f42,2fbeda09eb7fa250c7974a4d809e0aa514d3a2f2242596c5e32ad293c7b3d8e3,0.0,0.8058477315984929,0.15081431983442165,False,1.0,0.9,0.9375,0.8849557522123894,0.9300858902082415,180,600,1,0,0
L_f1_W0,primary_full_coverage,poppler__pdfimages,BD4,40,5,3,4,8,4,4,261f209d09e5ee8c4a35f09340b9b91d8e2ccca1c87c8b685b9ac262ef5b0f42,2fbeda09eb7fa250c7974a4d809e0aa514d3a2f2242596c5e32ad293c7b3d8e3,0.0,0.8037416660769539,0.15591252216346346,False,1.0,0.9,0.9375,0.8849557522123894,0.9300858902082415,180,600,1,0,0
L_f1_W0,primary_full_coverage,poppler__pdfimages,BD4,40,5,5,4,8,4,4,261f209d09e5ee8c4a35f09340b9b91d8e2ccca1c87c8b685b9ac262ef5b0f42,2fbeda09eb7fa250c7974a4d809e0aa514d3a2f2242596c5e32ad293c7b3d8e3,0.0,0.794429449341116,0.6191364396513265,False,1.0,0.9,0.9375,0.8849557522123894,0.9300858902082415,180,600,1,0,0
L_f1_W0,primary_full_coverage,poppler__pdfimages,BD4,40,8,1,4,3,3,0,261f209d09e5ee8c4a35f09340b9b91d8e2ccca1c87c8b685b9ac262ef5b0f42,b5c337cd7a7330730c2ec06a936e4eeb6ab05cd8853f26e1b153a18ed0dc831b,0.0,0.49689503754542746,0.630458700303601,False,0.75,1.0,0.83333,0.6976744186046512,0.9300858902082415,180,600,0,1,2
L_f1_W0,primary_full_coverage,poppler__pdfimages,BD4,40,8,2,4,3,3,0,261f209d09e5ee8c4a35f09340b9b91d8e2ccca1c87c8b685b9ac262ef5b0f42,b5c337cd7a7330730c2ec06a936e4eeb6ab05cd8853f26e1b153a18ed0dc831b,0.0,0.49551932907980606,0.6166397039207268,False,0.75,1.0,0.83333,0.6976744186046512,0.9300858902082415,180,600,0,1,2
L_f1_W0,primary_full_coverage,poppler__pdfimages,BD4,40,8,3,4,3,3,0,261f209d09e5ee8c4a35f09340b9b91d8e2ccca1c87c8b685b9ac262ef5b0f42,b5c337cd7a7330730c2ec06a936e4eeb6ab05cd8853f26e1b153a18ed0dc831b,0.0,0.49387659881545587,0.6095340492252378,False,0.75,1.0,0.83333,0.6976744186046512,0.9300858902082415,180,600,0,1,2
L_f1_W0,primary_full_coverage,poppler__pdfimages,BD4,40,8,5,4,5,3,2,261f209d09e5ee8c4a35f09340b9b91d8e2ccca1c87c8b685b9ac262ef5b0f42,ec0e8075a160aad363600f53616945fac905881b956f2552114eefa505c8c93d,0.0,0.45441818263390044,0.6199632790418268,False,0.8,0.95,0.82143,0.6879485275921802,0.9300858902082415,180,600,1,1,1
L_f1_W0,primary_full_coverage,poppler__pdfimages,BLD4,40,2,1,4,13,11,2,3845abc985927129c2d5fc4da62cced86adc9239d63e9e0997d2187107887661,b08d92a10e90293e3565d3225aaddfcf4b0030d66465dcc10053270492908acb,0.0,0.5369959329502536,1.0,False,1.0,0.525,0.66796,0.47109207708779444,0.9098347937797823,180,600,4,0,0
L_f1_W0,primary_full_coverage,poppler__pdfimages,BLD4,40,2,2,4,8,7,1,3845abc985927129c2d5fc4da62cced86adc9239d63e9e0997d2187107887661,66f35460c59682faed0b04d21bff857a493c207864fecb270707640e03ff2920,0.0,0.5636653126808324,1.0,False,1.0,0.675,0.79167,0.6729826853969291,0.9098347937797823,180,600,3,0,0
L_f1_W0,primary_full_coverage,poppler__pdfimages,BLD4,40,2,3,4,6,6,0,3845abc985927129c2d5fc4da62cced86adc9239d63e9e0997d2187107887661,38cd702a233b9d754832928bbe7f9ce5f6084217ff811b4118b15815ee430fe0,0.0,0.7108981709191111,0.1434503987411804,False,1.0,0.8,0.875,0.8088235294117647,0.9098347937797823,180,600,2,0,0
L_f1_W0,primary_full_coverage,poppler__pdfimages,BLD4,40,2,5,4,8,4,4,3845abc985927129c2d5fc4da62cced86adc9239d63e9e0997d2187107887661,87d2ca3f11442a4e186524bef9218ea7bd21a9d31127a2ab1d9b43ddb0144959,0.0,0.8512647189453786,0.6644345993018551,False,1.0,0.9,0.9375,0.8849557522123894,0.9098347937797823,180,600,1,0,0
L_f1_W0,primary_full_coverage,poppler__pdfimages,BLD4,40,3,1,4,8,7,1,3845abc985927129c2d5fc4da62cced86adc9239d63e9e0997d2187107887661,66f35460c59682faed0b04d21bff857a493c207864fecb270707640e03ff2920,0.0,0.5656781397431546,1.0,False,1.0,0.675,0.79167,0.6729826853969291,0.9098347937797823,180,600,3,0,0
L_f1_W0,primary_full_coverage,poppler__pdfimages,BLD4,40,3,2,4,8,7,1,3845abc985927129c2d5fc4da62cced86adc9239d63e9e0997d2187107887661,66f35460c59682faed0b04d21bff857a493c207864fecb270707640e03ff2920,0.0,0.5636653126808324,1.0,False,1.0,0.675,0.79167,0.6729826853969291,0.9098347937797823,180,600,3,0,0
L_f1_W0,primary_full_coverage,poppler__pdfimages,BLD4,40,3,3,4,6,6,0,3845abc985927129c2d5fc4da62cced86adc9239d63e9e0997d2187107887661,38cd702a233b9d754832928bbe7f9ce5f6084217ff811b4118b15815ee430fe0,0.0,0.7108981709191111,0.14326076337829532,False,1.0,0.8,0.875,0.8088235294117647,0.9098347937797823,180,600,2,0,0
L_f1_W0,primary_full_coverage,poppler__pdfimages,BLD4,40,3,5,4,8,4,4,3845abc985927129c2d5fc4da62cced86adc9239d63e9e0997d2187107887661,87d2ca3f11442a4e186524bef9218ea7bd21a9d31127a2ab1d9b43ddb0144959,0.0,0.8512647189453786,0.6631472881094403,False,1.0,0.9,0.9375,0.8849557522123894,0.9098347937797823,180,600,1,0,0
L_f1_W0,primary_full_coverage,poppler__pdfimages,BLD4,40,4,1,4,6,6,0,3845abc985927129c2d5fc4da62cced86adc9239d63e9e0997d2187107887661,38cd702a233b9d754832928bbe7f9ce5f6084217ff811b4118b15815ee430fe0,0.0,0.7139197675463426,0.15183237714816147,False,1.0,0.8,0.875,0.8088235294117647,0.9098347937797823,180,600,2,0,0
L_f1_W0,primary_full_coverage,poppler__pdfimages,BLD4,40,4,2,4,6,6,0,3845abc985927129c2d5fc4da62cced86adc9239d63e9e0997d2187107887661,38cd702a233b9d754832928bbe7f9ce5f6084217ff811b4118b15815ee430fe0,0.0,0.7123533305280195,0.1516549412538171,False,1.0,0.8,0.875,0.8088235294117647,0.9098347937797823,180,600,2,0,0
L_f1_W0,primary_full_coverage,poppler__pdfimages,BLD4,40,4,3,4,6,6,0,3845abc985927129c2d5fc4da62cced86adc9239d63e9e0997d2187107887661,38cd702a233b9d754832928bbe7f9ce5f6084217ff811b4118b15815ee430fe0,0.0,0.7108981709191111,0.1432439687232878,False,1.0,0.8,0.875,0.8088235294117647,0.9098347937797823,180,600,2,0,0
L_f1_W0,primary_full_coverage,poppler__pdfimages,BLD4,40,4,5,4,8,4,4,3845abc985927129c2d5fc4da62cced86adc9239d63e9e0997d2187107887661,87d2ca3f11442a4e186524bef9218ea7bd21a9d31127a2ab1d9b43ddb0144959,0.0,0.8512647189453786,0.6564520962983791,False,1.0,0.9,0.9375,0.8849557522123894,0.9098347937797823,180,600,1,0,0
L_f1_W0,primary_full_coverage,poppler__pdfimages,BLD4,40,5,1,4,8,4,4,3845abc985927129c2d5fc4da62cced86adc9239d63e9e0997d2187107887661,87d2ca3f11442a4e186524bef9218ea7bd21a9d31127a2ab1d9b43ddb0144959,0.0,0.8572406873057521,0.15224548309492286,False,1.0,0.9,0.9375,0.8849557522123894,0.9098347937797823,180,600,1,0,0
L_f1_W0,primary_full_coverage,poppler__pdfimages,BLD4,40,5,2,4,8,4,4,3845abc985927129c2d5fc4da62cced86adc9239d63e9e0997d2187107887661,87d2ca3f11442a4e186524bef9218ea7bd21a9d31127a2ab1d9b43ddb0144959,0.0,0.8565508990274402,0.15198036028741374,False,1.0,0.9,0.9375,0.8849557522123894,0.9098347937797823,180,600,1,0,0
L_f1_W0,primary_full_coverage,poppler__pdfimages,BLD4,40,5,3,4,8,4,4,3845abc985927129c2d5fc4da62cced86adc9239d63e9e0997d2187107887661,87d2ca3f11442a4e186524bef9218ea7bd21a9d31127a2ab1d9b43ddb0144959,0.0,0.8555576943206291,0.15744351057268882,False,1.0,0.9,0.9375,0.8849557522123894,0.9098347937797823,180,600,1,0,0
L_f1_W0,primary_full_coverage,poppler__pdfimages,BLD4,40,5,5,4,8,4,4,3845abc985927129c2d5fc4da62cced86adc9239d63e9e0997d2187107887661,87d2ca3f11442a4e186524bef9218ea7bd21a9d31127a2ab1d9b43ddb0144959,0.0,0.8512647189453786,0.6533800328045369,False,1.0,0.9,0.9375,0.8849557522123894,0.9098347937797823,180,600,1,0,0
L_f1_W0,primary_full_coverage,poppler__pdfimages,BLD4,40,8,1,4,13,3,10,3845abc985927129c2d5fc4da62cced86adc9239d63e9e0997d2187107887661,5d1bcca389e890cf6ad1884a0743930b2db19a59a577f5d68e9327843a9fe5f3,0.0,0.716284259070219,0.7463958927968101,False,1.0,0.775,0.79545,0.821917808219178,0.9098347937797823,180,600,1,0,0
L_f1_W0,primary_full_coverage,poppler__pdfimages,BLD4,40,8,2,4,13,3,10,3845abc985927129c2d5fc4da62cced86adc9239d63e9e0997d2187107887661,5d1bcca389e890cf6ad1884a0743930b2db19a59a577f5d68e9327843a9fe5f3,0.0,0.7156079466447387,0.732651553459041,False,1.0,0.775,0.79545,0.821917808219178,0.9098347937797823,180,600,1,0,0
L_f1_W0,primary_full_coverage,poppler__pdfimages,BLD4,40,8,3,4,13,3,10,3845abc985927129c2d5fc4da62cced86adc9239d63e9e0997d2187107887661,5d1bcca389e890cf6ad1884a0743930b2db19a59a577f5d68e9327843a9fe5f3,0.0,0.7148168641490598,0.7254851528240754,False,1.0,0.775,0.79545,0.821917808219178,0.9098347937797823,180,600,1,0,0
L_f1_W0,primary_full_coverage,poppler__pdfimages,BLD4,40,8,5,4,13,3,10,3845abc985927129c2d5fc4da62cced86adc9239d63e9e0997d2187107887661,5d1bcca389e890cf6ad1884a0743930b2db19a59a577f5d68e9327843a9fe5f3,0.0,0.7112664888537,0.73448318570048,False,1.0,0.775,0.79545,0.821917808219178,0.9098347937797823,180,600,1,0,0
L_f1_W0,primary_full_coverage,soxmp3__sox,B,61,2,1,7,20,16,4,620599d63526f00cc6a30b183740d3d751701bb0f01816490592dfbafe6aa725,3603431b1c5fac869c954107bf5b8e6d744eeefcf9c1050870c53fd19d6e95f2,0.0,0.6588797666077999,1.0,False,0.98361,0.54098,0.67123,0.5242709268799924,0.9162334931413182,270,1560,5,1,0
L_f1_W0,primary_full_coverage,soxmp3__sox,B,61,2,2,7,10,10,0,620599d63526f00cc6a30b183740d3d751701bb0f01816490592dfbafe6aa725,72e0d380d954fc6206dcb560c2cf3ce7c8a80ad0b514f3514081d3485f6896fa,0.0,0.671622254774039,1.0,False,0.93443,0.72131,0.80094,0.6878198567041965,0.9162334931413182,270,1560,4,3,2
L_f1_W0,primary_full_coverage,soxmp3__sox,B,61,2,3,7,8,8,0,620599d63526f00cc6a30b183740d3d751701bb0f01816490592dfbafe6aa725,aac8b53aae3c535bb896d805bf07c1ff4ac76ce5f3af178ab8b7f32e81f68298,0.0,0.7495789121487128,1.0,False,0.93443,0.81967,0.85702,0.7790781899279479,0.9162334931413182,270,1560,3,3,3
L_f1_W0,primary_full_coverage,soxmp3__sox,B,61,2,5,7,13,7,6,620599d63526f00cc6a30b183740d3d751701bb0f01816490592dfbafe6aa725,642105897a7b80f418f684369d9aabc03d22ea5e9e7edcd8494b6267b6022833,0.0,0.5525822415316055,1.0,False,0.93443,0.81967,0.84175,0.7545271629778671,0.9162334931413182,270,1560,3,3,3
L_f1_W0,primary_full_coverage,soxmp3__sox,B,61,3,1,7,10,10,0,620599d63526f00cc6a30b183740d3d751701bb0f01816490592dfbafe6aa725,72e0d380d954fc6206dcb560c2cf3ce7c8a80ad0b514f3514081d3485f6896fa,0.0,0.6827901286366055,1.0,False,0.93443,0.72131,0.80094,0.6878198567041965,0.9162334931413182,270,1560,4,3,2
L_f1_W0,primary_full_coverage,soxmp3__sox,B,61,3,2,7,10,10,0,620599d63526f00cc6a30b183740d3d751701bb0f01816490592dfbafe6aa725,72e0d380d954fc6206dcb560c2cf3ce7c8a80ad0b514f3514081d3485f6896fa,0.0,0.671622254774039,1.0,False,0.93443,0.72131,0.80094,0.6878198567041965,0.9162334931413182,270,1560,4,3,2
L_f1_W0,primary_full_coverage,soxmp3__sox,B,61,3,3,7,8,8,0,620599d63526f00cc6a30b183740d3d751701bb0f01816490592dfbafe6aa725,aac8b53aae3c535bb896d805bf07c1ff4ac76ce5f3af178ab8b7f32e81f68298,0.0,0.7495789121487128,1.0,False,0.93443,0.81967,0.85702,0.7790781899279479,0.9162334931413182,270,1560,3,3,3
L_f1_W0,primary_full_coverage,soxmp3__sox,B,61,3,5,7,11,6,5,620599d63526f00cc6a30b183740d3d751701bb0f01816490592dfbafe6aa725,57968f643cab3fda15698d04b7a113bd9085c42a955014692c6e9a4ff05ae017,0.0,0.6965843500597382,1.0,False,0.93443,0.86885,0.87068,0.8158610665971006,0.9162334931413182,270,1560,2,3,3
L_f1_W0,primary_full_coverage,soxmp3__sox,B,61,4,1,7,9,9,0,620599d63526f00cc6a30b183740d3d751701bb0f01816490592dfbafe6aa725,229b7e2993368db1fdb9b0681e9f1a16e12631dbc3143c957cdf3e5b18916d38,0.0,0.7074346640578107,1.0,False,0.93443,0.7541,0.81604,0.7119330132148101,0.9162334931413182,270,1560,4,3,3
L_f1_W0,primary_full_coverage,soxmp3__sox,B,61,4,2,7,9,9,0,620599d63526f00cc6a30b183740d3d751701bb0f01816490592dfbafe6aa725,229b7e2993368db1fdb9b0681e9f1a16e12631dbc3143c957cdf3e5b18916d38,0.0,0.6980298328945892,1.0,False,0.93443,0.7541,0.81604,0.7119330132148101,0.9162334931413182,270,1560,4,3,3
L_f1_W0,primary_full_coverage,soxmp3__sox,B,61,4,3,7,8,8,0,620599d63526f00cc6a30b183740d3d751701bb0f01816490592dfbafe6aa725,aac8b53aae3c535bb896d805bf07c1ff4ac76ce5f3af178ab8b7f32e81f68298,0.0,0.7495789121487128,1.0,False,0.93443,0.81967,0.85702,0.7790781899279479,0.9162334931413182,270,1560,3,3,3
L_f1_W0,primary_full_coverage,soxmp3__sox,B,61,4,5,7,11,6,5,620599d63526f00cc6a30b183740d3d751701bb0f01816490592dfbafe6aa725,57968f643cab3fda15698d04b7a113bd9085c42a955014692c6e9a4ff05ae017,0.0,0.6965843500597382,1.0,False,0.93443,0.86885,0.87068,0.8158610665971006,0.9162334931413182,270,1560,2,3,3
L_f1_W0,primary_full_coverage,soxmp3__sox,B,61,5,1,7,7,7,0,620599d63526f00cc6a30b183740d3d751701bb0f01816490592dfbafe6aa725,cb2132ea9abb4b5413888e10af457fa4d27f31c07f2743ea80ade39965bfd51a,0.0,0.7405588406916171,1.0,False,0.93443,0.88525,0.898,0.8411400066023549,0.9162334931413182,270,1560,2,3,3
L_f1_W0,primary_full_coverage,soxmp3__sox,B,61,5,2,7,7,7,0,620599d63526f00cc6a30b183740d3d751701bb0f01816490592dfbafe6aa725,cb2132ea9abb4b5413888e10af457fa4d27f31c07f2743ea80ade39965bfd51a,0.0,0.733671828298172,1.0,False,0.93443,0.88525,0.898,0.8411400066023549,0.9162334931413182,270,1560,2,3,3
L_f1_W0,primary_full_coverage,soxmp3__sox,B,61,5,3,7,7,7,0,620599d63526f00cc6a30b183740d3d751701bb0f01816490592dfbafe6aa725,cb2132ea9abb4b5413888e10af457fa4d27f31c07f2743ea80ade39965bfd51a,0.0,0.7239575656207227,1.0,False,0.93443,0.88525,0.898,0.8411400066023549,0.9162334931413182,270,1560,2,3,3
L_f1_W0,primary_full_coverage,soxmp3__sox,B,61,5,5,7,11,6,5,620599d63526f00cc6a30b183740d3d751701bb0f01816490592dfbafe6aa725,57968f643cab3fda15698d04b7a113bd9085c42a955014692c6e9a4ff05ae017,0.0,0.6965843500597382,1.0,False,0.93443,0.86885,0.87068,0.8158610665971006,0.9162334931413182,270,1560,2,3,3
L_f1_W0,primary_full_coverage,soxmp3__sox,B,61,8,1,7,10,5,5,620599d63526f00cc6a30b183740d3d751701bb0f01816490592dfbafe6aa725,6333d8a4694fb8c8feb424c7edc182c8c2f0bc1ee8567390c9817ab04dd5d542,0.0,0.5917716136519189,0.3438892366174285,False,0.90164,0.91803,0.84738,0.8012347796261362,0.9162334931413182,270,1560,1,2,3
L_f1_W0,primary_full_coverage,soxmp3__sox,B,61,8,2,7,10,5,5,620599d63526f00cc6a30b183740d3d751701bb0f01816490592dfbafe6aa725,6333d8a4694fb8c8feb424c7edc182c8c2f0bc1ee8567390c9817ab04dd5d542,0.0,0.5860573205289783,0.33410397984738655,False,0.90164,0.91803,0.84738,0.8012347796261362,0.9162334931413182,270,1560,1,2,3
L_f1_W0,primary_full_coverage,soxmp3__sox,B,61,8,3,7,10,5,5,620599d63526f00cc6a30b183740d3d751701bb0f01816490592dfbafe6aa725,6333d8a4694fb8c8feb424c7edc182c8c2f0bc1ee8567390c9817ab04dd5d542,0.0,0.5852577647613824,0.32712468592426036,False,0.90164,0.91803,0.84738,0.8012347796261362,0.9162334931413182,270,1560,1,2,3
L_f1_W0,primary_full_coverage,soxmp3__sox,B,61,8,5,7,10,5,5,620599d63526f00cc6a30b183740d3d751701bb0f01816490592dfbafe6aa725,6333d8a4694fb8c8feb424c7edc182c8c2f0bc1ee8567390c9817ab04dd5d542,0.0,0.580828149392896,0.3151004184011958,False,0.90164,0.91803,0.84738,0.8012347796261362,0.9162334931413182,270,1560,1,2,3
L_f1_W0,primary_full_coverage,soxmp3__sox,BL,61,2,1,7,20,16,4,a41bdf34707f68c4b12fdc4218ff317659856ab85878d2013cca2d8ab53cbd89,13cc3393d5d0c5197cd9b0108e2d0346b6085ffbc14d68aaad858355568888c6,0.0,0.6878738430196784,1.0,False,0.98361,0.54098,0.67123,0.5242709268799924,0.9189046173860289,270,1560,5,1,0
L_f1_W0,primary_full_coverage,soxmp3__sox,BL,61,2,2,7,12,10,2,a41bdf34707f68c4b12fdc4218ff317659856ab85878d2013cca2d8ab53cbd89,c1c9133b0a8fbcf0e87dd6387ae843d37971e52ed4a7df210fcd0d3c4941c8ae,0.0,0.504980956185579,1.0,False,0.93443,0.72131,0.78567,0.6755452933657692,0.9189046173860289,270,1560,4,3,2
L_f1_W0,primary_full_coverage,soxmp3__sox,BL,61,2,3,7,12,7,5,a41bdf34707f68c4b12fdc4218ff317659856ab85878d2013cca2d8ab53cbd89,756d111c6d927f41af1d630bc252ccf10b5fe6aa5bb230ab43e1be87aace8072,0.0,0.6721706601316287,1.0,False,0.93443,0.80328,0.8297,0.7517538079919382,0.9189046173860289,270,1560,3,3,3
L_f1_W0,primary_full_coverage,soxmp3__sox,BL,61,2,5,7,11,6,5,a41bdf34707f68c4b12fdc4218ff317659856ab85878d2013cca2d8ab53cbd89,8fb352ede75c120520fbae3562527fda7fa1cf61e6ef5e4ef169187814e2ca8b,0.0,0.6633141741600025,1.0,False,0.93443,0.86885,0.87068,0.8158610665971006,0.9189046173860289,270,1560,2,3,3
L_f1_W0,primary_full_coverage,soxmp3__sox,BL,61,3,1,7,12,10,2,a41bdf34707f68c4b12fdc4218ff317659856ab85878d2013cca2d8ab53cbd89,eaecbb494b69a5a200425fabd76bd99593754c2c799b7a714df232a288f57ac0,0.0,0.604868486571832,1.0,False,0.93443,0.70492,0.77361,0.6662245067153043,0.9189046173860289,270,1560,4,3,2
L_f1_W0,primary_full_coverage,soxmp3__sox,BL,61,3,2,7,12,10,2,a41bdf34707f68c4b12fdc4218ff317659856ab85878d2013cca2d8ab53cbd89,c1c9133b0a8fbcf0e87dd6387ae843d37971e52ed4a7df210fcd0d3c4941c8ae,0.0,0.504980956185579,1.0,False,0.93443,0.72131,0.78567,0.6755452933657692,0.9189046173860289,270,1560,4,3,2
L_f1_W0,primary_full_coverage,soxmp3__sox,BL,61,3,3,7,12,7,5,a41bdf34707f68c4b12fdc4218ff317659856ab85878d2013cca2d8ab53cbd89,756d111c6d927f41af1d630bc252ccf10b5fe6aa5bb230ab43e1be87aace8072,0.0,0.6721706601316287,1.0,False,0.93443,0.80328,0.8297,0.7517538079919382,0.9189046173860289,270,1560,3,3,3
L_f1_W0,primary_full_coverage,soxmp3__sox,BL,61,3,5,7,11,6,5,a41bdf34707f68c4b12fdc4218ff317659856ab85878d2013cca2d8ab53cbd89,8fb352ede75c120520fbae3562527fda7fa1cf61e6ef5e4ef169187814e2ca8b,0.0,0.6633141741600025,1.0,False,0.93443,0.86885,0.87068,0.8158610665971006,0.9189046173860289,270,1560,2,3,3
L_f1_W0,primary_full_coverage,soxmp3__sox,BL,61,4,1,7,13,8,5,a41bdf34707f68c4b12fdc4218ff317659856ab85878d2013cca2d8ab53cbd89,d3fdd322adecf8005277abfbc749b83a8e0d55a4cd9a95f52526d0f1c080c30d,0.0,0.6145283204032301,1.0,False,0.93443,0.7377,0.78871,0.682304493520126,0.9189046173860289,270,1560,4,3,3
L_f1_W0,primary_full_coverage,soxmp3__sox,BL,61,4,2,7,12,7,5,a41bdf34707f68c4b12fdc4218ff317659856ab85878d2013cca2d8ab53cbd89,756d111c6d927f41af1d630bc252ccf10b5fe6aa5bb230ab43e1be87aace8072,0.0,0.6744948362587342,1.0,False,0.93443,0.80328,0.8297,0.7517538079919382,0.9189046173860289,270,1560,3,3,3
L_f1_W0,primary_full_coverage,soxmp3__sox,BL,61,4,3,7,12,7,5,a41bdf34707f68c4b12fdc4218ff317659856ab85878d2013cca2d8ab53cbd89,756d111c6d927f41af1d630bc252ccf10b5fe6aa5bb230ab43e1be87aace8072,0.0,0.6721706601316287,1.0,False,0.93443,0.80328,0.8297,0.7517538079919382,0.9189046173860289,270,1560,3,3,3
L_f1_W0,primary_full_coverage,soxmp3__sox,BL,61,4,5,7,11,6,5,a41bdf34707f68c4b12fdc4218ff317659856ab85878d2013cca2d8ab53cbd89,8fb352ede75c120520fbae3562527fda7fa1cf61e6ef5e4ef169187814e2ca8b,0.0,0.6633141741600025,1.0,False,0.93443,0.86885,0.87068,0.8158610665971006,0.9189046173860289,270,1560,2,3,3
L_f1_W0,primary_full_coverage,soxmp3__sox,BL,61,5,1,7,11,6,5,a41bdf34707f68c4b12fdc4218ff317659856ab85878d2013cca2d8ab53cbd89,8fb352ede75c120520fbae3562527fda7fa1cf61e6ef5e4ef169187814e2ca8b,0.0,0.6701537589874624,1.0,False,0.93443,0.86885,0.87068,0.8158610665971006,0.9189046173860289,270,1560,2,3,3
L_f1_W0,primary_full_coverage,soxmp3__sox,BL,61,5,2,7,11,6,5,a41bdf34707f68c4b12fdc4218ff317659856ab85878d2013cca2d8ab53cbd89,8fb352ede75c120520fbae3562527fda7fa1cf61e6ef5e4ef169187814e2ca8b,0.0,0.6683465736894417,1.0,False,0.93443,0.86885,0.87068,0.8158610665971006,0.9189046173860289,270,1560,2,3,3
L_f1_W0,primary_full_coverage,soxmp3__sox,BL,61,5,3,7,11,6,5,a41bdf34707f68c4b12fdc4218ff317659856ab85878d2013cca2d8ab53cbd89,8fb352ede75c120520fbae3562527fda7fa1cf61e6ef5e4ef169187814e2ca8b,0.0,0.6660223975623363,1.0,False,0.93443,0.86885,0.87068,0.8158610665971006,0.9189046173860289,270,1560,2,3,3
L_f1_W0,primary_full_coverage,soxmp3__sox,BL,61,5,5,7,11,6,5,a41bdf34707f68c4b12fdc4218ff317659856ab85878d2013cca2d8ab53cbd89,8fb352ede75c120520fbae3562527fda7fa1cf61e6ef5e4ef169187814e2ca8b,0.0,0.6633141741600025,1.0,False,0.93443,0.86885,0.87068,0.8158610665971006,0.9189046173860289,270,1560,2,3,3
L_f1_W0,primary_full_coverage,soxmp3__sox,BL,61,8,1,7,7,5,2,a41bdf34707f68c4b12fdc4218ff317659856ab85878d2013cca2d8ab53cbd89,47f22a7d729ce799f577264aa2ac804e0bd0b2eff3face1a29b252704632e9d4,0.0,0.6110244486030637,0.35399604999648476,False,0.81967,0.91803,0.81721,0.6739599287344107,0.9189046173860289,270,1560,2,2,3
L_f1_W0,primary_full_coverage,soxmp3__sox,BL,61,8,2,7,7,5,2,a41bdf34707f68c4b12fdc4218ff317659856ab85878d2013cca2d8ab53cbd89,47f22a7d729ce799f577264aa2ac804e0bd0b2eff3face1a29b252704632e9d4,0.0,0.6102845253462301,0.34475926435000315,False,0.81967,0.91803,0.81721,0.6739599287344107,0.9189046173860289,270,1560,2,2,3
L_f1_W0,primary_full_coverage,soxmp3__sox,BL,61,8,3,7,9,5,4,a41bdf34707f68c4b12fdc4218ff317659856ab85878d2013cca2d8ab53cbd89,ecffccc4acb87101530bf4600252f73f833b7a6fef5bf242d1dcebb73e51803e,0.0,0.6083041526750723,0.33827129926260646,False,0.85246,0.88525,0.80722,0.6869942766923228,0.9189046173860289,270,1560,2,2,3
L_f1_W0,primary_full_coverage,soxmp3__sox,BL,61,8,5,7,10,5,5,a41bdf34707f68c4b12fdc4218ff317659856ab85878d2013cca2d8ab53cbd89,58f1a7b648b041934e9cd7466ec8a7b65778705a63301723c97df1c09646b82b,0.0,0.6095134079755626,0.3280189740597182,False,0.86885,0.86885,0.80168,0.6977857166930673,0.9189046173860289,270,1560,2,2,3
L_f1_W0,primary_full_coverage,soxmp3__sox,BD4,61,2,1,7,20,16,4,1f0b371f99c149b47c8b51955a66137c8d49a59bb0ef28616202416307f44132,a1b9e8e4f51cef1587b80b1d35381974b6ddb652b1f68f908c458f06c5152bc6,0.0,0.6713437987877602,1.0,False,0.98361,0.54098,0.67123,0.5242709268799924,0.9292743552730823,270,1560,5,1,0
L_f1_W0,primary_full_coverage,soxmp3__sox,BD4,61,2,2,7,10,10,0,1f0b371f99c149b47c8b51955a66137c8d49a59bb0ef28616202416307f44132,a58e7bd7ba3f52591932fbbb24ea86466eda87f7e402ccf01b1ffe3eb0270611,0.0,0.5875088237321278,1.0,False,0.90164,0.70492,0.75871,0.6319574859152116,0.9292743552730823,270,1560,4,4,3
L_f1_W0,primary_full_coverage,soxmp3__sox,BD4,61,2,3,7,13,8,5,1f0b371f99c149b47c8b51955a66137c8d49a59bb0ef28616202416307f44132,799f00f24dbc3f67f6b871246828e7fba6e4384b528723970ae653488bae58d2,0.0,0.6263134979871108,1.0,False,0.90164,0.7377,0.77381,0.6333817810425423,0.9292743552730823,270,1560,4,4,4
L_f1_W0,primary_full_coverage,soxmp3__sox,BD4,61,2,5,7,9,6,3,1f0b371f99c149b47c8b51955a66137c8d49a59bb0ef28616202416307f44132,d370208861192778eb01fa37f06247ed9fae5cfb87abf8798359b510706aa857,0.0,0.6714866438172966,1.0,False,0.90164,0.86885,0.85578,0.780069224113066,0.9292743552730823,270,1560,2,4,4
L_f1_W0,primary_full_coverage,soxmp3__sox,BD4,61,3,1,7,10,10,0,1f0b371f99c149b47c8b51955a66137c8d49a59bb0ef28616202416307f44132,a58e7bd7ba3f52591932fbbb24ea86466eda87f7e402ccf01b1ffe3eb0270611,0.0,0.5934497043666657,1.0,False,0.90164,0.70492,0.75871,0.6319574859152116,0.9292743552730823,270,1560,4,4,3
L_f1_W0,primary_full_coverage,soxmp3__sox,BD4,61,3,2,7,10,10,0,1f0b371f99c149b47c8b51955a66137c8d49a59bb0ef28616202416307f44132,a58e7bd7ba3f52591932fbbb24ea86466eda87f7e402ccf01b1ffe3eb0270611,0.0,0.5875088237321278,1.0,False,0.90164,0.70492,0.75871,0.6319574859152116,0.9292743552730823,270,1560,4,4,3
L_f1_W0,primary_full_coverage,soxmp3__sox,BD4,61,3,3,7,10,7,3,1f0b371f99c149b47c8b51955a66137c8d49a59bb0ef28616202416307f44132,1590c560131877e22be3a590d77057a1aec8f29044c339c77edd368db6afdca8,0.0,0.6904801787285619,1.0,False,0.90164,0.80328,0.81479,0.7167465548232475,0.9292743552730823,270,1560,3,4,4
L_f1_W0,primary_full_coverage,soxmp3__sox,BD4,61,3,5,7,9,6,3,1f0b371f99c149b47c8b51955a66137c8d49a59bb0ef28616202416307f44132,d370208861192778eb01fa37f06247ed9fae5cfb87abf8798359b510706aa857,0.0,0.6714866438172966,1.0,False,0.90164,0.86885,0.85578,0.780069224113066,0.9292743552730823,270,1560,2,4,4
L_f1_W0,primary_full_coverage,soxmp3__sox,BD4,61,4,1,7,11,8,3,1f0b371f99c149b47c8b51955a66137c8d49a59bb0ef28616202416307f44132,f6ee1086d7f644af409630c56476b7c7b8820335746148afd990e063b30f0c4c,0.0,0.6360140375135102,1.0,False,0.90164,0.7377,0.77381,0.6483328139607354,0.9292743552730823,270,1560,4,4,4
L_f1_W0,primary_full_coverage,soxmp3__sox,BD4,61,4,2,7,11,8,3,1f0b371f99c149b47c8b51955a66137c8d49a59bb0ef28616202416307f44132,f6ee1086d7f644af409630c56476b7c7b8820335746148afd990e063b30f0c4c,0.0,0.6322526555425451,1.0,False,0.90164,0.7377,0.77381,0.6483328139607354,0.9292743552730823,270,1560,4,4,4
L_f1_W0,primary_full_coverage,soxmp3__sox,BD4,61,4,3,7,10,7,3,1f0b371f99c149b47c8b51955a66137c8d49a59bb0ef28616202416307f44132,1590c560131877e22be3a590d77057a1aec8f29044c339c77edd368db6afdca8,0.0,0.6904801787285619,1.0,False,0.90164,0.80328,0.81479,0.7167465548232475,0.9292743552730823,270,1560,3,4,4
L_f1_W0,primary_full_coverage,soxmp3__sox,BD4,61,4,5,7,9,6,3,1f0b371f99c149b47c8b51955a66137c8d49a59bb0ef28616202416307f44132,d370208861192778eb01fa37f06247ed9fae5cfb87abf8798359b510706aa857,0.0,0.6714866438172966,1.0,False,0.90164,0.86885,0.85578,0.780069224113066,0.9292743552730823,270,1560,2,4,4
L_f1_W0,primary_full_coverage,soxmp3__sox,BD4,61,5,1,7,9,6,3,1f0b371f99c149b47c8b51955a66137c8d49a59bb0ef28616202416307f44132,d370208861192778eb01fa37f06247ed9fae5cfb87abf8798359b510706aa857,0.0,0.6870263011904267,1.0,False,0.90164,0.86885,0.85578,0.780069224113066,0.9292743552730823,270,1560,2,4,4
L_f1_W0,primary_full_coverage,soxmp3__sox,BD4,61,5,2,7,9,6,3,1f0b371f99c149b47c8b51955a66137c8d49a59bb0ef28616202416307f44132,d370208861192778eb01fa37f06247ed9fae5cfb87abf8798359b510706aa857,0.0,0.6857827358739403,1.0,False,0.90164,0.86885,0.85578,0.780069224113066,0.9292743552730823,270,1560,2,4,4
L_f1_W0,primary_full_coverage,soxmp3__sox,BD4,61,5,3,7,9,6,3,1f0b371f99c149b47c8b51955a66137c8d49a59bb0ef28616202416307f44132,d370208861192778eb01fa37f06247ed9fae5cfb87abf8798359b510706aa857,0.0,0.679795994704666,1.0,False,0.90164,0.86885,0.85578,0.780069224113066,0.9292743552730823,270,1560,2,4,4
L_f1_W0,primary_full_coverage,soxmp3__sox,BD4,61,5,5,7,9,6,3,1f0b371f99c149b47c8b51955a66137c8d49a59bb0ef28616202416307f44132,d370208861192778eb01fa37f06247ed9fae5cfb87abf8798359b510706aa857,0.0,0.6714866438172966,1.0,False,0.90164,0.86885,0.85578,0.780069224113066,0.9292743552730823,270,1560,2,4,4
L_f1_W0,primary_full_coverage,soxmp3__sox,BD4,61,8,1,7,5,5,0,1f0b371f99c149b47c8b51955a66137c8d49a59bb0ef28616202416307f44132,77773416b2b92d702923e2a73c1b6be6795405deb67331a7c1fb8111255952dc,0.0,0.5377630296333551,0.33485772882953274,False,0.81967,0.96721,0.84653,0.7607247369404146,0.9292743552730823,270,1560,1,3,5
L_f1_W0,primary_full_coverage,soxmp3__sox,BD4,61,8,2,7,5,5,0,1f0b371f99c149b47c8b51955a66137c8d49a59bb0ef28616202416307f44132,77773416b2b92d702923e2a73c1b6be6795405deb67331a7c1fb8111255952dc,0.0,0.5362283575567061,0.326934482653674,False,0.81967,0.96721,0.84653,0.7607247369404146,0.9292743552730823,270,1560,1,3,5
L_f1_W0,primary_full_coverage,soxmp3__sox,BD4,61,8,3,7,5,5,0,1f0b371f99c149b47c8b51955a66137c8d49a59bb0ef28616202416307f44132,77773416b2b92d702923e2a73c1b6be6795405deb67331a7c1fb8111255952dc,0.0,0.5312351722822356,0.3209849505081369,False,0.81967,0.96721,0.84653,0.7607247369404146,0.9292743552730823,270,1560,1,3,5
L_f1_W0,primary_full_coverage,soxmp3__sox,BD4,61,8,5,7,5,5,0,1f0b371f99c149b47c8b51955a66137c8d49a59bb0ef28616202416307f44132,77773416b2b92d702923e2a73c1b6be6795405deb67331a7c1fb8111255952dc,0.0,0.5278785645090375,0.31040947645427164,False,0.81967,0.96721,0.84653,0.7607247369404146,0.9292743552730823,270,1560,1,3,5
L_f1_W0,primary_full_coverage,soxmp3__sox,BLD4,61,2,1,7,20,16,4,7cdfea569c408fe6ee2e7e4195ecd3cfbd76ad4bad4828bdec743f6c15955868,4579f774c61ff5d49c6d9c6a80f3ed39e04dadc8069bdeed719727c000da76c5,0.0,0.6892229151744728,1.0,False,0.98361,0.54098,0.67123,0.5242709268799924,0.9355972498144111,270,1560,5,1,0
L_f1_W0,primary_full_coverage,soxmp3__sox,BLD4,61,2,2,7,12,10,2,7cdfea569c408fe6ee2e7e4195ecd3cfbd76ad4bad4828bdec743f6c15955868,4c6175dd57c14e2c691612e317f12de95ff51a107c9ca2cb9d87a9549980b780,0.0,0.5352125566481404,1.0,False,0.93443,0.72131,0.78567,0.6755452933657692,0.9355972498144111,270,1560,4,3,2
L_f1_W0,primary_full_coverage,soxmp3__sox,BLD4,61,2,3,7,12,8,4,7cdfea569c408fe6ee2e7e4195ecd3cfbd76ad4bad4828bdec743f6c15955868,6d3b709941a9421800d9e8661e404f75052a572a36466d61aafd3bf29218e7d0,0.0,0.6171406995143006,1.0,False,0.93443,0.78689,0.82754,0.7004753113092667,0.9355972498144111,270,1560,4,3,3
L_f1_W0,primary_full_coverage,soxmp3__sox,BLD4,61,2,5,7,11,6,5,7cdfea569c408fe6ee2e7e4195ecd3cfbd76ad4bad4828bdec743f6c15955868,de798f93f4462f64dacf9003551aafc8b52307a44a9e4184d40511f8ad10d76d,0.0,0.698982065307146,1.0,False,0.93443,0.86885,0.87068,0.8158610665971006,0.9355972498144111,270,1560,2,3,3
L_f1_W0,primary_full_coverage,soxmp3__sox,BLD4,61,3,1,7,12,10,2,7cdfea569c408fe6ee2e7e4195ecd3cfbd76ad4bad4828bdec743f6c15955868,00dbfc34d5315468f9e16109e0859e2f62198c73ed8abcbcf6ef815c205fd0e1,0.0,0.6343907051227081,1.0,False,0.93443,0.70492,0.77361,0.6662245067153043,0.9355972498144111,270,1560,4,3,2
L_f1_W0,primary_full_coverage,soxmp3__sox,BLD4,61,3,2,7,12,10,2,7cdfea569c408fe6ee2e7e4195ecd3cfbd76ad4bad4828bdec743f6c15955868,4c6175dd57c14e2c691612e317f12de95ff51a107c9ca2cb9d87a9549980b780,0.0,0.5352125566481404,1.0,False,0.93443,0.72131,0.78567,0.6755452933657692,0.9355972498144111,270,1560,4,3,2
L_f1_W0,primary_full_coverage,soxmp3__sox,BLD4,61,3,3,7,9,7,2,7cdfea569c408fe6ee2e7e4195ecd3cfbd76ad4bad4828bdec743f6c15955868,38436cfbb77fc254d8b0c76abfd455996e750822dce58aa7b0534646a1baabf3,0.0,0.6818354920640324,1.0,False,0.93443,0.85246,0.86852,0.78070701018574,0.9355972498144111,270,1560,3,3,3
L_f1_W0,primary_full_coverage,soxmp3__sox,BLD4,61,3,5,7,11,6,5,7cdfea569c408fe6ee2e7e4195ecd3cfbd76ad4bad4828bdec743f6c15955868,de798f93f4462f64dacf9003551aafc8b52307a44a9e4184d40511f8ad10d76d,0.0,0.698982065307146,1.0,False,0.93443,0.86885,0.87068,0.8158610665971006,0.9355972498144111,270,1560,2,3,3
L_f1_W0,primary_full_coverage,soxmp3__sox,BLD4,61,4,1,7,10,8,2,7cdfea569c408fe6ee2e7e4195ecd3cfbd76ad4bad4828bdec743f6c15955868,72a16d37cf6ae111672922c193a43c59b0bd5a7fe0ab1927a2e86a43c6e923d4,0.0,0.6235366266138399,1.0,False,0.93443,0.78689,0.82754,0.7148644437519477,0.9355972498144111,270,1560,4,3,3
L_f1_W0,primary_full_coverage,soxmp3__sox,BLD4,61,4,2,7,9,7,2,7cdfea569c408fe6ee2e7e4195ecd3cfbd76ad4bad4828bdec743f6c15955868,38436cfbb77fc254d8b0c76abfd455996e750822dce58aa7b0534646a1baabf3,0.0,0.6848328744010883,1.0,False,0.93443,0.85246,0.86852,0.78070701018574,0.9355972498144111,270,1560,3,3,3
L_f1_W0,primary_full_coverage,soxmp3__sox,BLD4,61,4,3,7,9,7,2,7cdfea569c408fe6ee2e7e4195ecd3cfbd76ad4bad4828bdec743f6c15955868,38436cfbb77fc254d8b0c76abfd455996e750822dce58aa7b0534646a1baabf3,0.0,0.6818354920640324,1.0,False,0.93443,0.85246,0.86852,0.78070701018574,0.9355972498144111,270,1560,3,3,3
L_f1_W0,primary_full_coverage,soxmp3__sox,BLD4,61,4,5,7,11,6,5,7cdfea569c408fe6ee2e7e4195ecd3cfbd76ad4bad4828bdec743f6c15955868,de798f93f4462f64dacf9003551aafc8b52307a44a9e4184d40511f8ad10d76d,0.0,0.698982065307146,1.0,False,0.93443,0.86885,0.87068,0.8158610665971006,0.9355972498144111,270,1560,2,3,3
L_f1_W0,primary_full_coverage,soxmp3__sox,BLD4,61,5,1,7,8,6,2,7cdfea569c408fe6ee2e7e4195ecd3cfbd76ad4bad4828bdec743f6c15955868,f4088ddd2728ef002b6c0d2910c065afc39a850cbb0836c72fc0e6d999f7029e,0.0,0.6814585836077653,1.0,False,0.93443,0.91803,0.90951,0.8416498413614075,0.9355972498144111,270,1560,2,3,3
L_f1_W0,primary_full_coverage,soxmp3__sox,BLD4,61,5,2,7,8,6,2,7cdfea569c408fe6ee2e7e4195ecd3cfbd76ad4bad4828bdec743f6c15955868,f4088ddd2728ef002b6c0d2910c065afc39a850cbb0836c72fc0e6d999f7029e,0.0,0.6805433109415937,1.0,False,0.93443,0.91803,0.90951,0.8416498413614075,0.9355972498144111,270,1560,2,3,3
L_f1_W0,primary_full_coverage,soxmp3__sox,BLD4,61,5,3,7,8,6,2,7cdfea569c408fe6ee2e7e4195ecd3cfbd76ad4bad4828bdec743f6c15955868,f4088ddd2728ef002b6c0d2910c065afc39a850cbb0836c72fc0e6d999f7029e,0.0,0.6775459286045378,1.0,False,0.93443,0.91803,0.90951,0.8416498413614075,0.9355972498144111,270,1560,2,3,3
L_f1_W0,primary_full_coverage,soxmp3__sox,BLD4,61,5,5,7,11,6,5,7cdfea569c408fe6ee2e7e4195ecd3cfbd76ad4bad4828bdec743f6c15955868,de798f93f4462f64dacf9003551aafc8b52307a44a9e4184d40511f8ad10d76d,0.0,0.698982065307146,1.0,False,0.93443,0.86885,0.87068,0.8158610665971006,0.9355972498144111,270,1560,2,3,3
L_f1_W0,primary_full_coverage,soxmp3__sox,BLD4,61,8,1,7,8,6,2,7cdfea569c408fe6ee2e7e4195ecd3cfbd76ad4bad4828bdec743f6c15955868,f4088ddd2728ef002b6c0d2910c065afc39a850cbb0836c72fc0e6d999f7029e,0.0,0.6814585836077653,0.300818286471942,False,0.93443,0.91803,0.90951,0.8416498413614075,0.9355972498144111,270,1560,2,3,3
L_f1_W0,primary_full_coverage,soxmp3__sox,BLD4,61,8,2,7,8,6,2,7cdfea569c408fe6ee2e7e4195ecd3cfbd76ad4bad4828bdec743f6c15955868,f4088ddd2728ef002b6c0d2910c065afc39a850cbb0836c72fc0e6d999f7029e,0.0,0.6805433109415937,0.29318146722251875,False,0.93443,0.91803,0.90951,0.8416498413614075,0.9355972498144111,270,1560,2,3,3
L_f1_W0,primary_full_coverage,soxmp3__sox,BLD4,61,8,3,7,8,6,2,7cdfea569c408fe6ee2e7e4195ecd3cfbd76ad4bad4828bdec743f6c15955868,f4088ddd2728ef002b6c0d2910c065afc39a850cbb0836c72fc0e6d999f7029e,0.0,0.6775459286045378,0.2867614853978561,False,0.93443,0.91803,0.90951,0.8416498413614075,0.9355972498144111,270,1560,2,3,3
L_f1_W0,primary_full_coverage,soxmp3__sox,BLD4,61,8,5,7,7,5,2,7cdfea569c408fe6ee2e7e4195ecd3cfbd76ad4bad4828bdec743f6c15955868,5c760fa5b0059fb4a3fe0405577c66a80ae3326d8554105ae1a7729a04aecf42,0.0,0.5563001294575218,0.3256330318573845,False,0.85246,0.96721,0.86144,0.790928601172363,0.9355972498144111,270,1560,1,2,3
L_f1_W5,primary_full_coverage,freetype__char2svg,B,51,2,1,6,15,9,6,57e5f2e8c0d41c18c1fc33f59c8ccd591b3a7bc7a260e8dfe0433acb4abdb7aa,2b8db93a78cf2ed64649a320b0dc05d142e3e243ac6f90af6478ebc79455da3a,0.0,0.46813805664456765,1.0,False,1.0,0.70588,0.79638,0.6965438663121915,0.9597579457352423,225,1050,3,0,0
L_f1_W5,primary_full_coverage,freetype__char2svg,B,51,2,2,6,6,5,1,57e5f2e8c0d41c18c1fc33f59c8ccd591b3a7bc7a260e8dfe0433acb4abdb7aa,16aa8f52a0435862d1c98b0513280329333f4cea6186a74cdc88d6fa8ab644fc,0.0,0.5177971102038702,0.12215738530695579,False,1.0,1.0,1.0,1.0,0.9597579457352423,225,1050,0,0,0
L_f1_W5,primary_full_coverage,freetype__char2svg,B,51,2,3,6,6,5,1,57e5f2e8c0d41c18c1fc33f59c8ccd591b3a7bc7a260e8dfe0433acb4abdb7aa,16aa8f52a0435862d1c98b0513280329333f4cea6186a74cdc88d6fa8ab644fc,0.0,0.491612661588806,0.17939587048667466,False,1.0,1.0,1.0,1.0,0.9597579457352423,225,1050,0,0,0
L_f1_W5,primary_full_coverage,freetype__char2svg,B,51,2,5,6,6,5,1,57e5f2e8c0d41c18c1fc33f59c8ccd591b3a7bc7a260e8dfe0433acb4abdb7aa,16aa8f52a0435862d1c98b0513280329333f4cea6186a74cdc88d6fa8ab644fc,0.0,0.47488006642172453,0.1363288512118729,False,1.0,1.0,1.0,1.0,0.9597579457352423,225,1050,0,0,0
L_f1_W5,primary_full_coverage,freetype__char2svg,B,51,3,1,6,8,6,2,57e5f2e8c0d41c18c1fc33f59c8ccd591b3a7bc7a260e8dfe0433acb4abdb7aa,246974936995b5f95dd8672a2e0f102fcb3a3139c7acbc71296f6609f8991817,0.0,0.583555205943569,0.128053835703972,False,1.0,0.92157,0.95098,0.9235382308845578,0.9597579457352423,225,1050,1,0,0
L_f1_W5,primary_full_coverage,freetype__char2svg,B,51,3,2,6,6,5,1,57e5f2e8c0d41c18c1fc33f59c8ccd591b3a7bc7a260e8dfe0433acb4abdb7aa,16aa8f52a0435862d1c98b0513280329333f4cea6186a74cdc88d6fa8ab644fc,0.0,0.5177971102038702,0.12108626837321754,False,1.0,1.0,1.0,1.0,0.9597579457352423,225,1050,0,0,0
L_f1_W5,primary_full_coverage,freetype__char2svg,B,51,3,3,6,6,5,1,57e5f2e8c0d41c18c1fc33f59c8ccd591b3a7bc7a260e8dfe0433acb4abdb7aa,16aa8f52a0435862d1c98b0513280329333f4cea6186a74cdc88d6fa8ab644fc,0.0,0.491612661588806,0.1979276675761469,False,1.0,1.0,1.0,1.0,0.9597579457352423,225,1050,0,0,0
L_f1_W5,primary_full_coverage,freetype__char2svg,B,51,3,5,6,6,5,1,57e5f2e8c0d41c18c1fc33f59c8ccd591b3a7bc7a260e8dfe0433acb4abdb7aa,16aa8f52a0435862d1c98b0513280329333f4cea6186a74cdc88d6fa8ab644fc,0.0,0.47488006642172453,0.13639598990323365,False,1.0,1.0,1.0,1.0,0.9597579457352423,225,1050,0,0,0
L_f1_W5,primary_full_coverage,freetype__char2svg,B,51,4,1,6,6,5,1,57e5f2e8c0d41c18c1fc33f59c8ccd591b3a7bc7a260e8dfe0433acb4abdb7aa,16aa8f52a0435862d1c98b0513280329333f4cea6186a74cdc88d6fa8ab644fc,0.0,0.578090354741812,0.19790160923662828,False,1.0,1.0,1.0,1.0,0.9597579457352423,225,1050,0,0,0
L_f1_W5,primary_full_coverage,freetype__char2svg,B,51,4,2,6,6,5,1,57e5f2e8c0d41c18c1fc33f59c8ccd591b3a7bc7a260e8dfe0433acb4abdb7aa,16aa8f52a0435862d1c98b0513280329333f4cea6186a74cdc88d6fa8ab644fc,0.0,0.5177971102038702,0.18892770035809292,False,1.0,1.0,1.0,1.0,0.9597579457352423,225,1050,0,0,0
L_f1_W5,primary_full_coverage,freetype__char2svg,B,51,4,3,6,6,5,1,57e5f2e8c0d41c18c1fc33f59c8ccd591b3a7bc7a260e8dfe0433acb4abdb7aa,16aa8f52a0435862d1c98b0513280329333f4cea6186a74cdc88d6fa8ab644fc,0.0,0.491612661588806,0.19544741993540315,False,1.0,1.0,1.0,1.0,0.9597579457352423,225,1050,0,0,0
L_f1_W5,primary_full_coverage,freetype__char2svg,B,51,4,5,6,6,5,1,57e5f2e8c0d41c18c1fc33f59c8ccd591b3a7bc7a260e8dfe0433acb4abdb7aa,16aa8f52a0435862d1c98b0513280329333f4cea6186a74cdc88d6fa8ab644fc,0.0,0.47488006642172453,0.13839154746560028,False,1.0,1.0,1.0,1.0,0.9597579457352423,225,1050,0,0,0
L_f1_W5,primary_full_coverage,freetype__char2svg,B,51,5,1,6,6,5,1,57e5f2e8c0d41c18c1fc33f59c8ccd591b3a7bc7a260e8dfe0433acb4abdb7aa,16aa8f52a0435862d1c98b0513280329333f4cea6186a74cdc88d6fa8ab644fc,0.0,0.578090354741812,0.1463092824570142,False,1.0,1.0,1.0,1.0,0.9597579457352423,225,1050,0,0,0
L_f1_W5,primary_full_coverage,freetype__char2svg,B,51,5,2,6,6,5,1,57e5f2e8c0d41c18c1fc33f59c8ccd591b3a7bc7a260e8dfe0433acb4abdb7aa,16aa8f52a0435862d1c98b0513280329333f4cea6186a74cdc88d6fa8ab644fc,0.0,0.5177971102038702,0.14804757782526687,False,1.0,1.0,1.0,1.0,0.9597579457352423,225,1050,0,0,0
L_f1_W5,primary_full_coverage,freetype__char2svg,B,51,5,3,6,6,5,1,57e5f2e8c0d41c18c1fc33f59c8ccd591b3a7bc7a260e8dfe0433acb4abdb7aa,16aa8f52a0435862d1c98b0513280329333f4cea6186a74cdc88d6fa8ab644fc,0.0,0.491612661588806,0.14889302639883456,False,1.0,1.0,1.0,1.0,0.9597579457352423,225,1050,0,0,0
L_f1_W5,primary_full_coverage,freetype__char2svg,B,51,5,5,6,6,5,1,57e5f2e8c0d41c18c1fc33f59c8ccd591b3a7bc7a260e8dfe0433acb4abdb7aa,16aa8f52a0435862d1c98b0513280329333f4cea6186a74cdc88d6fa8ab644fc,0.0,0.47488006642172453,0.14802424107668993,False,1.0,1.0,1.0,1.0,0.9597579457352423,225,1050,0,0,0
L_f1_W5,primary_full_coverage,freetype__char2svg,B,51,8,1,6,6,5,1,57e5f2e8c0d41c18c1fc33f59c8ccd591b3a7bc7a260e8dfe0433acb4abdb7aa,16aa8f52a0435862d1c98b0513280329333f4cea6186a74cdc88d6fa8ab644fc,0.0,0.578090354741812,0.5509180305939582,False,1.0,1.0,1.0,1.0,0.9597579457352423,225,1050,0,0,0
L_f1_W5,primary_full_coverage,freetype__char2svg,B,51,8,2,6,6,5,1,57e5f2e8c0d41c18c1fc33f59c8ccd591b3a7bc7a260e8dfe0433acb4abdb7aa,16aa8f52a0435862d1c98b0513280329333f4cea6186a74cdc88d6fa8ab644fc,0.0,0.5177971102038702,0.5404952185851964,False,1.0,1.0,1.0,1.0,0.9597579457352423,225,1050,0,0,0
L_f1_W5,primary_full_coverage,freetype__char2svg,B,51,8,3,6,6,5,1,57e5f2e8c0d41c18c1fc33f59c8ccd591b3a7bc7a260e8dfe0433acb4abdb7aa,16aa8f52a0435862d1c98b0513280329333f4cea6186a74cdc88d6fa8ab644fc,0.0,0.491612661588806,0.514329218495964,False,1.0,1.0,1.0,1.0,0.9597579457352423,225,1050,0,0,0
L_f1_W5,primary_full_coverage,freetype__char2svg,B,51,8,5,6,6,5,1,57e5f2e8c0d41c18c1fc33f59c8ccd591b3a7bc7a260e8dfe0433acb4abdb7aa,16aa8f52a0435862d1c98b0513280329333f4cea6186a74cdc88d6fa8ab644fc,0.0,0.47488006642172453,0.5082972494013669,False,1.0,1.0,1.0,1.0,0.9597579457352423,225,1050,0,0,0
L_f1_W5,primary_full_coverage,freetype__char2svg,BL,51,2,1,6,16,8,8,0ae51b0a708495866a9e795e8dbeba656e7d8ad706c43228649f41f7396a67ec,faa64dd37fc83d545973ee8281b692a6da564715f92e364f73c61aa3223ce069,0.0,0.5596522993499701,1.0,False,1.0,0.70588,0.79638,0.69267364414843,1.0,225,1050,3,0,0
L_f1_W5,primary_full_coverage,freetype__char2svg,BL,51,2,2,6,9,6,3,0ae51b0a708495866a9e795e8dbeba656e7d8ad706c43228649f41f7396a67ec,19223440830308e73999e46ec2b59a67852e978405625c88706128b665cb44bb,0.0,0.6559632109951824,0.12448914200418759,False,1.0,0.92157,0.95098,0.9175723123223541,1.0,225,1050,1,0,0
L_f1_W5,primary_full_coverage,freetype__char2svg,BL,51,2,3,6,6,5,1,0ae51b0a708495866a9e795e8dbeba656e7d8ad706c43228649f41f7396a67ec,8777070a1c328031b59f26654aafb2dee37bb7cb494665ef13c0c3d6aee602d9,0.0,0.7187278200064195,0.18335498845604103,False,1.0,1.0,1.0,1.0,1.0,225,1050,0,0,0
L_f1_W5,primary_full_coverage,freetype__char2svg,BL,51,2,5,6,6,5,1,0ae51b0a708495866a9e795e8dbeba656e7d8ad706c43228649f41f7396a67ec,8777070a1c328031b59f26654aafb2dee37bb7cb494665ef13c0c3d6aee602d9,0.0,0.7146322092921631,0.14662862119991793,False,1.0,1.0,1.0,1.0,1.0,225,1050,0,0,0
L_f1_W5,primary_full_coverage,freetype__char2svg,BL,51,3,1,6,7,6,1,0ae51b0a708495866a9e795e8dbeba656e7d8ad706c43228649f41f7396a67ec,38ceab2c124c4eef3613fde049bdf9945189e95fb162c8c5e0754fa1a67a3202,0.0,0.6348723535760337,0.12788546751641902,False,0.98039,0.92157,0.9253,0.8971045313266809,1.0,225,1050,1,1,2
L_f1_W5,primary_full_coverage,freetype__char2svg,BL,51,3,2,6,6,5,1,0ae51b0a708495866a9e795e8dbeba656e7d8ad706c43228649f41f7396a67ec,8777070a1c328031b59f26654aafb2dee37bb7cb494665ef13c0c3d6aee602d9,0.0,0.7236610377501486,0.12290362387944413,False,1.0,1.0,1.0,1.0,1.0,225,1050,0,0,0
L_f1_W5,primary_full_coverage,freetype__char2svg,BL,51,3,3,6,6,5,1,0ae51b0a708495866a9e795e8dbeba656e7d8ad706c43228649f41f7396a67ec,8777070a1c328031b59f26654aafb2dee37bb7cb494665ef13c0c3d6aee602d9,0.0,0.7187278200064195,0.20249501868797815,False,1.0,1.0,1.0,1.0,1.0,225,1050,0,0,0
L_f1_W5,primary_full_coverage,freetype__char2svg,BL,51,3,5,6,6,5,1,0ae51b0a708495866a9e795e8dbeba656e7d8ad706c43228649f41f7396a67ec,8777070a1c328031b59f26654aafb2dee37bb7cb494665ef13c0c3d6aee602d9,0.0,0.7146322092921631,0.14670742502859802,False,1.0,1.0,1.0,1.0,1.0,225,1050,0,0,0
L_f1_W5,primary_full_coverage,freetype__char2svg,BL,51,4,1,6,5,5,0,0ae51b0a708495866a9e795e8dbeba656e7d8ad706c43228649f41f7396a67ec,b280dbc72896df45d9dfb7b732c9e8346fb80e40c1d53aed9f1d5bd3f14dd1b3,0.0,0.6987848448828851,0.20096375945611827,False,0.98039,1.0,0.97432,0.9734789391575663,1.0,225,1050,0,1,2
L_f1_W5,primary_full_coverage,freetype__char2svg,BL,51,4,2,6,6,5,1,0ae51b0a708495866a9e795e8dbeba656e7d8ad706c43228649f41f7396a67ec,8777070a1c328031b59f26654aafb2dee37bb7cb494665ef13c0c3d6aee602d9,0.0,0.7236610377501486,0.19267644795917993,False,1.0,1.0,1.0,1.0,1.0,225,1050,0,0,0
L_f1_W5,primary_full_coverage,freetype__char2svg,BL,51,4,3,6,6,5,1,0ae51b0a708495866a9e795e8dbeba656e7d8ad706c43228649f41f7396a67ec,8777070a1c328031b59f26654aafb2dee37bb7cb494665ef13c0c3d6aee602d9,0.0,0.7187278200064195,0.20008586088330596,False,1.0,1.0,1.0,1.0,1.0,225,1050,0,0,0
L_f1_W5,primary_full_coverage,freetype__char2svg,BL,51,4,5,6,6,5,1,0ae51b0a708495866a9e795e8dbeba656e7d8ad706c43228649f41f7396a67ec,8777070a1c328031b59f26654aafb2dee37bb7cb494665ef13c0c3d6aee602d9,0.0,0.7146322092921631,0.14898318295596022,False,1.0,1.0,1.0,1.0,1.0,225,1050,0,0,0
L_f1_W5,primary_full_coverage,freetype__char2svg,BL,51,5,1,6,5,5,0,0ae51b0a708495866a9e795e8dbeba656e7d8ad706c43228649f41f7396a67ec,b280dbc72896df45d9dfb7b732c9e8346fb80e40c1d53aed9f1d5bd3f14dd1b3,0.0,0.6987848448828851,0.15437469559302813,False,0.98039,1.0,0.97432,0.9734789391575663,1.0,225,1050,0,1,2
L_f1_W5,primary_full_coverage,freetype__char2svg,BL,51,5,2,6,6,5,1,0ae51b0a708495866a9e795e8dbeba656e7d8ad706c43228649f41f7396a67ec,8777070a1c328031b59f26654aafb2dee37bb7cb494665ef13c0c3d6aee602d9,0.0,0.7236610377501486,0.15747599606221224,False,1.0,1.0,1.0,1.0,1.0,225,1050,0,0,0
L_f1_W5,primary_full_coverage,freetype__char2svg,BL,51,5,3,6,6,5,1,0ae51b0a708495866a9e795e8dbeba656e7d8ad706c43228649f41f7396a67ec,8777070a1c328031b59f26654aafb2dee37bb7cb494665ef13c0c3d6aee602d9,0.0,0.7187278200064195,0.15903412966067565,False,1.0,1.0,1.0,1.0,1.0,225,1050,0,0,0
L_f1_W5,primary_full_coverage,freetype__char2svg,BL,51,5,5,6,6,5,1,0ae51b0a708495866a9e795e8dbeba656e7d8ad706c43228649f41f7396a67ec,8777070a1c328031b59f26654aafb2dee37bb7cb494665ef13c0c3d6aee602d9,0.0,0.7146322092921631,0.16038593129157244,False,1.0,1.0,1.0,1.0,1.0,225,1050,0,0,0
L_f1_W5,primary_full_coverage,freetype__char2svg,BL,51,8,1,6,5,5,0,0ae51b0a708495866a9e795e8dbeba656e7d8ad706c43228649f41f7396a67ec,b280dbc72896df45d9dfb7b732c9e8346fb80e40c1d53aed9f1d5bd3f14dd1b3,0.0,0.6987848448828851,0.7118280861503583,False,0.98039,1.0,0.97432,0.9734789391575663,1.0,225,1050,0,1,2
L_f1_W5,primary_full_coverage,freetype__char2svg,BL,51,8,2,6,6,5,1,0ae51b0a708495866a9e795e8dbeba656e7d8ad706c43228649f41f7396a67ec,8777070a1c328031b59f26654aafb2dee37bb7cb494665ef13c0c3d6aee602d9,0.0,0.7236610377501486,0.7133926664561943,False,1.0,1.0,1.0,1.0,1.0,225,1050,0,0,0
L_f1_W5,primary_full_coverage,freetype__char2svg,BL,51,8,3,6,6,5,1,0ae51b0a708495866a9e795e8dbeba656e7d8ad706c43228649f41f7396a67ec,8777070a1c328031b59f26654aafb2dee37bb7cb494665ef13c0c3d6aee602d9,0.0,0.7187278200064195,0.7089082607892643,False,1.0,1.0,1.0,1.0,1.0,225,1050,0,0,0
L_f1_W5,primary_full_coverage,freetype__char2svg,BL,51,8,5,6,6,5,1,0ae51b0a708495866a9e795e8dbeba656e7d8ad706c43228649f41f7396a67ec,8777070a1c328031b59f26654aafb2dee37bb7cb494665ef13c0c3d6aee602d9,0.0,0.7146322092921631,0.7215511295288566,False,1.0,1.0,1.0,1.0,1.0,225,1050,0,0,0
L_f1_W5,primary_full_coverage,freetype__char2svg,BD4,51,2,1,6,15,9,6,e2a7974a2fdfcdd920904f860b52148edaaa6529b8236988d19e490f887ea158,4c41fce82e37ee903a0e7e9183e656b9d170db1e19b28c44577c063fc1a7ba4c,0.0,0.5491615781599153,1.0,False,1.0,0.70588,0.79638,0.6965438663121915,1.0,225,1050,3,0,0
L_f1_W5,primary_full_coverage,freetype__char2svg,BD4,51,2,2,6,9,6,3,e2a7974a2fdfcdd920904f860b52148edaaa6529b8236988d19e490f887ea158,30295a1958b4b00d1db4465de06eb6e168efe9e487aee30edb43e2edbc3208ca,0.0,0.7540032209232623,0.12580766227690146,False,1.0,0.92157,0.95098,0.9175723123223541,1.0,225,1050,1,0,0
L_f1_W5,primary_full_coverage,freetype__char2svg,BD4,51,2,3,6,6,5,1,e2a7974a2fdfcdd920904f860b52148edaaa6529b8236988d19e490f887ea158,77fa88606dd22ca52f2063a2ff13fc15e39cc7e095d018b598b015a28f352eaa,0.0,0.7995308570071878,0.18518200400839308,False,1.0,1.0,1.0,1.0,1.0,225,1050,0,0,0
L_f1_W5,primary_full_coverage,freetype__char2svg,BD4,51,2,5,6,6,5,1,e2a7974a2fdfcdd920904f860b52148edaaa6529b8236988d19e490f887ea158,77fa88606dd22ca52f2063a2ff13fc15e39cc7e095d018b598b015a28f352eaa,0.0,0.792996796425399,0.14435926676284935,False,1.0,1.0,1.0,1.0,1.0,225,1050,0,0,0
L_f1_W5,primary_full_coverage,freetype__char2svg,BD4,51,3,1,6,8,6,2,e2a7974a2fdfcdd920904f860b52148edaaa6529b8236988d19e490f887ea158,c157d9495cd5c699c25a0b89d935e0618da9245a211049d14ab61f24dd23d439,0.0,0.7765454565357832,0.12942458267390025,False,1.0,0.92157,0.95098,0.9235382308845578,1.0,225,1050,1,0,0
L_f1_W5,primary_full_coverage,freetype__char2svg,BD4,51,3,2,6,6,5,1,e2a7974a2fdfcdd920904f860b52148edaaa6529b8236988d19e490f887ea158,77fa88606dd22ca52f2063a2ff13fc15e39cc7e095d018b598b015a28f352eaa,0.0,0.8062029734029467,0.12367141342595431,False,1.0,1.0,1.0,1.0,1.0,225,1050,0,0,0
L_f1_W5,primary_full_coverage,freetype__char2svg,BD4,51,3,3,6,6,5,1,e2a7974a2fdfcdd920904f860b52148edaaa6529b8236988d19e490f887ea158,77fa88606dd22ca52f2063a2ff13fc15e39cc7e095d018b598b015a28f352eaa,0.0,0.7995308570071878,0.20457827345381235,False,1.0,1.0,1.0,1.0,1.0,225,1050,0,0,0
L_f1_W5,primary_full_coverage,freetype__char2svg,BD4,51,3,5,6,6,5,1,e2a7974a2fdfcdd920904f860b52148edaaa6529b8236988d19e490f887ea158,77fa88606dd22ca52f2063a2ff13fc15e39cc7e095d018b598b015a28f352eaa,0.0,0.792996796425399,0.1444890393888933,False,1.0,1.0,1.0,1.0,1.0,225,1050,0,0,0
L_f1_W5,primary_full_coverage,freetype__char2svg,BD4,51,4,1,6,6,5,1,e2a7974a2fdfcdd920904f860b52148edaaa6529b8236988d19e490f887ea158,77fa88606dd22ca52f2063a2ff13fc15e39cc7e095d018b598b015a28f352eaa,0.0,0.834757250186428,0.2034427283404742,False,1.0,1.0,1.0,1.0,1.0,225,1050,0,0,0
L_f1_W5,primary_full_coverage,freetype__char2svg,BD4,51,4,2,6,6,5,1,e2a7974a2fdfcdd920904f860b52148edaaa6529b8236988d19e490f887ea158,77fa88606dd22ca52f2063a2ff13fc15e39cc7e095d018b598b015a28f352eaa,0.0,0.8062029734029467,0.19433684509575155,False,1.0,1.0,1.0,1.0,1.0,225,1050,0,0,0
L_f1_W5,primary_full_coverage,freetype__char2svg,BD4,51,4,3,6,6,5,1,e2a7974a2fdfcdd920904f860b52148edaaa6529b8236988d19e490f887ea158,77fa88606dd22ca52f2063a2ff13fc15e39cc7e095d018b598b015a28f352eaa,0.0,0.7995308570071878,0.20200936370343864,False,1.0,1.0,1.0,1.0,1.0,225,1050,0,0,0
L_f1_W5,primary_full_coverage,freetype__char2svg,BD4,51,4,5,6,6,5,1,e2a7974a2fdfcdd920904f860b52148edaaa6529b8236988d19e490f887ea158,77fa88606dd22ca52f2063a2ff13fc15e39cc7e095d018b598b015a28f352eaa,0.0,0.792996796425399,0.14669011280721533,False,1.0,1.0,1.0,1.0,1.0,225,1050,0,0,0
L_f1_W5,primary_full_coverage,freetype__char2svg,BD4,51,5,1,6,6,5,1,e2a7974a2fdfcdd920904f860b52148edaaa6529b8236988d19e490f887ea158,77fa88606dd22ca52f2063a2ff13fc15e39cc7e095d018b598b015a28f352eaa,0.0,0.834757250186428,0.15244014090373043,False,1.0,1.0,1.0,1.0,1.0,225,1050,0,0,0
L_f1_W5,primary_full_coverage,freetype__char2svg,BD4,51,5,2,6,6,5,1,e2a7974a2fdfcdd920904f860b52148edaaa6529b8236988d19e490f887ea158,77fa88606dd22ca52f2063a2ff13fc15e39cc7e095d018b598b015a28f352eaa,0.0,0.8062029734029467,0.15529739456895708,False,1.0,1.0,1.0,1.0,1.0,225,1050,0,0,0
L_f1_W5,primary_full_coverage,freetype__char2svg,BD4,51,5,3,6,6,5,1,e2a7974a2fdfcdd920904f860b52148edaaa6529b8236988d19e490f887ea158,77fa88606dd22ca52f2063a2ff13fc15e39cc7e095d018b598b015a28f352eaa,0.0,0.7995308570071878,0.15669635160866283,False,1.0,1.0,1.0,1.0,1.0,225,1050,0,0,0
L_f1_W5,primary_full_coverage,freetype__char2svg,BD4,51,5,5,6,6,5,1,e2a7974a2fdfcdd920904f860b52148edaaa6529b8236988d19e490f887ea158,77fa88606dd22ca52f2063a2ff13fc15e39cc7e095d018b598b015a28f352eaa,0.0,0.792996796425399,0.1577217681313773,False,1.0,1.0,1.0,1.0,1.0,225,1050,0,0,0
L_f1_W5,primary_full_coverage,freetype__char2svg,BD4,51,8,1,6,6,5,1,e2a7974a2fdfcdd920904f860b52148edaaa6529b8236988d19e490f887ea158,77fa88606dd22ca52f2063a2ff13fc15e39cc7e095d018b598b015a28f352eaa,0.0,0.834757250186428,0.7247054427077232,False,1.0,1.0,1.0,1.0,1.0,225,1050,0,0,0
L_f1_W5,primary_full_coverage,freetype__char2svg,BD4,51,8,2,6,6,5,1,e2a7974a2fdfcdd920904f860b52148edaaa6529b8236988d19e490f887ea158,77fa88606dd22ca52f2063a2ff13fc15e39cc7e095d018b598b015a28f352eaa,0.0,0.8062029734029467,0.6997324673050547,False,1.0,1.0,1.0,1.0,1.0,225,1050,0,0,0
L_f1_W5,primary_full_coverage,freetype__char2svg,BD4,51,8,3,6,6,5,1,e2a7974a2fdfcdd920904f860b52148edaaa6529b8236988d19e490f887ea158,77fa88606dd22ca52f2063a2ff13fc15e39cc7e095d018b598b015a28f352eaa,0.0,0.7995308570071878,0.6806628863819093,False,1.0,1.0,1.0,1.0,1.0,225,1050,0,0,0
L_f1_W5,primary_full_coverage,freetype__char2svg,BD4,51,8,5,6,6,5,1,e2a7974a2fdfcdd920904f860b52148edaaa6529b8236988d19e490f887ea158,77fa88606dd22ca52f2063a2ff13fc15e39cc7e095d018b598b015a28f352eaa,0.0,0.792996796425399,0.703501749914078,False,1.0,1.0,1.0,1.0,1.0,225,1050,0,0,0
L_f1_W5,primary_full_coverage,freetype__char2svg,BLD4,51,2,1,6,16,8,8,20f1dbb522ac5fedd1e3b3f6d653bc8fb24aa052be882c3991ca3b3360332326,faa64dd37fc83d545973ee8281b692a6da564715f92e364f73c61aa3223ce069,0.0,0.5641186495673837,1.0,False,1.0,0.70588,0.79638,0.69267364414843,1.0,225,1050,3,0,0
L_f1_W5,primary_full_coverage,freetype__char2svg,BLD4,51,2,2,6,6,5,1,20f1dbb522ac5fedd1e3b3f6d653bc8fb24aa052be882c3991ca3b3360332326,8777070a1c328031b59f26654aafb2dee37bb7cb494665ef13c0c3d6aee602d9,0.0,0.7705433870221812,0.12401734220150358,False,1.0,1.0,1.0,1.0,1.0,225,1050,0,0,0
L_f1_W5,primary_full_coverage,freetype__char2svg,BLD4,51,2,3,6,6,5,1,20f1dbb522ac5fedd1e3b3f6d653bc8fb24aa052be882c3991ca3b3360332326,8777070a1c328031b59f26654aafb2dee37bb7cb494665ef13c0c3d6aee602d9,0.0,0.7671393962458375,0.18381929805846395,False,1.0,1.0,1.0,1.0,1.0,225,1050,0,0,0
L_f1_W5,primary_full_coverage,freetype__char2svg,BLD4,51,2,5,6,6,5,1,20f1dbb522ac5fedd1e3b3f6d653bc8fb24aa052be882c3991ca3b3360332326,8777070a1c328031b59f26654aafb2dee37bb7cb494665ef13c0c3d6aee602d9,0.0,0.7638500722593234,0.14590792050401755,False,1.0,1.0,1.0,1.0,1.0,225,1050,0,0,0
L_f1_W5,primary_full_coverage,freetype__char2svg,BLD4,51,3,1,6,8,6,2,20f1dbb522ac5fedd1e3b3f6d653bc8fb24aa052be882c3991ca3b3360332326,1d4c0b577206ad2af2b5476c7ca88ab0e8e979fa621dd48c4af986f8e5ef40c3,0.0,0.7197683968983271,0.12824348728240875,False,1.0,0.92157,0.95098,0.9235382308845578,1.0,225,1050,1,0,0
L_f1_W5,primary_full_coverage,freetype__char2svg,BLD4,51,3,2,6,6,5,1,20f1dbb522ac5fedd1e3b3f6d653bc8fb24aa052be882c3991ca3b3360332326,8777070a1c328031b59f26654aafb2dee37bb7cb494665ef13c0c3d6aee602d9,0.0,0.7705433870221812,0.12301555864548126,False,1.0,1.0,1.0,1.0,1.0,225,1050,0,0,0
L_f1_W5,primary_full_coverage,freetype__char2svg,BLD4,51,3,3,6,6,5,1,20f1dbb522ac5fedd1e3b3f6d653bc8fb24aa052be882c3991ca3b3360332326,8777070a1c328031b59f26654aafb2dee37bb7cb494665ef13c0c3d6aee602d9,0.0,0.7671393962458375,0.20306293486694224,False,1.0,1.0,1.0,1.0,1.0,225,1050,0,0,0
L_f1_W5,primary_full_coverage,freetype__char2svg,BLD4,51,3,5,6,6,5,1,20f1dbb522ac5fedd1e3b3f6d653bc8fb24aa052be882c3991ca3b3360332326,8777070a1c328031b59f26654aafb2dee37bb7cb494665ef13c0c3d6aee602d9,0.0,0.7638500722593234,0.145939199496601,False,1.0,1.0,1.0,1.0,1.0,225,1050,0,0,0
L_f1_W5,primary_full_coverage,freetype__char2svg,BLD4,51,4,1,6,6,5,1,20f1dbb522ac5fedd1e3b3f6d653bc8fb24aa052be882c3991ca3b3360332326,8777070a1c328031b59f26654aafb2dee37bb7cb494665ef13c0c3d6aee602d9,0.0,0.7866609565157028,0.20172855050045638,False,1.0,1.0,1.0,1.0,1.0,225,1050,0,0,0
L_f1_W5,primary_full_coverage,freetype__char2svg,BLD4,51,4,2,6,6,5,1,20f1dbb522ac5fedd1e3b3f6d653bc8fb24aa052be882c3991ca3b3360332326,8777070a1c328031b59f26654aafb2dee37bb7cb494665ef13c0c3d6aee602d9,0.0,0.7705433870221812,0.192798194087123,False,1.0,1.0,1.0,1.0,1.0,225,1050,0,0,0
L_f1_W5,primary_full_coverage,freetype__char2svg,BLD4,51,4,3,6,6,5,1,20f1dbb522ac5fedd1e3b3f6d653bc8fb24aa052be882c3991ca3b3360332326,8777070a1c328031b59f26654aafb2dee37bb7cb494665ef13c0c3d6aee602d9,0.0,0.7671393962458375,0.2005414357170742,False,1.0,1.0,1.0,1.0,1.0,225,1050,0,0,0
L_f1_W5,primary_full_coverage,freetype__char2svg,BLD4,51,4,5,6,6,5,1,20f1dbb522ac5fedd1e3b3f6d653bc8fb24aa052be882c3991ca3b3360332326,8777070a1c328031b59f26654aafb2dee37bb7cb494665ef13c0c3d6aee602d9,0.0,0.7638500722593234,0.1481885560383529,False,1.0,1.0,1.0,1.0,1.0,225,1050,0,0,0
L_f1_W5,primary_full_coverage,freetype__char2svg,BLD4,51,5,1,6,6,5,1,20f1dbb522ac5fedd1e3b3f6d653bc8fb24aa052be882c3991ca3b3360332326,8777070a1c328031b59f26654aafb2dee37bb7cb494665ef13c0c3d6aee602d9,0.0,0.7866609565157028,0.15368016608511983,False,1.0,1.0,1.0,1.0,1.0,225,1050,0,0,0
L_f1_W5,primary_full_coverage,freetype__char2svg,BLD4,51,5,2,6,6,5,1,20f1dbb522ac5fedd1e3b3f6d653bc8fb24aa052be882c3991ca3b3360332326,8777070a1c328031b59f26654aafb2dee37bb7cb494665ef13c0c3d6aee602d9,0.0,0.7705433870221812,0.15658259697910307,False,1.0,1.0,1.0,1.0,1.0,225,1050,0,0,0
L_f1_W5,primary_full_coverage,freetype__char2svg,BLD4,51,5,3,6,6,5,1,20f1dbb522ac5fedd1e3b3f6d653bc8fb24aa052be882c3991ca3b3360332326,8777070a1c328031b59f26654aafb2dee37bb7cb494665ef13c0c3d6aee602d9,0.0,0.7671393962458375,0.15823129173638417,False,1.0,1.0,1.0,1.0,1.0,225,1050,0,0,0
L_f1_W5,primary_full_coverage,freetype__char2svg,BLD4,51,5,5,6,6,5,1,20f1dbb522ac5fedd1e3b3f6d653bc8fb24aa052be882c3991ca3b3360332326,8777070a1c328031b59f26654aafb2dee37bb7cb494665ef13c0c3d6aee602d9,0.0,0.7638500722593234,0.15944011727070811,False,1.0,1.0,1.0,1.0,1.0,225,1050,0,0,0
L_f1_W5,primary_full_coverage,freetype__char2svg,BLD4,51,8,1,6,6,5,1,20f1dbb522ac5fedd1e3b3f6d653bc8fb24aa052be882c3991ca3b3360332326,8777070a1c328031b59f26654aafb2dee37bb7cb494665ef13c0c3d6aee602d9,0.0,0.7866609565157028,0.7465798116787834,False,1.0,1.0,1.0,1.0,1.0,225,1050,0,0,0
L_f1_W5,primary_full_coverage,freetype__char2svg,BLD4,51,8,2,6,6,5,1,20f1dbb522ac5fedd1e3b3f6d653bc8fb24aa052be882c3991ca3b3360332326,8777070a1c328031b59f26654aafb2dee37bb7cb494665ef13c0c3d6aee602d9,0.0,0.7705433870221812,0.7104067308209832,False,1.0,1.0,1.0,1.0,1.0,225,1050,0,0,0
L_f1_W5,primary_full_coverage,freetype__char2svg,BLD4,51,8,3,6,6,5,1,20f1dbb522ac5fedd1e3b3f6d653bc8fb24aa052be882c3991ca3b3360332326,8777070a1c328031b59f26654aafb2dee37bb7cb494665ef13c0c3d6aee602d9,0.0,0.7671393962458375,0.7052248889855794,False,1.0,1.0,1.0,1.0,1.0,225,1050,0,0,0
L_f1_W5,primary_full_coverage,freetype__char2svg,BLD4,51,8,5,6,6,5,1,20f1dbb522ac5fedd1e3b3f6d653bc8fb24aa052be882c3991ca3b3360332326,8777070a1c328031b59f26654aafb2dee37bb7cb494665ef13c0c3d6aee602d9,0.0,0.7638500722593234,0.7305670328647119,False,1.0,1.0,1.0,1.0,1.0,225,1050,0,0,0
L_f1_W5,primary_full_coverage,poppler__pdfimages,B,40,2,1,4,13,11,2,ae9c43363c0ce3d15f18a1a7a4f0b2fe4ccf86b44058e9e6d7f4898e7963f325,377fbedc457666dc2f5c5eada539ce76f47f44e6c625141b752299e0271725f8,0.0,0.4897957203646249,1.0,False,1.0,0.55,0.68635,0.48884165781083955,1.0,180,600,4,0,0
L_f1_W5,primary_full_coverage,poppler__pdfimages,B,40,2,2,4,8,7,1,ae9c43363c0ce3d15f18a1a7a4f0b2fe4ccf86b44058e9e6d7f4898e7963f325,747ad1dbfe9dfb895536c878609e744a2bd12ebd0c85f9546dd855fc958b1875,0.0,0.4733420604118006,1.0,False,1.0,0.7,0.81005,0.6878650227125244,1.0,180,600,3,0,0
L_f1_W5,primary_full_coverage,poppler__pdfimages,B,40,2,3,4,5,5,0,ae9c43363c0ce3d15f18a1a7a4f0b2fe4ccf86b44058e9e6d7f4898e7963f325,91bb4cdedcdd6b016940b37535d245bc93148b5b2cd8b462c337d81fa7e9092a,0.0,0.450698346647742,0.16830879977025875,False,1.0,0.9,0.9375,0.9090909090909091,1.0,180,600,1,0,0
L_f1_W5,primary_full_coverage,poppler__pdfimages,B,40,2,5,4,4,4,0,ae9c43363c0ce3d15f18a1a7a4f0b2fe4ccf86b44058e9e6d7f4898e7963f325,3c303e8588976c1374218400bece6f78ca37f2f8dc04111ea5caa9ae59554a23,0.0,0.6205526933439979,0.547537350299493,False,1.0,1.0,1.0,1.0,1.0,180,600,0,0,0
L_f1_W5,primary_full_coverage,poppler__pdfimages,B,40,3,1,4,8,7,1,ae9c43363c0ce3d15f18a1a7a4f0b2fe4ccf86b44058e9e6d7f4898e7963f325,747ad1dbfe9dfb895536c878609e744a2bd12ebd0c85f9546dd855fc958b1875,0.0,0.48693266488770226,1.0,False,1.0,0.7,0.81005,0.6878650227125244,1.0,180,600,3,0,0
L_f1_W5,primary_full_coverage,poppler__pdfimages,B,40,3,2,4,8,7,1,ae9c43363c0ce3d15f18a1a7a4f0b2fe4ccf86b44058e9e6d7f4898e7963f325,747ad1dbfe9dfb895536c878609e744a2bd12ebd0c85f9546dd855fc958b1875,0.0,0.4733420604118006,1.0,False,1.0,0.7,0.81005,0.6878650227125244,1.0,180,600,3,0,0
L_f1_W5,primary_full_coverage,poppler__pdfimages,B,40,3,3,4,5,5,0,ae9c43363c0ce3d15f18a1a7a4f0b2fe4ccf86b44058e9e6d7f4898e7963f325,91bb4cdedcdd6b016940b37535d245bc93148b5b2cd8b462c337d81fa7e9092a,0.0,0.450698346647742,0.16808579794998754,False,1.0,0.9,0.9375,0.9090909090909091,1.0,180,600,1,0,0
L_f1_W5,primary_full_coverage,poppler__pdfimages,B,40,3,5,4,4,4,0,ae9c43363c0ce3d15f18a1a7a4f0b2fe4ccf86b44058e9e6d7f4898e7963f325,3c303e8588976c1374218400bece6f78ca37f2f8dc04111ea5caa9ae59554a23,0.0,0.6205526933439979,0.5502677085174886,False,1.0,1.0,1.0,1.0,1.0,180,600,0,0,0
L_f1_W5,primary_full_coverage,poppler__pdfimages,B,40,4,1,4,5,5,0,ae9c43363c0ce3d15f18a1a7a4f0b2fe4ccf86b44058e9e6d7f4898e7963f325,91bb4cdedcdd6b016940b37535d245bc93148b5b2cd8b462c337d81fa7e9092a,0.0,0.46933821339971615,0.1777085749579227,False,1.0,0.9,0.9375,0.9090909090909091,1.0,180,600,1,0,0
L_f1_W5,primary_full_coverage,poppler__pdfimages,B,40,4,2,4,5,5,0,ae9c43363c0ce3d15f18a1a7a4f0b2fe4ccf86b44058e9e6d7f4898e7963f325,91bb4cdedcdd6b016940b37535d245bc93148b5b2cd8b462c337d81fa7e9092a,0.0,0.4668397927568522,0.1775168458265651,False,1.0,0.9,0.9375,0.9090909090909091,1.0,180,600,1,0,0
L_f1_W5,primary_full_coverage,poppler__pdfimages,B,40,4,3,4,5,5,0,ae9c43363c0ce3d15f18a1a7a4f0b2fe4ccf86b44058e9e6d7f4898e7963f325,91bb4cdedcdd6b016940b37535d245bc93148b5b2cd8b462c337d81fa7e9092a,0.0,0.450698346647742,0.16806519291956057,False,1.0,0.9,0.9375,0.9090909090909091,1.0,180,600,1,0,0
L_f1_W5,primary_full_coverage,poppler__pdfimages,B,40,4,5,4,4,4,0,ae9c43363c0ce3d15f18a1a7a4f0b2fe4ccf86b44058e9e6d7f4898e7963f325,3c303e8588976c1374218400bece6f78ca37f2f8dc04111ea5caa9ae59554a23,0.0,0.6205526933439979,0.5444124202471796,False,1.0,1.0,1.0,1.0,1.0,180,600,0,0,0
L_f1_W5,primary_full_coverage,poppler__pdfimages,B,40,5,1,4,4,4,0,ae9c43363c0ce3d15f18a1a7a4f0b2fe4ccf86b44058e9e6d7f4898e7963f325,3c303e8588976c1374218400bece6f78ca37f2f8dc04111ea5caa9ae59554a23,0.0,0.6531442294116495,0.14678847280010562,False,1.0,1.0,1.0,1.0,1.0,180,600,0,0,0
L_f1_W5,primary_full_coverage,poppler__pdfimages,B,40,5,2,4,4,4,0,ae9c43363c0ce3d15f18a1a7a4f0b2fe4ccf86b44058e9e6d7f4898e7963f325,3c303e8588976c1374218400bece6f78ca37f2f8dc04111ea5caa9ae59554a23,0.0,0.6506458087687856,0.14652361077598577,False,1.0,1.0,1.0,1.0,1.0,180,600,0,0,0
L_f1_W5,primary_full_coverage,poppler__pdfimages,B,40,5,3,4,4,4,0,ae9c43363c0ce3d15f18a1a7a4f0b2fe4ccf86b44058e9e6d7f4898e7963f325,3c303e8588976c1374218400bece6f78ca37f2f8dc04111ea5caa9ae59554a23,0.0,0.6346214767957183,0.1511622217883478,False,1.0,1.0,1.0,1.0,1.0,180,600,0,0,0
L_f1_W5,primary_full_coverage,poppler__pdfimages,B,40,5,5,4,4,4,0,ae9c43363c0ce3d15f18a1a7a4f0b2fe4ccf86b44058e9e6d7f4898e7963f325,3c303e8588976c1374218400bece6f78ca37f2f8dc04111ea5caa9ae59554a23,0.0,0.6205526933439979,0.5425795201746861,False,1.0,1.0,1.0,1.0,1.0,180,600,0,0,0
L_f1_W5,primary_full_coverage,poppler__pdfimages,B,40,8,1,4,4,4,0,ae9c43363c0ce3d15f18a1a7a4f0b2fe4ccf86b44058e9e6d7f4898e7963f325,3c303e8588976c1374218400bece6f78ca37f2f8dc04111ea5caa9ae59554a23,0.0,0.6531442294116495,0.5028495464554599,False,1.0,1.0,1.0,1.0,1.0,180,600,0,0,0
L_f1_W5,primary_full_coverage,poppler__pdfimages,B,40,8,2,4,4,4,0,ae9c43363c0ce3d15f18a1a7a4f0b2fe4ccf86b44058e9e6d7f4898e7963f325,3c303e8588976c1374218400bece6f78ca37f2f8dc04111ea5caa9ae59554a23,0.0,0.6506458087687856,0.4925250025134327,False,1.0,1.0,1.0,1.0,1.0,180,600,0,0,0
L_f1_W5,primary_full_coverage,poppler__pdfimages,B,40,8,3,4,4,4,0,ae9c43363c0ce3d15f18a1a7a4f0b2fe4ccf86b44058e9e6d7f4898e7963f325,3c303e8588976c1374218400bece6f78ca37f2f8dc04111ea5caa9ae59554a23,0.0,0.6346214767957183,0.4868370921254296,False,1.0,1.0,1.0,1.0,1.0,180,600,0,0,0
L_f1_W5,primary_full_coverage,poppler__pdfimages,B,40,8,5,4,4,4,0,ae9c43363c0ce3d15f18a1a7a4f0b2fe4ccf86b44058e9e6d7f4898e7963f325,3c303e8588976c1374218400bece6f78ca37f2f8dc04111ea5caa9ae59554a23,0.0,0.6205526933439979,0.4884964867508864,False,1.0,1.0,1.0,1.0,1.0,180,600,0,0,0
L_f1_W5,primary_full_coverage,poppler__pdfimages,BL,40,2,1,4,13,11,2,39e3965778d71e1dba125710020a3c337b1a7011e6b20ebea3eaa0aedaff6f7d,1a8373908f8ce622f03cad7a8aa50c9eba62f99342858cb29c880ae48df74bca,0.0,0.39712363519378424,1.0,False,1.0,0.525,0.66796,0.47109207708779444,1.0,180,600,4,0,0
L_f1_W5,primary_full_coverage,poppler__pdfimages,BL,40,2,2,4,8,7,1,39e3965778d71e1dba125710020a3c337b1a7011e6b20ebea3eaa0aedaff6f7d,2f67c62828573340599cc4f25785a98cdce33bd6a9e0bf1f30db1a068b9f5240,0.0,0.420670034164629,1.0,False,1.0,0.675,0.79167,0.6729826853969291,1.0,180,600,3,0,0
L_f1_W5,primary_full_coverage,poppler__pdfimages,BL,40,2,3,4,6,6,0,39e3965778d71e1dba125710020a3c337b1a7011e6b20ebea3eaa0aedaff6f7d,9ad5c55541ac0dddf0f603c1b40b3f97413beffa2b5849a817e0d69a4d702ae5,0.0,0.5655964542347797,0.1430581503729156,False,1.0,0.8,0.875,0.8088235294117647,1.0,180,600,2,0,0
L_f1_W5,primary_full_coverage,poppler__pdfimages,BL,40,2,5,4,4,4,0,39e3965778d71e1dba125710020a3c337b1a7011e6b20ebea3eaa0aedaff6f7d,204d637b2475cd45824038c82f275f453c811b9567b14ea0fdf0cdd935df91a8,0.0,0.7334218107467962,0.5536337086218194,False,1.0,1.0,1.0,1.0,1.0,180,600,0,0,0
L_f1_W5,primary_full_coverage,poppler__pdfimages,BL,40,3,1,4,8,7,1,39e3965778d71e1dba125710020a3c337b1a7011e6b20ebea3eaa0aedaff6f7d,2f67c62828573340599cc4f25785a98cdce33bd6a9e0bf1f30db1a068b9f5240,0.0,0.4230558761762141,1.0,False,1.0,0.675,0.79167,0.6729826853969291,1.0,180,600,3,0,0
L_f1_W5,primary_full_coverage,poppler__pdfimages,BL,40,3,2,4,8,7,1,39e3965778d71e1dba125710020a3c337b1a7011e6b20ebea3eaa0aedaff6f7d,2f67c62828573340599cc4f25785a98cdce33bd6a9e0bf1f30db1a068b9f5240,0.0,0.420670034164629,1.0,False,1.0,0.675,0.79167,0.6729826853969291,1.0,180,600,3,0,0
L_f1_W5,primary_full_coverage,poppler__pdfimages,BL,40,3,3,4,6,6,0,39e3965778d71e1dba125710020a3c337b1a7011e6b20ebea3eaa0aedaff6f7d,9ad5c55541ac0dddf0f603c1b40b3f97413beffa2b5849a817e0d69a4d702ae5,0.0,0.5655964542347797,0.1423215104886176,False,1.0,0.8,0.875,0.8088235294117647,1.0,180,600,2,0,0
L_f1_W5,primary_full_coverage,poppler__pdfimages,BL,40,3,5,4,4,4,0,39e3965778d71e1dba125710020a3c337b1a7011e6b20ebea3eaa0aedaff6f7d,204d637b2475cd45824038c82f275f453c811b9567b14ea0fdf0cdd935df91a8,0.0,0.7334218107467962,0.5532470391069623,False,1.0,1.0,1.0,1.0,1.0,180,600,0,0,0
L_f1_W5,primary_full_coverage,poppler__pdfimages,BL,40,4,1,4,6,6,0,39e3965778d71e1dba125710020a3c337b1a7011e6b20ebea3eaa0aedaff6f7d,9ad5c55541ac0dddf0f603c1b40b3f97413beffa2b5849a817e0d69a4d702ae5,0.0,0.5695618965863456,0.15083518769153734,False,1.0,0.8,0.875,0.8088235294117647,1.0,180,600,2,0,0
L_f1_W5,primary_full_coverage,poppler__pdfimages,BL,40,4,2,4,6,6,0,39e3965778d71e1dba125710020a3c337b1a7011e6b20ebea3eaa0aedaff6f7d,9ad5c55541ac0dddf0f603c1b40b3f97413beffa2b5849a817e0d69a4d702ae5,0.0,0.5676234946866967,0.15067625747934646,False,1.0,0.8,0.875,0.8088235294117647,1.0,180,600,2,0,0
L_f1_W5,primary_full_coverage,poppler__pdfimages,BL,40,4,3,4,6,6,0,39e3965778d71e1dba125710020a3c337b1a7011e6b20ebea3eaa0aedaff6f7d,9ad5c55541ac0dddf0f603c1b40b3f97413beffa2b5849a817e0d69a4d702ae5,0.0,0.5655964542347797,0.14230462759286702,False,1.0,0.8,0.875,0.8088235294117647,1.0,180,600,2,0,0
L_f1_W5,primary_full_coverage,poppler__pdfimages,BL,40,4,5,4,4,4,0,39e3965778d71e1dba125710020a3c337b1a7011e6b20ebea3eaa0aedaff6f7d,204d637b2475cd45824038c82f275f453c811b9567b14ea0fdf0cdd935df91a8,0.0,0.7334218107467962,0.548701583882322,False,1.0,1.0,1.0,1.0,1.0,180,600,0,0,0
L_f1_W5,primary_full_coverage,poppler__pdfimages,BL,40,5,1,4,4,4,0,39e3965778d71e1dba125710020a3c337b1a7011e6b20ebea3eaa0aedaff6f7d,204d637b2475cd45824038c82f275f453c811b9567b14ea0fdf0cdd935df91a8,0.0,0.7628729139407968,0.14804516676136806,False,1.0,1.0,1.0,1.0,1.0,180,600,0,0,0
L_f1_W5,primary_full_coverage,poppler__pdfimages,BL,40,5,2,4,4,4,0,39e3965778d71e1dba125710020a3c337b1a7011e6b20ebea3eaa0aedaff6f7d,204d637b2475cd45824038c82f275f453c811b9567b14ea0fdf0cdd935df91a8,0.0,0.7620616526503268,0.14780476388444436,False,1.0,1.0,1.0,1.0,1.0,180,600,0,0,0
L_f1_W5,primary_full_coverage,poppler__pdfimages,BL,40,5,3,4,4,4,0,39e3965778d71e1dba125710020a3c337b1a7011e6b20ebea3eaa0aedaff6f7d,204d637b2475cd45824038c82f275f453c811b9567b14ea0fdf0cdd935df91a8,0.0,0.761111490600777,0.15283078330374877,False,1.0,1.0,1.0,1.0,1.0,180,600,0,0,0
L_f1_W5,primary_full_coverage,poppler__pdfimages,BL,40,5,5,4,4,4,0,39e3965778d71e1dba125710020a3c337b1a7011e6b20ebea3eaa0aedaff6f7d,204d637b2475cd45824038c82f275f453c811b9567b14ea0fdf0cdd935df91a8,0.0,0.7334218107467962,0.5489330152912535,False,1.0,1.0,1.0,1.0,1.0,180,600,0,0,0
L_f1_W5,primary_full_coverage,poppler__pdfimages,BL,40,8,1,4,4,4,0,39e3965778d71e1dba125710020a3c337b1a7011e6b20ebea3eaa0aedaff6f7d,204d637b2475cd45824038c82f275f453c811b9567b14ea0fdf0cdd935df91a8,0.0,0.7628729139407968,0.5634597803353855,False,1.0,1.0,1.0,1.0,1.0,180,600,0,0,0
L_f1_W5,primary_full_coverage,poppler__pdfimages,BL,40,8,2,4,4,4,0,39e3965778d71e1dba125710020a3c337b1a7011e6b20ebea3eaa0aedaff6f7d,204d637b2475cd45824038c82f275f453c811b9567b14ea0fdf0cdd935df91a8,0.0,0.7620616526503268,0.5531173936101299,False,1.0,1.0,1.0,1.0,1.0,180,600,0,0,0
L_f1_W5,primary_full_coverage,poppler__pdfimages,BL,40,8,3,4,4,4,0,39e3965778d71e1dba125710020a3c337b1a7011e6b20ebea3eaa0aedaff6f7d,204d637b2475cd45824038c82f275f453c811b9567b14ea0fdf0cdd935df91a8,0.0,0.761111490600777,0.5477180703223843,False,1.0,1.0,1.0,1.0,1.0,180,600,0,0,0
L_f1_W5,primary_full_coverage,poppler__pdfimages,BL,40,8,5,4,4,4,0,39e3965778d71e1dba125710020a3c337b1a7011e6b20ebea3eaa0aedaff6f7d,204d637b2475cd45824038c82f275f453c811b9567b14ea0fdf0cdd935df91a8,0.0,0.7334218107467962,0.5534074172301174,False,1.0,1.0,1.0,1.0,1.0,180,600,0,0,0
L_f1_W5,primary_full_coverage,poppler__pdfimages,BD4,40,2,1,4,13,11,2,261f209d09e5ee8c4a35f09340b9b91d8e2ccca1c87c8b685b9ac262ef5b0f42,e61ac81845cabf39ea6baf0965a3a8fc3cf53b50ec0147e89d985a9f761dad5f,0.0,0.5018135688285579,1.0,False,1.0,0.525,0.66796,0.47109207708779444,0.9300858902082415,180,600,4,0,0
L_f1_W5,primary_full_coverage,poppler__pdfimages,BD4,40,2,2,4,8,7,1,261f209d09e5ee8c4a35f09340b9b91d8e2ccca1c87c8b685b9ac262ef5b0f42,39ca9d20486575480d337c86ad537bf9c1abf302d83c5da9d164c68a8cc29b46,0.0,0.5140188983139016,1.0,False,1.0,0.675,0.79167,0.6729826853969291,0.9300858902082415,180,600,3,0,0
L_f1_W5,primary_full_coverage,poppler__pdfimages,BD4,40,2,3,4,6,6,0,261f209d09e5ee8c4a35f09340b9b91d8e2ccca1c87c8b685b9ac262ef5b0f42,e0fb02956e6f40884c33d6546332c8e656da55499323fe3da353680ecd88bb06,0.0,0.6507232424721621,0.14275078117170212,False,1.0,0.8,0.875,0.8088235294117647,0.9300858902082415,180,600,2,0,0
L_f1_W5,primary_full_coverage,poppler__pdfimages,BD4,40,2,5,4,8,4,4,261f209d09e5ee8c4a35f09340b9b91d8e2ccca1c87c8b685b9ac262ef5b0f42,2fbeda09eb7fa250c7974a4d809e0aa514d3a2f2242596c5e32ad293c7b3d8e3,0.0,0.794429449341116,0.6303690631467931,False,1.0,0.9,0.9375,0.8849557522123894,0.9300858902082415,180,600,1,0,0
L_f1_W5,primary_full_coverage,poppler__pdfimages,BD4,40,3,1,4,8,7,1,261f209d09e5ee8c4a35f09340b9b91d8e2ccca1c87c8b685b9ac262ef5b0f42,39ca9d20486575480d337c86ad537bf9c1abf302d83c5da9d164c68a8cc29b46,0.0,0.5176153942918659,1.0,False,1.0,0.675,0.79167,0.6729826853969291,0.9300858902082415,180,600,3,0,0
L_f1_W5,primary_full_coverage,poppler__pdfimages,BD4,40,3,2,4,8,7,1,261f209d09e5ee8c4a35f09340b9b91d8e2ccca1c87c8b685b9ac262ef5b0f42,39ca9d20486575480d337c86ad537bf9c1abf302d83c5da9d164c68a8cc29b46,0.0,0.5140188983139016,1.0,False,1.0,0.675,0.79167,0.6729826853969291,0.9300858902082415,180,600,3,0,0
L_f1_W5,primary_full_coverage,poppler__pdfimages,BD4,40,3,3,4,6,6,0,261f209d09e5ee8c4a35f09340b9b91d8e2ccca1c87c8b685b9ac262ef5b0f42,e0fb02956e6f40884c33d6546332c8e656da55499323fe3da353680ecd88bb06,0.0,0.6507232424721621,0.14255763244168554,False,1.0,0.8,0.875,0.8088235294117647,0.9300858902082415,180,600,2,0,0
L_f1_W5,primary_full_coverage,poppler__pdfimages,BD4,40,3,5,4,8,4,4,261f209d09e5ee8c4a35f09340b9b91d8e2ccca1c87c8b685b9ac262ef5b0f42,2fbeda09eb7fa250c7974a4d809e0aa514d3a2f2242596c5e32ad293c7b3d8e3,0.0,0.794429449341116,0.6290889649286739,False,1.0,0.9,0.9375,0.8849557522123894,0.9300858902082415,180,600,1,0,0
L_f1_W5,primary_full_coverage,poppler__pdfimages,BD4,40,4,1,4,6,6,0,261f209d09e5ee8c4a35f09340b9b91d8e2ccca1c87c8b685b9ac262ef5b0f42,e0fb02956e6f40884c33d6546332c8e656da55499323fe3da353680ecd88bb06,0.0,0.6567922006181136,0.1511249237065481,False,1.0,0.8,0.875,0.8088235294117647,0.9300858902082415,180,600,2,0,0
L_f1_W5,primary_full_coverage,poppler__pdfimages,BD4,40,4,2,4,6,6,0,261f209d09e5ee8c4a35f09340b9b91d8e2ccca1c87c8b685b9ac262ef5b0f42,e0fb02956e6f40884c33d6546332c8e656da55499323fe3da353680ecd88bb06,0.0,0.6536294929863101,0.15094838875420705,False,1.0,0.8,0.875,0.8088235294117647,0.9300858902082415,180,600,2,0,0
L_f1_W5,primary_full_coverage,poppler__pdfimages,BD4,40,4,3,4,6,6,0,261f209d09e5ee8c4a35f09340b9b91d8e2ccca1c87c8b685b9ac262ef5b0f42,e0fb02956e6f40884c33d6546332c8e656da55499323fe3da353680ecd88bb06,0.0,0.6507232424721621,0.14254102019480652,False,1.0,0.8,0.875,0.8088235294117647,0.9300858902082415,180,600,2,0,0
L_f1_W5,primary_full_coverage,poppler__pdfimages,BD4,40,4,5,4,8,4,4,261f209d09e5ee8c4a35f09340b9b91d8e2ccca1c87c8b685b9ac262ef5b0f42,2fbeda09eb7fa250c7974a4d809e0aa514d3a2f2242596c5e32ad293c7b3d8e3,0.0,0.794429449341116,0.6223111912895929,False,1.0,0.9,0.9375,0.8849557522123894,0.9300858902082415,180,600,1,0,0
L_f1_W5,primary_full_coverage,poppler__pdfimages,BD4,40,5,1,4,8,4,4,261f209d09e5ee8c4a35f09340b9b91d8e2ccca1c87c8b685b9ac262ef5b0f42,2fbeda09eb7fa250c7974a4d809e0aa514d3a2f2242596c5e32ad293c7b3d8e3,0.0,0.8072541506384943,0.15107849300024895,False,1.0,0.9,0.9375,0.8849557522123894,0.9300858902082415,180,600,1,0,0
L_f1_W5,primary_full_coverage,poppler__pdfimages,BD4,40,5,2,4,8,4,4,261f209d09e5ee8c4a35f09340b9b91d8e2ccca1c87c8b685b9ac262ef5b0f42,2fbeda09eb7fa250c7974a4d809e0aa514d3a2f2242596c5e32ad293c7b3d8e3,0.0,0.8058477315984929,0.15081431983442165,False,1.0,0.9,0.9375,0.8849557522123894,0.9300858902082415,180,600,1,0,0
L_f1_W5,primary_full_coverage,poppler__pdfimages,BD4,40,5,3,4,8,4,4,261f209d09e5ee8c4a35f09340b9b91d8e2ccca1c87c8b685b9ac262ef5b0f42,2fbeda09eb7fa250c7974a4d809e0aa514d3a2f2242596c5e32ad293c7b3d8e3,0.0,0.8037416660769539,0.15591252216346346,False,1.0,0.9,0.9375,0.8849557522123894,0.9300858902082415,180,600,1,0,0
L_f1_W5,primary_full_coverage,poppler__pdfimages,BD4,40,5,5,4,8,4,4,261f209d09e5ee8c4a35f09340b9b91d8e2ccca1c87c8b685b9ac262ef5b0f42,2fbeda09eb7fa250c7974a4d809e0aa514d3a2f2242596c5e32ad293c7b3d8e3,0.0,0.794429449341116,0.6191364396513265,False,1.0,0.9,0.9375,0.8849557522123894,0.9300858902082415,180,600,1,0,0
L_f1_W5,primary_full_coverage,poppler__pdfimages,BD4,40,8,1,4,3,3,0,261f209d09e5ee8c4a35f09340b9b91d8e2ccca1c87c8b685b9ac262ef5b0f42,b5c337cd7a7330730c2ec06a936e4eeb6ab05cd8853f26e1b153a18ed0dc831b,0.0,0.49689503754542746,0.630458700303601,False,0.75,1.0,0.83333,0.6976744186046512,0.9300858902082415,180,600,0,1,2
L_f1_W5,primary_full_coverage,poppler__pdfimages,BD4,40,8,2,4,3,3,0,261f209d09e5ee8c4a35f09340b9b91d8e2ccca1c87c8b685b9ac262ef5b0f42,b5c337cd7a7330730c2ec06a936e4eeb6ab05cd8853f26e1b153a18ed0dc831b,0.0,0.49551932907980606,0.6166397039207268,False,0.75,1.0,0.83333,0.6976744186046512,0.9300858902082415,180,600,0,1,2
L_f1_W5,primary_full_coverage,poppler__pdfimages,BD4,40,8,3,4,3,3,0,261f209d09e5ee8c4a35f09340b9b91d8e2ccca1c87c8b685b9ac262ef5b0f42,b5c337cd7a7330730c2ec06a936e4eeb6ab05cd8853f26e1b153a18ed0dc831b,0.0,0.49387659881545587,0.6095340492252378,False,0.75,1.0,0.83333,0.6976744186046512,0.9300858902082415,180,600,0,1,2
L_f1_W5,primary_full_coverage,poppler__pdfimages,BD4,40,8,5,4,5,3,2,261f209d09e5ee8c4a35f09340b9b91d8e2ccca1c87c8b685b9ac262ef5b0f42,ec0e8075a160aad363600f53616945fac905881b956f2552114eefa505c8c93d,0.0,0.45441818263390044,0.6199632790418268,False,0.8,0.95,0.82143,0.6879485275921802,0.9300858902082415,180,600,1,1,1
L_f1_W5,primary_full_coverage,poppler__pdfimages,BLD4,40,2,1,4,13,11,2,42a4d095308eb7529d6470732057c7f9d2fab721144d2cd38c8b3ce0eb061b0d,1a72c81e8e4d883b9da1ddc9843f783390e79017626788dd68de031e823d7180,0.0,0.4411083239310146,1.0,False,1.0,0.525,0.66796,0.47109207708779444,1.0,180,600,4,0,0
L_f1_W5,primary_full_coverage,poppler__pdfimages,BLD4,40,2,2,4,8,7,1,42a4d095308eb7529d6470732057c7f9d2fab721144d2cd38c8b3ce0eb061b0d,6f51e1234e58f7247608f6d6a61ea53e804e3dc59e7681e8fd6ad411f771bbcf,0.0,0.4680952529399814,1.0,False,1.0,0.675,0.79167,0.6729826853969291,1.0,180,600,3,0,0
L_f1_W5,primary_full_coverage,poppler__pdfimages,BLD4,40,2,3,4,6,6,0,42a4d095308eb7529d6470732057c7f9d2fab721144d2cd38c8b3ce0eb061b0d,2df2fc6c951b9f6dba43de34fc543f573d8d4c80a56e5bafc52f2dec8837ceb3,0.0,0.6153876016278063,0.14276184856623356,False,1.0,0.8,0.875,0.8088235294117647,1.0,180,600,2,0,0
L_f1_W5,primary_full_coverage,poppler__pdfimages,BLD4,40,2,5,4,4,4,0,42a4d095308eb7529d6470732057c7f9d2fab721144d2cd38c8b3ce0eb061b0d,b4a683419e4cc088a93ac245027367d45d173db430c1e7b88b3fb5f58f0b132f,0.0,0.7313201394406124,0.5504968965294093,False,1.0,1.0,1.0,1.0,1.0,180,600,0,0,0
L_f1_W5,primary_full_coverage,poppler__pdfimages,BLD4,40,3,1,4,8,7,1,42a4d095308eb7529d6470732057c7f9d2fab721144d2cd38c8b3ce0eb061b0d,6f51e1234e58f7247608f6d6a61ea53e804e3dc59e7681e8fd6ad411f771bbcf,0.0,0.46999161899460495,1.0,False,1.0,0.675,0.79167,0.6729826853969291,1.0,180,600,3,0,0
L_f1_W5,primary_full_coverage,poppler__pdfimages,BLD4,40,3,2,4,8,7,1,42a4d095308eb7529d6470732057c7f9d2fab721144d2cd38c8b3ce0eb061b0d,6f51e1234e58f7247608f6d6a61ea53e804e3dc59e7681e8fd6ad411f771bbcf,0.0,0.4680952529399814,1.0,False,1.0,0.675,0.79167,0.6729826853969291,1.0,180,600,3,0,0
L_f1_W5,primary_full_coverage,poppler__pdfimages,BLD4,40,3,3,4,6,6,0,42a4d095308eb7529d6470732057c7f9d2fab721144d2cd38c8b3ce0eb061b0d,2df2fc6c951b9f6dba43de34fc543f573d8d4c80a56e5bafc52f2dec8837ceb3,0.0,0.6153876016278063,0.14257334183120615,False,1.0,0.8,0.875,0.8088235294117647,1.0,180,600,2,0,0
L_f1_W5,primary_full_coverage,poppler__pdfimages,BLD4,40,3,5,4,4,4,0,42a4d095308eb7529d6470732057c7f9d2fab721144d2cd38c8b3ce0eb061b0d,b4a683419e4cc088a93ac245027367d45d173db430c1e7b88b3fb5f58f0b132f,0.0,0.7313201394406124,0.5539189397134788,False,1.0,1.0,1.0,1.0,1.0,180,600,0,0,0
L_f1_W5,primary_full_coverage,poppler__pdfimages,BLD4,40,4,1,4,6,6,0,42a4d095308eb7529d6470732057c7f9d2fab721144d2cd38c8b3ce0eb061b0d,2df2fc6c951b9f6dba43de34fc543f573d8d4c80a56e5bafc52f2dec8837ceb3,0.0,0.6184987726570157,0.15111092611849822,False,1.0,0.8,0.875,0.8088235294117647,1.0,180,600,2,0,0
L_f1_W5,primary_full_coverage,poppler__pdfimages,BLD4,40,4,2,4,6,6,0,42a4d095308eb7529d6470732057c7f9d2fab721144d2cd38c8b3ce0eb061b0d,2df2fc6c951b9f6dba43de34fc543f573d8d4c80a56e5bafc52f2dec8837ceb3,0.0,0.6170452655481864,0.15095185939256378,False,1.0,0.8,0.875,0.8088235294117647,1.0,180,600,2,0,0
L_f1_W5,primary_full_coverage,poppler__pdfimages,BLD4,40,4,3,4,6,6,0,42a4d095308eb7529d6470732057c7f9d2fab721144d2cd38c8b3ce0eb061b0d,2df2fc6c951b9f6dba43de34fc543f573d8d4c80a56e5bafc52f2dec8837ceb3,0.0,0.6153876016278063,0.14255721778424377,False,1.0,0.8,0.875,0.8088235294117647,1.0,180,600,2,0,0
L_f1_W5,primary_full_coverage,poppler__pdfimages,BLD4,40,4,5,4,4,4,0,42a4d095308eb7529d6470732057c7f9d2fab721144d2cd38c8b3ce0eb061b0d,b4a683419e4cc088a93ac245027367d45d173db430c1e7b88b3fb5f58f0b132f,0.0,0.7313201394406124,0.5493972095810911,False,1.0,1.0,1.0,1.0,1.0,180,600,0,0,0
L_f1_W5,primary_full_coverage,poppler__pdfimages,BLD4,40,5,1,4,4,4,0,42a4d095308eb7529d6470732057c7f9d2fab721144d2cd38c8b3ce0eb061b0d,b4a683419e4cc088a93ac245027367d45d173db430c1e7b88b3fb5f58f0b132f,0.0,0.7492757732686504,0.14842842772632672,False,1.0,1.0,1.0,1.0,1.0,180,600,0,0,0
L_f1_W5,primary_full_coverage,poppler__pdfimages,BLD4,40,5,2,4,4,4,0,42a4d095308eb7529d6470732057c7f9d2fab721144d2cd38c8b3ce0eb061b0d,b4a683419e4cc088a93ac245027367d45d173db430c1e7b88b3fb5f58f0b132f,0.0,0.748633773207906,0.14818727411600557,False,1.0,1.0,1.0,1.0,1.0,180,600,0,0,0
L_f1_W5,primary_full_coverage,poppler__pdfimages,BLD4,40,5,3,4,4,4,0,42a4d095308eb7529d6470732057c7f9d2fab721144d2cd38c8b3ce0eb061b0d,b4a683419e4cc088a93ac245027367d45d173db430c1e7b88b3fb5f58f0b132f,0.0,0.7478711539944096,0.1533556146399788,False,1.0,1.0,1.0,1.0,1.0,180,600,0,0,0
L_f1_W5,primary_full_coverage,poppler__pdfimages,BLD4,40,5,5,4,4,4,0,42a4d095308eb7529d6470732057c7f9d2fab721144d2cd38c8b3ce0eb061b0d,b4a683419e4cc088a93ac245027367d45d173db430c1e7b88b3fb5f58f0b132f,0.0,0.7313201394406124,0.5496309286499481,False,1.0,1.0,1.0,1.0,1.0,180,600,0,0,0
L_f1_W5,primary_full_coverage,poppler__pdfimages,BLD4,40,8,1,4,4,4,0,42a4d095308eb7529d6470732057c7f9d2fab721144d2cd38c8b3ce0eb061b0d,b4a683419e4cc088a93ac245027367d45d173db430c1e7b88b3fb5f58f0b132f,0.0,0.7492757732686504,0.5619196513235316,False,1.0,1.0,1.0,1.0,1.0,180,600,0,0,0
L_f1_W5,primary_full_coverage,poppler__pdfimages,BLD4,40,8,2,4,4,4,0,42a4d095308eb7529d6470732057c7f9d2fab721144d2cd38c8b3ce0eb061b0d,b4a683419e4cc088a93ac245027367d45d173db430c1e7b88b3fb5f58f0b132f,0.0,0.748633773207906,0.5517127376940741,False,1.0,1.0,1.0,1.0,1.0,180,600,0,0,0
L_f1_W5,primary_full_coverage,poppler__pdfimages,BLD4,40,8,3,4,4,4,0,42a4d095308eb7529d6470732057c7f9d2fab721144d2cd38c8b3ce0eb061b0d,b4a683419e4cc088a93ac245027367d45d173db430c1e7b88b3fb5f58f0b132f,0.0,0.7478711539944096,0.5463828927101912,False,1.0,1.0,1.0,1.0,1.0,180,600,0,0,0
L_f1_W5,primary_full_coverage,poppler__pdfimages,BLD4,40,8,5,4,4,4,0,42a4d095308eb7529d6470732057c7f9d2fab721144d2cd38c8b3ce0eb061b0d,b4a683419e4cc088a93ac245027367d45d173db430c1e7b88b3fb5f58f0b132f,0.0,0.7313201394406124,0.5529562385469436,False,1.0,1.0,1.0,1.0,1.0,180,600,0,0,0
L_f1_W5,primary_full_coverage,soxmp3__sox,B,61,2,1,7,20,16,4,620599d63526f00cc6a30b183740d3d751701bb0f01816490592dfbafe6aa725,3603431b1c5fac869c954107bf5b8e6d744eeefcf9c1050870c53fd19d6e95f2,0.0,0.6588797666077999,1.0,False,0.98361,0.54098,0.67123,0.5242709268799924,0.9162334931413182,270,1560,5,1,0
L_f1_W5,primary_full_coverage,soxmp3__sox,B,61,2,2,7,10,10,0,620599d63526f00cc6a30b183740d3d751701bb0f01816490592dfbafe6aa725,72e0d380d954fc6206dcb560c2cf3ce7c8a80ad0b514f3514081d3485f6896fa,0.0,0.671622254774039,1.0,False,0.93443,0.72131,0.80094,0.6878198567041965,0.9162334931413182,270,1560,4,3,2
L_f1_W5,primary_full_coverage,soxmp3__sox,B,61,2,3,7,8,8,0,620599d63526f00cc6a30b183740d3d751701bb0f01816490592dfbafe6aa725,aac8b53aae3c535bb896d805bf07c1ff4ac76ce5f3af178ab8b7f32e81f68298,0.0,0.7495789121487128,1.0,False,0.93443,0.81967,0.85702,0.7790781899279479,0.9162334931413182,270,1560,3,3,3
L_f1_W5,primary_full_coverage,soxmp3__sox,B,61,2,5,7,13,7,6,620599d63526f00cc6a30b183740d3d751701bb0f01816490592dfbafe6aa725,642105897a7b80f418f684369d9aabc03d22ea5e9e7edcd8494b6267b6022833,0.0,0.5525822415316055,1.0,False,0.93443,0.81967,0.84175,0.7545271629778671,0.9162334931413182,270,1560,3,3,3
L_f1_W5,primary_full_coverage,soxmp3__sox,B,61,3,1,7,10,10,0,620599d63526f00cc6a30b183740d3d751701bb0f01816490592dfbafe6aa725,72e0d380d954fc6206dcb560c2cf3ce7c8a80ad0b514f3514081d3485f6896fa,0.0,0.6827901286366055,1.0,False,0.93443,0.72131,0.80094,0.6878198567041965,0.9162334931413182,270,1560,4,3,2
L_f1_W5,primary_full_coverage,soxmp3__sox,B,61,3,2,7,10,10,0,620599d63526f00cc6a30b183740d3d751701bb0f01816490592dfbafe6aa725,72e0d380d954fc6206dcb560c2cf3ce7c8a80ad0b514f3514081d3485f6896fa,0.0,0.671622254774039,1.0,False,0.93443,0.72131,0.80094,0.6878198567041965,0.9162334931413182,270,1560,4,3,2
L_f1_W5,primary_full_coverage,soxmp3__sox,B,61,3,3,7,8,8,0,620599d63526f00cc6a30b183740d3d751701bb0f01816490592dfbafe6aa725,aac8b53aae3c535bb896d805bf07c1ff4ac76ce5f3af178ab8b7f32e81f68298,0.0,0.7495789121487128,1.0,False,0.93443,0.81967,0.85702,0.7790781899279479,0.9162334931413182,270,1560,3,3,3
L_f1_W5,primary_full_coverage,soxmp3__sox,B,61,3,5,7,11,6,5,620599d63526f00cc6a30b183740d3d751701bb0f01816490592dfbafe6aa725,57968f643cab3fda15698d04b7a113bd9085c42a955014692c6e9a4ff05ae017,0.0,0.6965843500597382,1.0,False,0.93443,0.86885,0.87068,0.8158610665971006,0.9162334931413182,270,1560,2,3,3
L_f1_W5,primary_full_coverage,soxmp3__sox,B,61,4,1,7,9,9,0,620599d63526f00cc6a30b183740d3d751701bb0f01816490592dfbafe6aa725,229b7e2993368db1fdb9b0681e9f1a16e12631dbc3143c957cdf3e5b18916d38,0.0,0.7074346640578107,1.0,False,0.93443,0.7541,0.81604,0.7119330132148101,0.9162334931413182,270,1560,4,3,3
L_f1_W5,primary_full_coverage,soxmp3__sox,B,61,4,2,7,9,9,0,620599d63526f00cc6a30b183740d3d751701bb0f01816490592dfbafe6aa725,229b7e2993368db1fdb9b0681e9f1a16e12631dbc3143c957cdf3e5b18916d38,0.0,0.6980298328945892,1.0,False,0.93443,0.7541,0.81604,0.7119330132148101,0.9162334931413182,270,1560,4,3,3
L_f1_W5,primary_full_coverage,soxmp3__sox,B,61,4,3,7,8,8,0,620599d63526f00cc6a30b183740d3d751701bb0f01816490592dfbafe6aa725,aac8b53aae3c535bb896d805bf07c1ff4ac76ce5f3af178ab8b7f32e81f68298,0.0,0.7495789121487128,1.0,False,0.93443,0.81967,0.85702,0.7790781899279479,0.9162334931413182,270,1560,3,3,3
L_f1_W5,primary_full_coverage,soxmp3__sox,B,61,4,5,7,11,6,5,620599d63526f00cc6a30b183740d3d751701bb0f01816490592dfbafe6aa725,57968f643cab3fda15698d04b7a113bd9085c42a955014692c6e9a4ff05ae017,0.0,0.6965843500597382,1.0,False,0.93443,0.86885,0.87068,0.8158610665971006,0.9162334931413182,270,1560,2,3,3
L_f1_W5,primary_full_coverage,soxmp3__sox,B,61,5,1,7,7,7,0,620599d63526f00cc6a30b183740d3d751701bb0f01816490592dfbafe6aa725,cb2132ea9abb4b5413888e10af457fa4d27f31c07f2743ea80ade39965bfd51a,0.0,0.7405588406916171,1.0,False,0.93443,0.88525,0.898,0.8411400066023549,0.9162334931413182,270,1560,2,3,3
L_f1_W5,primary_full_coverage,soxmp3__sox,B,61,5,2,7,7,7,0,620599d63526f00cc6a30b183740d3d751701bb0f01816490592dfbafe6aa725,cb2132ea9abb4b5413888e10af457fa4d27f31c07f2743ea80ade39965bfd51a,0.0,0.733671828298172,1.0,False,0.93443,0.88525,0.898,0.8411400066023549,0.9162334931413182,270,1560,2,3,3
L_f1_W5,primary_full_coverage,soxmp3__sox,B,61,5,3,7,7,7,0,620599d63526f00cc6a30b183740d3d751701bb0f01816490592dfbafe6aa725,cb2132ea9abb4b5413888e10af457fa4d27f31c07f2743ea80ade39965bfd51a,0.0,0.7239575656207227,1.0,False,0.93443,0.88525,0.898,0.8411400066023549,0.9162334931413182,270,1560,2,3,3
L_f1_W5,primary_full_coverage,soxmp3__sox,B,61,5,5,7,11,6,5,620599d63526f00cc6a30b183740d3d751701bb0f01816490592dfbafe6aa725,57968f643cab3fda15698d04b7a113bd9085c42a955014692c6e9a4ff05ae017,0.0,0.6965843500597382,1.0,False,0.93443,0.86885,0.87068,0.8158610665971006,0.9162334931413182,270,1560,2,3,3
L_f1_W5,primary_full_coverage,soxmp3__sox,B,61,8,1,7,10,5,5,620599d63526f00cc6a30b183740d3d751701bb0f01816490592dfbafe6aa725,6333d8a4694fb8c8feb424c7edc182c8c2f0bc1ee8567390c9817ab04dd5d542,0.0,0.5917716136519189,0.3438892366174285,False,0.90164,0.91803,0.84738,0.8012347796261362,0.9162334931413182,270,1560,1,2,3
L_f1_W5,primary_full_coverage,soxmp3__sox,B,61,8,2,7,10,5,5,620599d63526f00cc6a30b183740d3d751701bb0f01816490592dfbafe6aa725,6333d8a4694fb8c8feb424c7edc182c8c2f0bc1ee8567390c9817ab04dd5d542,0.0,0.5860573205289783,0.33410397984738655,False,0.90164,0.91803,0.84738,0.8012347796261362,0.9162334931413182,270,1560,1,2,3
L_f1_W5,primary_full_coverage,soxmp3__sox,B,61,8,3,7,10,5,5,620599d63526f00cc6a30b183740d3d751701bb0f01816490592dfbafe6aa725,6333d8a4694fb8c8feb424c7edc182c8c2f0bc1ee8567390c9817ab04dd5d542,0.0,0.5852577647613824,0.32712468592426036,False,0.90164,0.91803,0.84738,0.8012347796261362,0.9162334931413182,270,1560,1,2,3
L_f1_W5,primary_full_coverage,soxmp3__sox,B,61,8,5,7,10,5,5,620599d63526f00cc6a30b183740d3d751701bb0f01816490592dfbafe6aa725,6333d8a4694fb8c8feb424c7edc182c8c2f0bc1ee8567390c9817ab04dd5d542,0.0,0.580828149392896,0.3151004184011958,False,0.90164,0.91803,0.84738,0.8012347796261362,0.9162334931413182,270,1560,1,2,3
L_f1_W5,primary_full_coverage,soxmp3__sox,BL,61,2,1,7,20,16,4,443202bc10d7af261d3fecbd7936f412b1621ba614b63920f1a4e650e744e331,c2fb0a96c3f268b99e896875ff8964ef26701ce506f8fb307bcbd9f30f79ced5,0.0,0.6857639189195694,1.0,False,0.98361,0.54098,0.67123,0.5242709268799924,0.908207632306291,270,1560,5,1,0
L_f1_W5,primary_full_coverage,soxmp3__sox,BL,61,2,2,7,14,10,4,443202bc10d7af261d3fecbd7936f412b1621ba614b63920f1a4e650e744e331,0e682bd4d949f64f5f519f1e11e716a671c30621dd907bd334e8dc302c85adc4,0.0,0.668941689637724,1.0,False,0.93443,0.68852,0.76731,0.6582129165437924,0.908207632306291,270,1560,4,3,2
L_f1_W5,primary_full_coverage,soxmp3__sox,BL,61,2,3,7,9,7,2,443202bc10d7af261d3fecbd7936f412b1621ba614b63920f1a4e650e744e331,9ec108a18046d9ac2d8fa847da62ddcce3b0d7e2aca0e6af315cb26b197867d9,0.0,0.7047024607239001,1.0,False,0.93443,0.85246,0.86852,0.78070701018574,0.908207632306291,270,1560,3,3,3
L_f1_W5,primary_full_coverage,soxmp3__sox,BL,61,2,5,7,10,7,3,443202bc10d7af261d3fecbd7936f412b1621ba614b63920f1a4e650e744e331,64100a64e1c3e6994743a2fe8d5b6d0b5ad7346e7f575546759d8db0137aea60,0.0,0.5375283205093397,1.0,False,0.93443,0.86885,0.88058,0.7833401876846001,0.908207632306291,270,1560,3,3,3
L_f1_W5,primary_full_coverage,soxmp3__sox,BL,61,3,1,7,14,10,4,443202bc10d7af261d3fecbd7936f412b1621ba614b63920f1a4e650e744e331,0e682bd4d949f64f5f519f1e11e716a671c30621dd907bd334e8dc302c85adc4,0.0,0.6749115624068206,1.0,False,0.93443,0.68852,0.76731,0.6582129165437924,0.908207632306291,270,1560,4,3,2
L_f1_W5,primary_full_coverage,soxmp3__sox,BL,61,3,2,7,14,10,4,443202bc10d7af261d3fecbd7936f412b1621ba614b63920f1a4e650e744e331,0e682bd4d949f64f5f519f1e11e716a671c30621dd907bd334e8dc302c85adc4,0.0,0.668941689637724,1.0,False,0.93443,0.68852,0.76731,0.6582129165437924,0.908207632306291,270,1560,4,3,2
L_f1_W5,primary_full_coverage,soxmp3__sox,BL,61,3,3,7,9,7,2,443202bc10d7af261d3fecbd7936f412b1621ba614b63920f1a4e650e744e331,9ec108a18046d9ac2d8fa847da62ddcce3b0d7e2aca0e6af315cb26b197867d9,0.0,0.7047024607239001,1.0,False,0.93443,0.85246,0.86852,0.78070701018574,0.908207632306291,270,1560,3,3,3
L_f1_W5,primary_full_coverage,soxmp3__sox,BL,61,3,5,7,8,6,2,443202bc10d7af261d3fecbd7936f412b1621ba614b63920f1a4e650e744e331,16bad982427e7c8990230538ed996108e5c987787c798631492dc8e714248cfe,0.0,0.695685265754179,1.0,False,0.93443,0.91803,0.90951,0.8416498413614075,0.908207632306291,270,1560,2,3,3
L_f1_W5,primary_full_coverage,soxmp3__sox,BL,61,4,1,7,10,8,2,443202bc10d7af261d3fecbd7936f412b1621ba614b63920f1a4e650e744e331,a60914ab8a80ae4c985818c285fee8c8ea36def09d49d5a5540b55d8ece4805d,0.0,0.6460346237590568,1.0,False,0.93443,0.78689,0.82754,0.7148644437519477,0.908207632306291,270,1560,4,3,3
L_f1_W5,primary_full_coverage,soxmp3__sox,BL,61,4,2,7,10,8,2,443202bc10d7af261d3fecbd7936f412b1621ba614b63920f1a4e650e744e331,a60914ab8a80ae4c985818c285fee8c8ea36def09d49d5a5540b55d8ece4805d,0.0,0.6423938579633677,1.0,False,0.93443,0.78689,0.82754,0.7148644437519477,0.908207632306291,270,1560,4,3,3
L_f1_W5,primary_full_coverage,soxmp3__sox,BL,61,4,3,7,9,7,2,443202bc10d7af261d3fecbd7936f412b1621ba614b63920f1a4e650e744e331,9ec108a18046d9ac2d8fa847da62ddcce3b0d7e2aca0e6af315cb26b197867d9,0.0,0.7047024607239001,1.0,False,0.93443,0.85246,0.86852,0.78070701018574,0.908207632306291,270,1560,3,3,3
L_f1_W5,primary_full_coverage,soxmp3__sox,BL,61,4,5,7,8,6,2,443202bc10d7af261d3fecbd7936f412b1621ba614b63920f1a4e650e744e331,16bad982427e7c8990230538ed996108e5c987787c798631492dc8e714248cfe,0.0,0.695685265754179,1.0,False,0.93443,0.91803,0.90951,0.8416498413614075,0.908207632306291,270,1560,2,3,3
L_f1_W5,primary_full_coverage,soxmp3__sox,BL,61,5,1,7,8,6,2,443202bc10d7af261d3fecbd7936f412b1621ba614b63920f1a4e650e744e331,16bad982427e7c8990230538ed996108e5c987787c798631492dc8e714248cfe,0.0,0.702151712202035,1.0,False,0.93443,0.91803,0.90951,0.8416498413614075,0.908207632306291,270,1560,2,3,3
L_f1_W5,primary_full_coverage,soxmp3__sox,BL,61,5,2,7,8,6,2,443202bc10d7af261d3fecbd7936f412b1621ba614b63920f1a4e650e744e331,16bad982427e7c8990230538ed996108e5c987787c798631492dc8e714248cfe,0.0,0.7010064073715507,1.0,False,0.93443,0.91803,0.90951,0.8416498413614075,0.908207632306291,270,1560,2,3,3
L_f1_W5,primary_full_coverage,soxmp3__sox,BL,61,5,3,7,8,6,2,443202bc10d7af261d3fecbd7936f412b1621ba614b63920f1a4e650e744e331,16bad982427e7c8990230538ed996108e5c987787c798631492dc8e714248cfe,0.0,0.6989007529794221,1.0,False,0.93443,0.91803,0.90951,0.8416498413614075,0.908207632306291,270,1560,2,3,3
L_f1_W5,primary_full_coverage,soxmp3__sox,BL,61,5,5,7,8,6,2,443202bc10d7af261d3fecbd7936f412b1621ba614b63920f1a4e650e744e331,16bad982427e7c8990230538ed996108e5c987787c798631492dc8e714248cfe,0.0,0.695685265754179,1.0,False,0.93443,0.91803,0.90951,0.8416498413614075,0.908207632306291,270,1560,2,3,3
L_f1_W5,primary_full_coverage,soxmp3__sox,BL,61,8,1,7,8,6,2,443202bc10d7af261d3fecbd7936f412b1621ba614b63920f1a4e650e744e331,16bad982427e7c8990230538ed996108e5c987787c798631492dc8e714248cfe,0.0,0.702151712202035,0.30274720959900014,False,0.93443,0.91803,0.90951,0.8416498413614075,0.908207632306291,270,1560,2,3,3
L_f1_W5,primary_full_coverage,soxmp3__sox,BL,61,8,2,7,8,6,2,443202bc10d7af261d3fecbd7936f412b1621ba614b63920f1a4e650e744e331,16bad982427e7c8990230538ed996108e5c987787c798631492dc8e714248cfe,0.0,0.7010064073715507,0.2949120707938822,False,0.93443,0.91803,0.90951,0.8416498413614075,0.908207632306291,270,1560,2,3,3
L_f1_W5,primary_full_coverage,soxmp3__sox,BL,61,8,3,7,8,6,2,443202bc10d7af261d3fecbd7936f412b1621ba614b63920f1a4e650e744e331,16bad982427e7c8990230538ed996108e5c987787c798631492dc8e714248cfe,0.0,0.6989007529794221,0.2884347112638893,False,0.93443,0.91803,0.90951,0.8416498413614075,0.908207632306291,270,1560,2,3,3
L_f1_W5,primary_full_coverage,soxmp3__sox,BL,61,8,5,7,8,6,2,443202bc10d7af261d3fecbd7936f412b1621ba614b63920f1a4e650e744e331,16bad982427e7c8990230538ed996108e5c987787c798631492dc8e714248cfe,0.0,0.695685265754179,0.2789320381972096,False,0.93443,0.91803,0.90951,0.8416498413614075,0.908207632306291,270,1560,2,3,3
L_f1_W5,primary_full_coverage,soxmp3__sox,BD4,61,2,1,7,20,16,4,1f0b371f99c149b47c8b51955a66137c8d49a59bb0ef28616202416307f44132,a1b9e8e4f51cef1587b80b1d35381974b6ddb652b1f68f908c458f06c5152bc6,0.0,0.6713437987877602,1.0,False,0.98361,0.54098,0.67123,0.5242709268799924,0.9292743552730823,270,1560,5,1,0
L_f1_W5,primary_full_coverage,soxmp3__sox,BD4,61,2,2,7,10,10,0,1f0b371f99c149b47c8b51955a66137c8d49a59bb0ef28616202416307f44132,a58e7bd7ba3f52591932fbbb24ea86466eda87f7e402ccf01b1ffe3eb0270611,0.0,0.5875088237321278,1.0,False,0.90164,0.70492,0.75871,0.6319574859152116,0.9292743552730823,270,1560,4,4,3
L_f1_W5,primary_full_coverage,soxmp3__sox,BD4,61,2,3,7,13,8,5,1f0b371f99c149b47c8b51955a66137c8d49a59bb0ef28616202416307f44132,799f00f24dbc3f67f6b871246828e7fba6e4384b528723970ae653488bae58d2,0.0,0.6263134979871108,1.0,False,0.90164,0.7377,0.77381,0.6333817810425423,0.9292743552730823,270,1560,4,4,4
L_f1_W5,primary_full_coverage,soxmp3__sox,BD4,61,2,5,7,9,6,3,1f0b371f99c149b47c8b51955a66137c8d49a59bb0ef28616202416307f44132,d370208861192778eb01fa37f06247ed9fae5cfb87abf8798359b510706aa857,0.0,0.6714866438172966,1.0,False,0.90164,0.86885,0.85578,0.780069224113066,0.9292743552730823,270,1560,2,4,4
L_f1_W5,primary_full_coverage,soxmp3__sox,BD4,61,3,1,7,10,10,0,1f0b371f99c149b47c8b51955a66137c8d49a59bb0ef28616202416307f44132,a58e7bd7ba3f52591932fbbb24ea86466eda87f7e402ccf01b1ffe3eb0270611,0.0,0.5934497043666657,1.0,False,0.90164,0.70492,0.75871,0.6319574859152116,0.9292743552730823,270,1560,4,4,3
L_f1_W5,primary_full_coverage,soxmp3__sox,BD4,61,3,2,7,10,10,0,1f0b371f99c149b47c8b51955a66137c8d49a59bb0ef28616202416307f44132,a58e7bd7ba3f52591932fbbb24ea86466eda87f7e402ccf01b1ffe3eb0270611,0.0,0.5875088237321278,1.0,False,0.90164,0.70492,0.75871,0.6319574859152116,0.9292743552730823,270,1560,4,4,3
L_f1_W5,primary_full_coverage,soxmp3__sox,BD4,61,3,3,7,10,7,3,1f0b371f99c149b47c8b51955a66137c8d49a59bb0ef28616202416307f44132,1590c560131877e22be3a590d77057a1aec8f29044c339c77edd368db6afdca8,0.0,0.6904801787285619,1.0,False,0.90164,0.80328,0.81479,0.7167465548232475,0.9292743552730823,270,1560,3,4,4
L_f1_W5,primary_full_coverage,soxmp3__sox,BD4,61,3,5,7,9,6,3,1f0b371f99c149b47c8b51955a66137c8d49a59bb0ef28616202416307f44132,d370208861192778eb01fa37f06247ed9fae5cfb87abf8798359b510706aa857,0.0,0.6714866438172966,1.0,False,0.90164,0.86885,0.85578,0.780069224113066,0.9292743552730823,270,1560,2,4,4
L_f1_W5,primary_full_coverage,soxmp3__sox,BD4,61,4,1,7,11,8,3,1f0b371f99c149b47c8b51955a66137c8d49a59bb0ef28616202416307f44132,f6ee1086d7f644af409630c56476b7c7b8820335746148afd990e063b30f0c4c,0.0,0.6360140375135102,1.0,False,0.90164,0.7377,0.77381,0.6483328139607354,0.9292743552730823,270,1560,4,4,4
L_f1_W5,primary_full_coverage,soxmp3__sox,BD4,61,4,2,7,11,8,3,1f0b371f99c149b47c8b51955a66137c8d49a59bb0ef28616202416307f44132,f6ee1086d7f644af409630c56476b7c7b8820335746148afd990e063b30f0c4c,0.0,0.6322526555425451,1.0,False,0.90164,0.7377,0.77381,0.6483328139607354,0.9292743552730823,270,1560,4,4,4
L_f1_W5,primary_full_coverage,soxmp3__sox,BD4,61,4,3,7,10,7,3,1f0b371f99c149b47c8b51955a66137c8d49a59bb0ef28616202416307f44132,1590c560131877e22be3a590d77057a1aec8f29044c339c77edd368db6afdca8,0.0,0.6904801787285619,1.0,False,0.90164,0.80328,0.81479,0.7167465548232475,0.9292743552730823,270,1560,3,4,4
L_f1_W5,primary_full_coverage,soxmp3__sox,BD4,61,4,5,7,9,6,3,1f0b371f99c149b47c8b51955a66137c8d49a59bb0ef28616202416307f44132,d370208861192778eb01fa37f06247ed9fae5cfb87abf8798359b510706aa857,0.0,0.6714866438172966,1.0,False,0.90164,0.86885,0.85578,0.780069224113066,0.9292743552730823,270,1560,2,4,4
L_f1_W5,primary_full_coverage,soxmp3__sox,BD4,61,5,1,7,9,6,3,1f0b371f99c149b47c8b51955a66137c8d49a59bb0ef28616202416307f44132,d370208861192778eb01fa37f06247ed9fae5cfb87abf8798359b510706aa857,0.0,0.6870263011904267,1.0,False,0.90164,0.86885,0.85578,0.780069224113066,0.9292743552730823,270,1560,2,4,4
L_f1_W5,primary_full_coverage,soxmp3__sox,BD4,61,5,2,7,9,6,3,1f0b371f99c149b47c8b51955a66137c8d49a59bb0ef28616202416307f44132,d370208861192778eb01fa37f06247ed9fae5cfb87abf8798359b510706aa857,0.0,0.6857827358739403,1.0,False,0.90164,0.86885,0.85578,0.780069224113066,0.9292743552730823,270,1560,2,4,4
L_f1_W5,primary_full_coverage,soxmp3__sox,BD4,61,5,3,7,9,6,3,1f0b371f99c149b47c8b51955a66137c8d49a59bb0ef28616202416307f44132,d370208861192778eb01fa37f06247ed9fae5cfb87abf8798359b510706aa857,0.0,0.679795994704666,1.0,False,0.90164,0.86885,0.85578,0.780069224113066,0.9292743552730823,270,1560,2,4,4
L_f1_W5,primary_full_coverage,soxmp3__sox,BD4,61,5,5,7,9,6,3,1f0b371f99c149b47c8b51955a66137c8d49a59bb0ef28616202416307f44132,d370208861192778eb01fa37f06247ed9fae5cfb87abf8798359b510706aa857,0.0,0.6714866438172966,1.0,False,0.90164,0.86885,0.85578,0.780069224113066,0.9292743552730823,270,1560,2,4,4
L_f1_W5,primary_full_coverage,soxmp3__sox,BD4,61,8,1,7,5,5,0,1f0b371f99c149b47c8b51955a66137c8d49a59bb0ef28616202416307f44132,77773416b2b92d702923e2a73c1b6be6795405deb67331a7c1fb8111255952dc,0.0,0.5377630296333551,0.33485772882953274,False,0.81967,0.96721,0.84653,0.7607247369404146,0.9292743552730823,270,1560,1,3,5
L_f1_W5,primary_full_coverage,soxmp3__sox,BD4,61,8,2,7,5,5,0,1f0b371f99c149b47c8b51955a66137c8d49a59bb0ef28616202416307f44132,77773416b2b92d702923e2a73c1b6be6795405deb67331a7c1fb8111255952dc,0.0,0.5362283575567061,0.326934482653674,False,0.81967,0.96721,0.84653,0.7607247369404146,0.9292743552730823,270,1560,1,3,5
L_f1_W5,primary_full_coverage,soxmp3__sox,BD4,61,8,3,7,5,5,0,1f0b371f99c149b47c8b51955a66137c8d49a59bb0ef28616202416307f44132,77773416b2b92d702923e2a73c1b6be6795405deb67331a7c1fb8111255952dc,0.0,0.5312351722822356,0.3209849505081369,False,0.81967,0.96721,0.84653,0.7607247369404146,0.9292743552730823,270,1560,1,3,5
L_f1_W5,primary_full_coverage,soxmp3__sox,BD4,61,8,5,7,5,5,0,1f0b371f99c149b47c8b51955a66137c8d49a59bb0ef28616202416307f44132,77773416b2b92d702923e2a73c1b6be6795405deb67331a7c1fb8111255952dc,0.0,0.5278785645090375,0.31040947645427164,False,0.81967,0.96721,0.84653,0.7607247369404146,0.9292743552730823,270,1560,1,3,5
L_f1_W5,primary_full_coverage,soxmp3__sox,BLD4,61,2,1,7,20,16,4,9edd440b220eaa114c561ef74bdb72ec126cc8f1e363e1e5397eb45b1b22be28,d406876d280256603b2385b232ea2c69f15efcf29b733b3b651362d316496ec8,0.0,0.6874575804036218,1.0,False,0.98361,0.54098,0.67123,0.5242709268799924,0.9360670831401454,270,1560,5,1,0
L_f1_W5,primary_full_coverage,soxmp3__sox,BLD4,61,2,2,7,14,10,4,9edd440b220eaa114c561ef74bdb72ec126cc8f1e363e1e5397eb45b1b22be28,dc138b14e8e43646f7698fc94b4f4413afb3a0a74f92e98d9befcefb52316113,0.0,0.6921013852068235,1.0,False,0.93443,0.68852,0.76731,0.6582129165437924,0.9360670831401454,270,1560,4,3,2
L_f1_W5,primary_full_coverage,soxmp3__sox,BLD4,61,2,3,7,12,8,4,9edd440b220eaa114c561ef74bdb72ec126cc8f1e363e1e5397eb45b1b22be28,9f507f11839af12e24629404f587191c1ee209f473742998daccc579aeac2a07,0.0,0.6723731084788993,1.0,False,0.93443,0.78689,0.82754,0.7004753113092667,0.9360670831401454,270,1560,4,3,3
L_f1_W5,primary_full_coverage,soxmp3__sox,BLD4,61,2,5,7,7,6,1,9edd440b220eaa114c561ef74bdb72ec126cc8f1e363e1e5397eb45b1b22be28,68ce072d2feb7d41a73191716d8efec97a2c4dc6523a06dc22108227e027d247,0.0,0.5688954899551877,1.0,False,0.91803,0.91803,0.9017,0.8224099978697721,0.9360670831401454,270,1560,2,4,4
L_f1_W5,primary_full_coverage,soxmp3__sox,BLD4,61,3,1,7,14,10,4,9edd440b220eaa114c561ef74bdb72ec126cc8f1e363e1e5397eb45b1b22be28,dc138b14e8e43646f7698fc94b4f4413afb3a0a74f92e98d9befcefb52316113,0.0,0.69744583943358,1.0,False,0.93443,0.68852,0.76731,0.6582129165437924,0.9360670831401454,270,1560,4,3,2
L_f1_W5,primary_full_coverage,soxmp3__sox,BLD4,61,3,2,7,14,10,4,9edd440b220eaa114c561ef74bdb72ec126cc8f1e363e1e5397eb45b1b22be28,dc138b14e8e43646f7698fc94b4f4413afb3a0a74f92e98d9befcefb52316113,0.0,0.6921013852068235,1.0,False,0.93443,0.68852,0.76731,0.6582129165437924,0.9360670831401454,270,1560,4,3,2
L_f1_W5,primary_full_coverage,soxmp3__sox,BLD4,61,3,3,7,9,7,2,9edd440b220eaa114c561ef74bdb72ec126cc8f1e363e1e5397eb45b1b22be28,38436cfbb77fc254d8b0c76abfd455996e750822dce58aa7b0534646a1baabf3,0.0,0.7370126467927548,1.0,False,0.93443,0.85246,0.86852,0.78070701018574,0.9360670831401454,270,1560,3,3,3
L_f1_W5,primary_full_coverage,soxmp3__sox,BLD4,61,3,5,7,7,6,1,9edd440b220eaa114c561ef74bdb72ec126cc8f1e363e1e5397eb45b1b22be28,68ce072d2feb7d41a73191716d8efec97a2c4dc6523a06dc22108227e027d247,0.0,0.5688954899551877,1.0,False,0.91803,0.91803,0.9017,0.8224099978697721,0.9360670831401454,270,1560,2,4,4
L_f1_W5,primary_full_coverage,soxmp3__sox,BLD4,61,4,1,7,10,8,2,9edd440b220eaa114c561ef74bdb72ec126cc8f1e363e1e5397eb45b1b22be28,ede9a9a17920b83aae566d9f68d2923b79ef2d64bb0be7f279fa98f4f9c624f6,0.0,0.6773769362388126,1.0,False,0.93443,0.78689,0.82754,0.7148644437519477,0.9360670831401454,270,1560,4,3,3
L_f1_W5,primary_full_coverage,soxmp3__sox,BLD4,61,4,2,7,10,8,2,9edd440b220eaa114c561ef74bdb72ec126cc8f1e363e1e5397eb45b1b22be28,ede9a9a17920b83aae566d9f68d2923b79ef2d64bb0be7f279fa98f4f9c624f6,0.0,0.674368163292947,1.0,False,0.93443,0.78689,0.82754,0.7148644437519477,0.9360670831401454,270,1560,4,3,3
L_f1_W5,primary_full_coverage,soxmp3__sox,BLD4,61,4,3,7,9,7,2,9edd440b220eaa114c561ef74bdb72ec126cc8f1e363e1e5397eb45b1b22be28,38436cfbb77fc254d8b0c76abfd455996e750822dce58aa7b0534646a1baabf3,0.0,0.7370126467927548,1.0,False,0.93443,0.85246,0.86852,0.78070701018574,0.9360670831401454,270,1560,3,3,3
L_f1_W5,primary_full_coverage,soxmp3__sox,BLD4,61,4,5,7,7,6,1,9edd440b220eaa114c561ef74bdb72ec126cc8f1e363e1e5397eb45b1b22be28,68ce072d2feb7d41a73191716d8efec97a2c4dc6523a06dc22108227e027d247,0.0,0.5688954899551877,1.0,False,0.91803,0.91803,0.9017,0.8224099978697721,0.9360670831401454,270,1560,2,4,4
L_f1_W5,primary_full_coverage,soxmp3__sox,BLD4,61,5,1,7,8,6,2,9edd440b220eaa114c561ef74bdb72ec126cc8f1e363e1e5397eb45b1b22be28,f4088ddd2728ef002b6c0d2910c065afc39a850cbb0836c72fc0e6d999f7029e,0.0,0.7352442929831866,1.0,False,0.93443,0.91803,0.90951,0.8416498413614075,0.9360670831401454,270,1560,2,3,3
L_f1_W5,primary_full_coverage,soxmp3__sox,BLD4,61,5,2,7,8,6,2,9edd440b220eaa114c561ef74bdb72ec126cc8f1e363e1e5397eb45b1b22be28,f4088ddd2728ef002b6c0d2910c065afc39a850cbb0836c72fc0e6d999f7029e,0.0,0.7347456934940177,1.0,False,0.93443,0.91803,0.90951,0.8416498413614075,0.9360670831401454,270,1560,2,3,3
L_f1_W5,primary_full_coverage,soxmp3__sox,BLD4,61,5,3,7,8,6,2,9edd440b220eaa114c561ef74bdb72ec126cc8f1e363e1e5397eb45b1b22be28,f4088ddd2728ef002b6c0d2910c065afc39a850cbb0836c72fc0e6d999f7029e,0.0,0.7327189048324616,1.0,False,0.93443,0.91803,0.90951,0.8416498413614075,0.9360670831401454,270,1560,2,3,3
L_f1_W5,primary_full_coverage,soxmp3__sox,BLD4,61,5,5,7,7,6,1,9edd440b220eaa114c561ef74bdb72ec126cc8f1e363e1e5397eb45b1b22be28,68ce072d2feb7d41a73191716d8efec97a2c4dc6523a06dc22108227e027d247,0.0,0.5688954899551877,1.0,False,0.91803,0.91803,0.9017,0.8224099978697721,0.9360670831401454,270,1560,2,4,4
L_f1_W5,primary_full_coverage,soxmp3__sox,BLD4,61,8,1,7,8,6,2,9edd440b220eaa114c561ef74bdb72ec126cc8f1e363e1e5397eb45b1b22be28,f4088ddd2728ef002b6c0d2910c065afc39a850cbb0836c72fc0e6d999f7029e,0.0,0.7352442929831866,0.30075710591088445,False,0.93443,0.91803,0.90951,0.8416498413614075,0.9360670831401454,270,1560,2,3,3
L_f1_W5,primary_full_coverage,soxmp3__sox,BLD4,61,8,2,7,8,6,2,9edd440b220eaa114c561ef74bdb72ec126cc8f1e363e1e5397eb45b1b22be28,f4088ddd2728ef002b6c0d2910c065afc39a850cbb0836c72fc0e6d999f7029e,0.0,0.7347456934940177,0.2931178835979702,False,0.93443,0.91803,0.90951,0.8416498413614075,0.9360670831401454,270,1560,2,3,3
L_f1_W5,primary_full_coverage,soxmp3__sox,BLD4,61,8,3,7,8,6,2,9edd440b220eaa114c561ef74bdb72ec126cc8f1e363e1e5397eb45b1b22be28,f4088ddd2728ef002b6c0d2910c065afc39a850cbb0836c72fc0e6d999f7029e,0.0,0.7327189048324616,0.2867482373114111,False,0.93443,0.91803,0.90951,0.8416498413614075,0.9360670831401454,270,1560,2,3,3
L_f1_W5,primary_full_coverage,soxmp3__sox,BLD4,61,8,5,7,7,6,1,9edd440b220eaa114c561ef74bdb72ec126cc8f1e363e1e5397eb45b1b22be28,68ce072d2feb7d41a73191716d8efec97a2c4dc6523a06dc22108227e027d247,0.0,0.5688954899551877,0.27170120360865424,False,0.91803,0.91803,0.9017,0.8224099978697721,0.9360670831401454,270,1560,2,4,4
L_f3_W0,primary_full_coverage,freetype__char2svg,B,51,2,1,6,15,9,6,57e5f2e8c0d41c18c1fc33f59c8ccd591b3a7bc7a260e8dfe0433acb4abdb7aa,2b8db93a78cf2ed64649a320b0dc05d142e3e243ac6f90af6478ebc79455da3a,0.0,0.46813805664456765,1.0,False,1.0,0.70588,0.79638,0.6965438663121915,0.9597579457352423,225,1050,3,0,0
L_f3_W0,primary_full_coverage,freetype__char2svg,B,51,2,2,6,6,5,1,57e5f2e8c0d41c18c1fc33f59c8ccd591b3a7bc7a260e8dfe0433acb4abdb7aa,16aa8f52a0435862d1c98b0513280329333f4cea6186a74cdc88d6fa8ab644fc,0.0,0.5177971102038702,0.12215738530695579,False,1.0,1.0,1.0,1.0,0.9597579457352423,225,1050,0,0,0
L_f3_W0,primary_full_coverage,freetype__char2svg,B,51,2,3,6,6,5,1,57e5f2e8c0d41c18c1fc33f59c8ccd591b3a7bc7a260e8dfe0433acb4abdb7aa,16aa8f52a0435862d1c98b0513280329333f4cea6186a74cdc88d6fa8ab644fc,0.0,0.491612661588806,0.17939587048667466,False,1.0,1.0,1.0,1.0,0.9597579457352423,225,1050,0,0,0
L_f3_W0,primary_full_coverage,freetype__char2svg,B,51,2,5,6,6,5,1,57e5f2e8c0d41c18c1fc33f59c8ccd591b3a7bc7a260e8dfe0433acb4abdb7aa,16aa8f52a0435862d1c98b0513280329333f4cea6186a74cdc88d6fa8ab644fc,0.0,0.47488006642172453,0.1363288512118729,False,1.0,1.0,1.0,1.0,0.9597579457352423,225,1050,0,0,0
L_f3_W0,primary_full_coverage,freetype__char2svg,B,51,3,1,6,8,6,2,57e5f2e8c0d41c18c1fc33f59c8ccd591b3a7bc7a260e8dfe0433acb4abdb7aa,246974936995b5f95dd8672a2e0f102fcb3a3139c7acbc71296f6609f8991817,0.0,0.583555205943569,0.128053835703972,False,1.0,0.92157,0.95098,0.9235382308845578,0.9597579457352423,225,1050,1,0,0
L_f3_W0,primary_full_coverage,freetype__char2svg,B,51,3,2,6,6,5,1,57e5f2e8c0d41c18c1fc33f59c8ccd591b3a7bc7a260e8dfe0433acb4abdb7aa,16aa8f52a0435862d1c98b0513280329333f4cea6186a74cdc88d6fa8ab644fc,0.0,0.5177971102038702,0.12108626837321754,False,1.0,1.0,1.0,1.0,0.9597579457352423,225,1050,0,0,0
L_f3_W0,primary_full_coverage,freetype__char2svg,B,51,3,3,6,6,5,1,57e5f2e8c0d41c18c1fc33f59c8ccd591b3a7bc7a260e8dfe0433acb4abdb7aa,16aa8f52a0435862d1c98b0513280329333f4cea6186a74cdc88d6fa8ab644fc,0.0,0.491612661588806,0.1979276675761469,False,1.0,1.0,1.0,1.0,0.9597579457352423,225,1050,0,0,0
L_f3_W0,primary_full_coverage,freetype__char2svg,B,51,3,5,6,6,5,1,57e5f2e8c0d41c18c1fc33f59c8ccd591b3a7bc7a260e8dfe0433acb4abdb7aa,16aa8f52a0435862d1c98b0513280329333f4cea6186a74cdc88d6fa8ab644fc,0.0,0.47488006642172453,0.13639598990323365,False,1.0,1.0,1.0,1.0,0.9597579457352423,225,1050,0,0,0
L_f3_W0,primary_full_coverage,freetype__char2svg,B,51,4,1,6,6,5,1,57e5f2e8c0d41c18c1fc33f59c8ccd591b3a7bc7a260e8dfe0433acb4abdb7aa,16aa8f52a0435862d1c98b0513280329333f4cea6186a74cdc88d6fa8ab644fc,0.0,0.578090354741812,0.19790160923662828,False,1.0,1.0,1.0,1.0,0.9597579457352423,225,1050,0,0,0
L_f3_W0,primary_full_coverage,freetype__char2svg,B,51,4,2,6,6,5,1,57e5f2e8c0d41c18c1fc33f59c8ccd591b3a7bc7a260e8dfe0433acb4abdb7aa,16aa8f52a0435862d1c98b0513280329333f4cea6186a74cdc88d6fa8ab644fc,0.0,0.5177971102038702,0.18892770035809292,False,1.0,1.0,1.0,1.0,0.9597579457352423,225,1050,0,0,0
L_f3_W0,primary_full_coverage,freetype__char2svg,B,51,4,3,6,6,5,1,57e5f2e8c0d41c18c1fc33f59c8ccd591b3a7bc7a260e8dfe0433acb4abdb7aa,16aa8f52a0435862d1c98b0513280329333f4cea6186a74cdc88d6fa8ab644fc,0.0,0.491612661588806,0.19544741993540315,False,1.0,1.0,1.0,1.0,0.9597579457352423,225,1050,0,0,0
L_f3_W0,primary_full_coverage,freetype__char2svg,B,51,4,5,6,6,5,1,57e5f2e8c0d41c18c1fc33f59c8ccd591b3a7bc7a260e8dfe0433acb4abdb7aa,16aa8f52a0435862d1c98b0513280329333f4cea6186a74cdc88d6fa8ab644fc,0.0,0.47488006642172453,0.13839154746560028,False,1.0,1.0,1.0,1.0,0.9597579457352423,225,1050,0,0,0
L_f3_W0,primary_full_coverage,freetype__char2svg,B,51,5,1,6,6,5,1,57e5f2e8c0d41c18c1fc33f59c8ccd591b3a7bc7a260e8dfe0433acb4abdb7aa,16aa8f52a0435862d1c98b0513280329333f4cea6186a74cdc88d6fa8ab644fc,0.0,0.578090354741812,0.1463092824570142,False,1.0,1.0,1.0,1.0,0.9597579457352423,225,1050,0,0,0
L_f3_W0,primary_full_coverage,freetype__char2svg,B,51,5,2,6,6,5,1,57e5f2e8c0d41c18c1fc33f59c8ccd591b3a7bc7a260e8dfe0433acb4abdb7aa,16aa8f52a0435862d1c98b0513280329333f4cea6186a74cdc88d6fa8ab644fc,0.0,0.5177971102038702,0.14804757782526687,False,1.0,1.0,1.0,1.0,0.9597579457352423,225,1050,0,0,0
L_f3_W0,primary_full_coverage,freetype__char2svg,B,51,5,3,6,6,5,1,57e5f2e8c0d41c18c1fc33f59c8ccd591b3a7bc7a260e8dfe0433acb4abdb7aa,16aa8f52a0435862d1c98b0513280329333f4cea6186a74cdc88d6fa8ab644fc,0.0,0.491612661588806,0.14889302639883456,False,1.0,1.0,1.0,1.0,0.9597579457352423,225,1050,0,0,0
L_f3_W0,primary_full_coverage,freetype__char2svg,B,51,5,5,6,6,5,1,57e5f2e8c0d41c18c1fc33f59c8ccd591b3a7bc7a260e8dfe0433acb4abdb7aa,16aa8f52a0435862d1c98b0513280329333f4cea6186a74cdc88d6fa8ab644fc,0.0,0.47488006642172453,0.14802424107668993,False,1.0,1.0,1.0,1.0,0.9597579457352423,225,1050,0,0,0
L_f3_W0,primary_full_coverage,freetype__char2svg,B,51,8,1,6,6,5,1,57e5f2e8c0d41c18c1fc33f59c8ccd591b3a7bc7a260e8dfe0433acb4abdb7aa,16aa8f52a0435862d1c98b0513280329333f4cea6186a74cdc88d6fa8ab644fc,0.0,0.578090354741812,0.5509180305939582,False,1.0,1.0,1.0,1.0,0.9597579457352423,225,1050,0,0,0
L_f3_W0,primary_full_coverage,freetype__char2svg,B,51,8,2,6,6,5,1,57e5f2e8c0d41c18c1fc33f59c8ccd591b3a7bc7a260e8dfe0433acb4abdb7aa,16aa8f52a0435862d1c98b0513280329333f4cea6186a74cdc88d6fa8ab644fc,0.0,0.5177971102038702,0.5404952185851964,False,1.0,1.0,1.0,1.0,0.9597579457352423,225,1050,0,0,0
L_f3_W0,primary_full_coverage,freetype__char2svg,B,51,8,3,6,6,5,1,57e5f2e8c0d41c18c1fc33f59c8ccd591b3a7bc7a260e8dfe0433acb4abdb7aa,16aa8f52a0435862d1c98b0513280329333f4cea6186a74cdc88d6fa8ab644fc,0.0,0.491612661588806,0.514329218495964,False,1.0,1.0,1.0,1.0,0.9597579457352423,225,1050,0,0,0
L_f3_W0,primary_full_coverage,freetype__char2svg,B,51,8,5,6,6,5,1,57e5f2e8c0d41c18c1fc33f59c8ccd591b3a7bc7a260e8dfe0433acb4abdb7aa,16aa8f52a0435862d1c98b0513280329333f4cea6186a74cdc88d6fa8ab644fc,0.0,0.47488006642172453,0.5082972494013669,False,1.0,1.0,1.0,1.0,0.9597579457352423,225,1050,0,0,0
L_f3_W0,primary_full_coverage,freetype__char2svg,BL,51,2,1,6,15,9,6,66c131896a128ffba87eaef4face32f755af5b5eec25a0c1660b24e368af21ae,7cdfb43418de1be51aa2b3fcc39bacfbf2bace35aa326c1996b280aaa9e97468,0.0,0.6102682436184299,1.0,False,1.0,0.70588,0.79638,0.6965438663121915,1.0,225,1050,3,0,0
L_f3_W0,primary_full_coverage,freetype__char2svg,BL,51,2,2,6,11,7,4,66c131896a128ffba87eaef4face32f755af5b5eec25a0c1660b24e368af21ae,b5fd79c76c1cfd027796f8ab0812e94e20d9b412d05d906a3b20f4172e8bb761,0.0,0.5874835549906581,0.12923079092831627,False,1.0,0.86275,0.91638,0.8456703910614525,1.0,225,1050,2,0,0
L_f3_W0,primary_full_coverage,freetype__char2svg,BL,51,2,3,6,6,5,1,66c131896a128ffba87eaef4face32f755af5b5eec25a0c1660b24e368af21ae,16aa8f52a0435862d1c98b0513280329333f4cea6186a74cdc88d6fa8ab644fc,0.0,0.7443745237311872,0.18575679420540187,False,1.0,1.0,1.0,1.0,1.0,225,1050,0,0,0
L_f3_W0,primary_full_coverage,freetype__char2svg,BL,51,2,5,6,6,5,1,66c131896a128ffba87eaef4face32f755af5b5eec25a0c1660b24e368af21ae,16aa8f52a0435862d1c98b0513280329333f4cea6186a74cdc88d6fa8ab644fc,0.0,0.7412934948409381,0.14462796288869487,False,1.0,1.0,1.0,1.0,1.0,225,1050,0,0,0
L_f3_W0,primary_full_coverage,freetype__char2svg,BL,51,3,1,6,9,7,2,66c131896a128ffba87eaef4face32f755af5b5eec25a0c1660b24e368af21ae,9e6fa159a3a7c7b0036281f2b2ba1aa3df2e94f825d0923fcc5787aef9327dda,0.0,0.698423947146118,0.14446822092168193,False,1.0,0.84314,0.90196,0.8489283847360167,1.0,225,1050,2,0,0
L_f3_W0,primary_full_coverage,freetype__char2svg,BL,51,3,2,6,6,5,1,66c131896a128ffba87eaef4face32f755af5b5eec25a0c1660b24e368af21ae,16aa8f52a0435862d1c98b0513280329333f4cea6186a74cdc88d6fa8ab644fc,0.0,0.7706220481620335,0.12403366989876372,False,1.0,1.0,1.0,1.0,1.0,225,1050,0,0,0
L_f3_W0,primary_full_coverage,freetype__char2svg,BL,51,3,3,6,6,5,1,66c131896a128ffba87eaef4face32f755af5b5eec25a0c1660b24e368af21ae,16aa8f52a0435862d1c98b0513280329333f4cea6186a74cdc88d6fa8ab644fc,0.0,0.7443745237311872,0.20520102792947323,False,1.0,1.0,1.0,1.0,1.0,225,1050,0,0,0
L_f3_W0,primary_full_coverage,freetype__char2svg,BL,51,3,5,6,6,5,1,66c131896a128ffba87eaef4face32f755af5b5eec25a0c1660b24e368af21ae,16aa8f52a0435862d1c98b0513280329333f4cea6186a74cdc88d6fa8ab644fc,0.0,0.7412934948409381,0.14480440893989882,False,1.0,1.0,1.0,1.0,1.0,225,1050,0,0,0
L_f3_W0,primary_full_coverage,freetype__char2svg,BL,51,4,1,6,7,6,1,66c131896a128ffba87eaef4face32f755af5b5eec25a0c1660b24e368af21ae,4fabd49c550766781c5da135b20f554ca9f2f9b6095f65fc1dcada41327a08c2,0.0,0.7596811578533298,0.21479466526007948,False,1.0,0.92157,0.95098,0.9324055666003976,1.0,225,1050,1,0,0
L_f3_W0,primary_full_coverage,freetype__char2svg,BL,51,4,2,6,6,5,1,66c131896a128ffba87eaef4face32f755af5b5eec25a0c1660b24e368af21ae,16aa8f52a0435862d1c98b0513280329333f4cea6186a74cdc88d6fa8ab644fc,0.0,0.7706220481620335,0.1952093900781212,False,1.0,1.0,1.0,1.0,1.0,225,1050,0,0,0
L_f3_W0,primary_full_coverage,freetype__char2svg,BL,51,4,3,6,6,5,1,66c131896a128ffba87eaef4face32f755af5b5eec25a0c1660b24e368af21ae,16aa8f52a0435862d1c98b0513280329333f4cea6186a74cdc88d6fa8ab644fc,0.0,0.7443745237311872,0.20274562610642635,False,1.0,1.0,1.0,1.0,1.0,225,1050,0,0,0
L_f3_W0,primary_full_coverage,freetype__char2svg,BL,51,4,5,6,6,5,1,66c131896a128ffba87eaef4face32f755af5b5eec25a0c1660b24e368af21ae,16aa8f52a0435862d1c98b0513280329333f4cea6186a74cdc88d6fa8ab644fc,0.0,0.7412934948409381,0.14709559955499668,False,1.0,1.0,1.0,1.0,1.0,225,1050,0,0,0
L_f3_W0,primary_full_coverage,freetype__char2svg,BL,51,5,1,6,6,5,1,66c131896a128ffba87eaef4face32f755af5b5eec25a0c1660b24e368af21ae,16aa8f52a0435862d1c98b0513280329333f4cea6186a74cdc88d6fa8ab644fc,0.0,0.7834811140184456,0.15305998845839752,False,1.0,1.0,1.0,1.0,1.0,225,1050,0,0,0
L_f3_W0,primary_full_coverage,freetype__char2svg,BL,51,5,2,6,6,5,1,66c131896a128ffba87eaef4face32f755af5b5eec25a0c1660b24e368af21ae,16aa8f52a0435862d1c98b0513280329333f4cea6186a74cdc88d6fa8ab644fc,0.0,0.7706220481620335,0.15556262003270588,False,1.0,1.0,1.0,1.0,1.0,225,1050,0,0,0
L_f3_W0,primary_full_coverage,freetype__char2svg,BL,51,5,3,6,6,5,1,66c131896a128ffba87eaef4face32f755af5b5eec25a0c1660b24e368af21ae,16aa8f52a0435862d1c98b0513280329333f4cea6186a74cdc88d6fa8ab644fc,0.0,0.7443745237311872,0.1570404135859506,False,1.0,1.0,1.0,1.0,1.0,225,1050,0,0,0
L_f3_W0,primary_full_coverage,freetype__char2svg,BL,51,5,5,6,6,5,1,66c131896a128ffba87eaef4face32f755af5b5eec25a0c1660b24e368af21ae,16aa8f52a0435862d1c98b0513280329333f4cea6186a74cdc88d6fa8ab644fc,0.0,0.7412934948409381,0.15818762509879541,False,1.0,1.0,1.0,1.0,1.0,225,1050,0,0,0
L_f3_W0,primary_full_coverage,freetype__char2svg,BL,51,8,1,6,6,5,1,66c131896a128ffba87eaef4face32f755af5b5eec25a0c1660b24e368af21ae,16aa8f52a0435862d1c98b0513280329333f4cea6186a74cdc88d6fa8ab644fc,0.0,0.7834811140184456,0.6421961577985671,False,1.0,1.0,1.0,1.0,1.0,225,1050,0,0,0
L_f3_W0,primary_full_coverage,freetype__char2svg,BL,51,8,2,6,6,5,1,66c131896a128ffba87eaef4face32f755af5b5eec25a0c1660b24e368af21ae,16aa8f52a0435862d1c98b0513280329333f4cea6186a74cdc88d6fa8ab644fc,0.0,0.7706220481620335,0.6482118210769382,False,1.0,1.0,1.0,1.0,1.0,225,1050,0,0,0
L_f3_W0,primary_full_coverage,freetype__char2svg,BL,51,8,3,6,6,5,1,66c131896a128ffba87eaef4face32f755af5b5eec25a0c1660b24e368af21ae,16aa8f52a0435862d1c98b0513280329333f4cea6186a74cdc88d6fa8ab644fc,0.0,0.7443745237311872,0.6428195443918151,False,1.0,1.0,1.0,1.0,1.0,225,1050,0,0,0
L_f3_W0,primary_full_coverage,freetype__char2svg,BL,51,8,5,6,6,5,1,66c131896a128ffba87eaef4face32f755af5b5eec25a0c1660b24e368af21ae,16aa8f52a0435862d1c98b0513280329333f4cea6186a74cdc88d6fa8ab644fc,0.0,0.7412934948409381,0.6498841292907798,False,1.0,1.0,1.0,1.0,1.0,225,1050,0,0,0
L_f3_W0,primary_full_coverage,freetype__char2svg,BD4,51,2,1,6,15,9,6,e2a7974a2fdfcdd920904f860b52148edaaa6529b8236988d19e490f887ea158,4c41fce82e37ee903a0e7e9183e656b9d170db1e19b28c44577c063fc1a7ba4c,0.0,0.5491615781599153,1.0,False,1.0,0.70588,0.79638,0.6965438663121915,1.0,225,1050,3,0,0
L_f3_W0,primary_full_coverage,freetype__char2svg,BD4,51,2,2,6,9,6,3,e2a7974a2fdfcdd920904f860b52148edaaa6529b8236988d19e490f887ea158,30295a1958b4b00d1db4465de06eb6e168efe9e487aee30edb43e2edbc3208ca,0.0,0.7540032209232623,0.12580766227690146,False,1.0,0.92157,0.95098,0.9175723123223541,1.0,225,1050,1,0,0
L_f3_W0,primary_full_coverage,freetype__char2svg,BD4,51,2,3,6,6,5,1,e2a7974a2fdfcdd920904f860b52148edaaa6529b8236988d19e490f887ea158,77fa88606dd22ca52f2063a2ff13fc15e39cc7e095d018b598b015a28f352eaa,0.0,0.7995308570071878,0.18518200400839308,False,1.0,1.0,1.0,1.0,1.0,225,1050,0,0,0
L_f3_W0,primary_full_coverage,freetype__char2svg,BD4,51,2,5,6,6,5,1,e2a7974a2fdfcdd920904f860b52148edaaa6529b8236988d19e490f887ea158,77fa88606dd22ca52f2063a2ff13fc15e39cc7e095d018b598b015a28f352eaa,0.0,0.792996796425399,0.14435926676284935,False,1.0,1.0,1.0,1.0,1.0,225,1050,0,0,0
L_f3_W0,primary_full_coverage,freetype__char2svg,BD4,51,3,1,6,8,6,2,e2a7974a2fdfcdd920904f860b52148edaaa6529b8236988d19e490f887ea158,c157d9495cd5c699c25a0b89d935e0618da9245a211049d14ab61f24dd23d439,0.0,0.7765454565357832,0.12942458267390025,False,1.0,0.92157,0.95098,0.9235382308845578,1.0,225,1050,1,0,0
L_f3_W0,primary_full_coverage,freetype__char2svg,BD4,51,3,2,6,6,5,1,e2a7974a2fdfcdd920904f860b52148edaaa6529b8236988d19e490f887ea158,77fa88606dd22ca52f2063a2ff13fc15e39cc7e095d018b598b015a28f352eaa,0.0,0.8062029734029467,0.12367141342595431,False,1.0,1.0,1.0,1.0,1.0,225,1050,0,0,0
L_f3_W0,primary_full_coverage,freetype__char2svg,BD4,51,3,3,6,6,5,1,e2a7974a2fdfcdd920904f860b52148edaaa6529b8236988d19e490f887ea158,77fa88606dd22ca52f2063a2ff13fc15e39cc7e095d018b598b015a28f352eaa,0.0,0.7995308570071878,0.20457827345381235,False,1.0,1.0,1.0,1.0,1.0,225,1050,0,0,0
L_f3_W0,primary_full_coverage,freetype__char2svg,BD4,51,3,5,6,6,5,1,e2a7974a2fdfcdd920904f860b52148edaaa6529b8236988d19e490f887ea158,77fa88606dd22ca52f2063a2ff13fc15e39cc7e095d018b598b015a28f352eaa,0.0,0.792996796425399,0.1444890393888933,False,1.0,1.0,1.0,1.0,1.0,225,1050,0,0,0
L_f3_W0,primary_full_coverage,freetype__char2svg,BD4,51,4,1,6,6,5,1,e2a7974a2fdfcdd920904f860b52148edaaa6529b8236988d19e490f887ea158,77fa88606dd22ca52f2063a2ff13fc15e39cc7e095d018b598b015a28f352eaa,0.0,0.834757250186428,0.2034427283404742,False,1.0,1.0,1.0,1.0,1.0,225,1050,0,0,0
L_f3_W0,primary_full_coverage,freetype__char2svg,BD4,51,4,2,6,6,5,1,e2a7974a2fdfcdd920904f860b52148edaaa6529b8236988d19e490f887ea158,77fa88606dd22ca52f2063a2ff13fc15e39cc7e095d018b598b015a28f352eaa,0.0,0.8062029734029467,0.19433684509575155,False,1.0,1.0,1.0,1.0,1.0,225,1050,0,0,0
L_f3_W0,primary_full_coverage,freetype__char2svg,BD4,51,4,3,6,6,5,1,e2a7974a2fdfcdd920904f860b52148edaaa6529b8236988d19e490f887ea158,77fa88606dd22ca52f2063a2ff13fc15e39cc7e095d018b598b015a28f352eaa,0.0,0.7995308570071878,0.20200936370343864,False,1.0,1.0,1.0,1.0,1.0,225,1050,0,0,0
L_f3_W0,primary_full_coverage,freetype__char2svg,BD4,51,4,5,6,6,5,1,e2a7974a2fdfcdd920904f860b52148edaaa6529b8236988d19e490f887ea158,77fa88606dd22ca52f2063a2ff13fc15e39cc7e095d018b598b015a28f352eaa,0.0,0.792996796425399,0.14669011280721533,False,1.0,1.0,1.0,1.0,1.0,225,1050,0,0,0
L_f3_W0,primary_full_coverage,freetype__char2svg,BD4,51,5,1,6,6,5,1,e2a7974a2fdfcdd920904f860b52148edaaa6529b8236988d19e490f887ea158,77fa88606dd22ca52f2063a2ff13fc15e39cc7e095d018b598b015a28f352eaa,0.0,0.834757250186428,0.15244014090373043,False,1.0,1.0,1.0,1.0,1.0,225,1050,0,0,0
L_f3_W0,primary_full_coverage,freetype__char2svg,BD4,51,5,2,6,6,5,1,e2a7974a2fdfcdd920904f860b52148edaaa6529b8236988d19e490f887ea158,77fa88606dd22ca52f2063a2ff13fc15e39cc7e095d018b598b015a28f352eaa,0.0,0.8062029734029467,0.15529739456895708,False,1.0,1.0,1.0,1.0,1.0,225,1050,0,0,0
L_f3_W0,primary_full_coverage,freetype__char2svg,BD4,51,5,3,6,6,5,1,e2a7974a2fdfcdd920904f860b52148edaaa6529b8236988d19e490f887ea158,77fa88606dd22ca52f2063a2ff13fc15e39cc7e095d018b598b015a28f352eaa,0.0,0.7995308570071878,0.15669635160866283,False,1.0,1.0,1.0,1.0,1.0,225,1050,0,0,0
L_f3_W0,primary_full_coverage,freetype__char2svg,BD4,51,5,5,6,6,5,1,e2a7974a2fdfcdd920904f860b52148edaaa6529b8236988d19e490f887ea158,77fa88606dd22ca52f2063a2ff13fc15e39cc7e095d018b598b015a28f352eaa,0.0,0.792996796425399,0.1577217681313773,False,1.0,1.0,1.0,1.0,1.0,225,1050,0,0,0
L_f3_W0,primary_full_coverage,freetype__char2svg,BD4,51,8,1,6,6,5,1,e2a7974a2fdfcdd920904f860b52148edaaa6529b8236988d19e490f887ea158,77fa88606dd22ca52f2063a2ff13fc15e39cc7e095d018b598b015a28f352eaa,0.0,0.834757250186428,0.7247054427077232,False,1.0,1.0,1.0,1.0,1.0,225,1050,0,0,0
L_f3_W0,primary_full_coverage,freetype__char2svg,BD4,51,8,2,6,6,5,1,e2a7974a2fdfcdd920904f860b52148edaaa6529b8236988d19e490f887ea158,77fa88606dd22ca52f2063a2ff13fc15e39cc7e095d018b598b015a28f352eaa,0.0,0.8062029734029467,0.6997324673050547,False,1.0,1.0,1.0,1.0,1.0,225,1050,0,0,0
L_f3_W0,primary_full_coverage,freetype__char2svg,BD4,51,8,3,6,6,5,1,e2a7974a2fdfcdd920904f860b52148edaaa6529b8236988d19e490f887ea158,77fa88606dd22ca52f2063a2ff13fc15e39cc7e095d018b598b015a28f352eaa,0.0,0.7995308570071878,0.6806628863819093,False,1.0,1.0,1.0,1.0,1.0,225,1050,0,0,0
L_f3_W0,primary_full_coverage,freetype__char2svg,BD4,51,8,5,6,6,5,1,e2a7974a2fdfcdd920904f860b52148edaaa6529b8236988d19e490f887ea158,77fa88606dd22ca52f2063a2ff13fc15e39cc7e095d018b598b015a28f352eaa,0.0,0.792996796425399,0.703501749914078,False,1.0,1.0,1.0,1.0,1.0,225,1050,0,0,0
L_f3_W0,primary_full_coverage,freetype__char2svg,BLD4,51,2,1,6,15,9,6,15c2948139572719a4290d490fc44eff7127ac0048ccf23d4f057fd5e230c572,7e32c41ce071d2015def9bae72b3bc314555a1c812e4bf19921edeb328f6dbe5,0.0,0.6172350398701518,1.0,False,1.0,0.70588,0.79638,0.6965438663121915,1.0,225,1050,3,0,0
L_f3_W0,primary_full_coverage,freetype__char2svg,BLD4,51,2,2,6,11,7,4,15c2948139572719a4290d490fc44eff7127ac0048ccf23d4f057fd5e230c572,07aa06c1826415d12b9720aa850809fc38418e61a0578489de3e575de506ee31,0.0,0.7105294231623817,0.14111532080658376,False,1.0,0.84314,0.90196,0.8325123152709359,1.0,225,1050,2,0,0
L_f3_W0,primary_full_coverage,freetype__char2svg,BLD4,51,2,3,6,6,5,1,15c2948139572719a4290d490fc44eff7127ac0048ccf23d4f057fd5e230c572,06280bcec3c516aca075a358f24d1f2111a07a16f4d1da5ad45de1f956d15cc5,0.0,0.7945139712571311,0.18582439404039475,False,1.0,1.0,1.0,1.0,1.0,225,1050,0,0,0
L_f3_W0,primary_full_coverage,freetype__char2svg,BLD4,51,2,5,6,6,5,1,15c2948139572719a4290d490fc44eff7127ac0048ccf23d4f057fd5e230c572,06280bcec3c516aca075a358f24d1f2111a07a16f4d1da5ad45de1f956d15cc5,0.0,0.7921712445059725,0.144488145213835,False,1.0,1.0,1.0,1.0,1.0,225,1050,0,0,0
L_f3_W0,primary_full_coverage,freetype__char2svg,BLD4,51,3,1,6,9,7,2,15c2948139572719a4290d490fc44eff7127ac0048ccf23d4f057fd5e230c572,98546e4a85e45845f07f3a6d7014dd617d76910c5944cc56b955c30f4a799751,0.0,0.7218812426368058,0.1442098366068905,False,1.0,0.84314,0.90196,0.8489283847360167,1.0,225,1050,2,0,0
L_f3_W0,primary_full_coverage,freetype__char2svg,BLD4,51,3,2,6,8,6,2,15c2948139572719a4290d490fc44eff7127ac0048ccf23d4f057fd5e230c572,2829db6f50bea45b1e617d33493ee3945beae241692ab0c0359e046826c04c76,0.0,0.7779365785470702,0.14185158542887685,False,1.0,0.92157,0.95098,0.9235382308845578,1.0,225,1050,1,0,0
L_f3_W0,primary_full_coverage,freetype__char2svg,BLD4,51,3,3,6,6,5,1,15c2948139572719a4290d490fc44eff7127ac0048ccf23d4f057fd5e230c572,06280bcec3c516aca075a358f24d1f2111a07a16f4d1da5ad45de1f956d15cc5,0.0,0.7945139712571311,0.20526333919985537,False,1.0,1.0,1.0,1.0,1.0,225,1050,0,0,0
L_f3_W0,primary_full_coverage,freetype__char2svg,BLD4,51,3,5,6,6,5,1,15c2948139572719a4290d490fc44eff7127ac0048ccf23d4f057fd5e230c572,06280bcec3c516aca075a358f24d1f2111a07a16f4d1da5ad45de1f956d15cc5,0.0,0.7921712445059725,0.14453092614527638,False,1.0,1.0,1.0,1.0,1.0,225,1050,0,0,0
L_f3_W0,primary_full_coverage,freetype__char2svg,BLD4,51,4,1,6,7,6,1,15c2948139572719a4290d490fc44eff7127ac0048ccf23d4f057fd5e230c572,c99d94194d26f39c083b5f0b832958cac3c936cef7c1b9f12bf6c97b03a5650e,0.0,0.7882583744435738,0.2145768224067822,False,1.0,0.92157,0.95098,0.9324055666003976,1.0,225,1050,1,0,0
L_f3_W0,primary_full_coverage,freetype__char2svg,BLD4,51,4,2,6,6,5,1,15c2948139572719a4290d490fc44eff7127ac0048ccf23d4f057fd5e230c572,06280bcec3c516aca075a358f24d1f2111a07a16f4d1da5ad45de1f956d15cc5,0.0,0.8145604304886596,0.1948934430468233,False,1.0,1.0,1.0,1.0,1.0,225,1050,0,0,0
L_f3_W0,primary_full_coverage,freetype__char2svg,BLD4,51,4,3,6,6,5,1,15c2948139572719a4290d490fc44eff7127ac0048ccf23d4f057fd5e230c572,06280bcec3c516aca075a358f24d1f2111a07a16f4d1da5ad45de1f956d15cc5,0.0,0.7945139712571311,0.20269704483190484,False,1.0,1.0,1.0,1.0,1.0,225,1050,0,0,0
L_f3_W0,primary_full_coverage,freetype__char2svg,BLD4,51,4,5,6,6,5,1,15c2948139572719a4290d490fc44eff7127ac0048ccf23d4f057fd5e230c572,06280bcec3c516aca075a358f24d1f2111a07a16f4d1da5ad45de1f956d15cc5,0.0,0.7921712445059725,0.14679343597281438,False,1.0,1.0,1.0,1.0,1.0,225,1050,0,0,0
L_f3_W0,primary_full_coverage,freetype__char2svg,BLD4,51,5,1,6,6,5,1,15c2948139572719a4290d490fc44eff7127ac0048ccf23d4f057fd5e230c572,06280bcec3c516aca075a358f24d1f2111a07a16f4d1da5ad45de1f956d15cc5,0.0,0.8254532361027218,0.1522145287226309,False,1.0,1.0,1.0,1.0,1.0,225,1050,0,0,0
L_f3_W0,primary_full_coverage,freetype__char2svg,BLD4,51,5,2,6,6,5,1,15c2948139572719a4290d490fc44eff7127ac0048ccf23d4f057fd5e230c572,06280bcec3c516aca075a358f24d1f2111a07a16f4d1da5ad45de1f956d15cc5,0.0,0.8145604304886596,0.15517134890980935,False,1.0,1.0,1.0,1.0,1.0,225,1050,0,0,0
L_f3_W0,primary_full_coverage,freetype__char2svg,BLD4,51,5,3,6,6,5,1,15c2948139572719a4290d490fc44eff7127ac0048ccf23d4f057fd5e230c572,06280bcec3c516aca075a358f24d1f2111a07a16f4d1da5ad45de1f956d15cc5,0.0,0.7945139712571311,0.15675906327388242,False,1.0,1.0,1.0,1.0,1.0,225,1050,0,0,0
L_f3_W0,primary_full_coverage,freetype__char2svg,BLD4,51,5,5,6,6,5,1,15c2948139572719a4290d490fc44eff7127ac0048ccf23d4f057fd5e230c572,06280bcec3c516aca075a358f24d1f2111a07a16f4d1da5ad45de1f956d15cc5,0.0,0.7921712445059725,0.15782819968390221,False,1.0,1.0,1.0,1.0,1.0,225,1050,0,0,0
L_f3_W0,primary_full_coverage,freetype__char2svg,BLD4,51,8,1,6,6,5,1,15c2948139572719a4290d490fc44eff7127ac0048ccf23d4f057fd5e230c572,06280bcec3c516aca075a358f24d1f2111a07a16f4d1da5ad45de1f956d15cc5,0.0,0.8254532361027218,0.6642915473289749,False,1.0,1.0,1.0,1.0,1.0,225,1050,0,0,0
L_f3_W0,primary_full_coverage,freetype__char2svg,BLD4,51,8,2,6,6,5,1,15c2948139572719a4290d490fc44eff7127ac0048ccf23d4f057fd5e230c572,06280bcec3c516aca075a358f24d1f2111a07a16f4d1da5ad45de1f956d15cc5,0.0,0.8145604304886596,0.6470377851775839,False,1.0,1.0,1.0,1.0,1.0,225,1050,0,0,0
L_f3_W0,primary_full_coverage,freetype__char2svg,BLD4,51,8,3,6,6,5,1,15c2948139572719a4290d490fc44eff7127ac0048ccf23d4f057fd5e230c572,06280bcec3c516aca075a358f24d1f2111a07a16f4d1da5ad45de1f956d15cc5,0.0,0.7945139712571311,0.6411862831522761,False,1.0,1.0,1.0,1.0,1.0,225,1050,0,0,0
L_f3_W0,primary_full_coverage,freetype__char2svg,BLD4,51,8,5,6,6,5,1,15c2948139572719a4290d490fc44eff7127ac0048ccf23d4f057fd5e230c572,06280bcec3c516aca075a358f24d1f2111a07a16f4d1da5ad45de1f956d15cc5,0.0,0.7921712445059725,0.6612991674296336,False,1.0,1.0,1.0,1.0,1.0,225,1050,0,0,0
L_f3_W0,primary_full_coverage,poppler__pdfimages,B,40,2,1,4,13,11,2,ae9c43363c0ce3d15f18a1a7a4f0b2fe4ccf86b44058e9e6d7f4898e7963f325,377fbedc457666dc2f5c5eada539ce76f47f44e6c625141b752299e0271725f8,0.0,0.4897957203646249,1.0,False,1.0,0.55,0.68635,0.48884165781083955,1.0,180,600,4,0,0
L_f3_W0,primary_full_coverage,poppler__pdfimages,B,40,2,2,4,8,7,1,ae9c43363c0ce3d15f18a1a7a4f0b2fe4ccf86b44058e9e6d7f4898e7963f325,747ad1dbfe9dfb895536c878609e744a2bd12ebd0c85f9546dd855fc958b1875,0.0,0.4733420604118006,1.0,False,1.0,0.7,0.81005,0.6878650227125244,1.0,180,600,3,0,0
L_f3_W0,primary_full_coverage,poppler__pdfimages,B,40,2,3,4,5,5,0,ae9c43363c0ce3d15f18a1a7a4f0b2fe4ccf86b44058e9e6d7f4898e7963f325,91bb4cdedcdd6b016940b37535d245bc93148b5b2cd8b462c337d81fa7e9092a,0.0,0.450698346647742,0.16830879977025875,False,1.0,0.9,0.9375,0.9090909090909091,1.0,180,600,1,0,0
L_f3_W0,primary_full_coverage,poppler__pdfimages,B,40,2,5,4,4,4,0,ae9c43363c0ce3d15f18a1a7a4f0b2fe4ccf86b44058e9e6d7f4898e7963f325,3c303e8588976c1374218400bece6f78ca37f2f8dc04111ea5caa9ae59554a23,0.0,0.6205526933439979,0.547537350299493,False,1.0,1.0,1.0,1.0,1.0,180,600,0,0,0
L_f3_W0,primary_full_coverage,poppler__pdfimages,B,40,3,1,4,8,7,1,ae9c43363c0ce3d15f18a1a7a4f0b2fe4ccf86b44058e9e6d7f4898e7963f325,747ad1dbfe9dfb895536c878609e744a2bd12ebd0c85f9546dd855fc958b1875,0.0,0.48693266488770226,1.0,False,1.0,0.7,0.81005,0.6878650227125244,1.0,180,600,3,0,0
L_f3_W0,primary_full_coverage,poppler__pdfimages,B,40,3,2,4,8,7,1,ae9c43363c0ce3d15f18a1a7a4f0b2fe4ccf86b44058e9e6d7f4898e7963f325,747ad1dbfe9dfb895536c878609e744a2bd12ebd0c85f9546dd855fc958b1875,0.0,0.4733420604118006,1.0,False,1.0,0.7,0.81005,0.6878650227125244,1.0,180,600,3,0,0
L_f3_W0,primary_full_coverage,poppler__pdfimages,B,40,3,3,4,5,5,0,ae9c43363c0ce3d15f18a1a7a4f0b2fe4ccf86b44058e9e6d7f4898e7963f325,91bb4cdedcdd6b016940b37535d245bc93148b5b2cd8b462c337d81fa7e9092a,0.0,0.450698346647742,0.16808579794998754,False,1.0,0.9,0.9375,0.9090909090909091,1.0,180,600,1,0,0
L_f3_W0,primary_full_coverage,poppler__pdfimages,B,40,3,5,4,4,4,0,ae9c43363c0ce3d15f18a1a7a4f0b2fe4ccf86b44058e9e6d7f4898e7963f325,3c303e8588976c1374218400bece6f78ca37f2f8dc04111ea5caa9ae59554a23,0.0,0.6205526933439979,0.5502677085174886,False,1.0,1.0,1.0,1.0,1.0,180,600,0,0,0
L_f3_W0,primary_full_coverage,poppler__pdfimages,B,40,4,1,4,5,5,0,ae9c43363c0ce3d15f18a1a7a4f0b2fe4ccf86b44058e9e6d7f4898e7963f325,91bb4cdedcdd6b016940b37535d245bc93148b5b2cd8b462c337d81fa7e9092a,0.0,0.46933821339971615,0.1777085749579227,False,1.0,0.9,0.9375,0.9090909090909091,1.0,180,600,1,0,0
L_f3_W0,primary_full_coverage,poppler__pdfimages,B,40,4,2,4,5,5,0,ae9c43363c0ce3d15f18a1a7a4f0b2fe4ccf86b44058e9e6d7f4898e7963f325,91bb4cdedcdd6b016940b37535d245bc93148b5b2cd8b462c337d81fa7e9092a,0.0,0.4668397927568522,0.1775168458265651,False,1.0,0.9,0.9375,0.9090909090909091,1.0,180,600,1,0,0
L_f3_W0,primary_full_coverage,poppler__pdfimages,B,40,4,3,4,5,5,0,ae9c43363c0ce3d15f18a1a7a4f0b2fe4ccf86b44058e9e6d7f4898e7963f325,91bb4cdedcdd6b016940b37535d245bc93148b5b2cd8b462c337d81fa7e9092a,0.0,0.450698346647742,0.16806519291956057,False,1.0,0.9,0.9375,0.9090909090909091,1.0,180,600,1,0,0
L_f3_W0,primary_full_coverage,poppler__pdfimages,B,40,4,5,4,4,4,0,ae9c43363c0ce3d15f18a1a7a4f0b2fe4ccf86b44058e9e6d7f4898e7963f325,3c303e8588976c1374218400bece6f78ca37f2f8dc04111ea5caa9ae59554a23,0.0,0.6205526933439979,0.5444124202471796,False,1.0,1.0,1.0,1.0,1.0,180,600,0,0,0
L_f3_W0,primary_full_coverage,poppler__pdfimages,B,40,5,1,4,4,4,0,ae9c43363c0ce3d15f18a1a7a4f0b2fe4ccf86b44058e9e6d7f4898e7963f325,3c303e8588976c1374218400bece6f78ca37f2f8dc04111ea5caa9ae59554a23,0.0,0.6531442294116495,0.14678847280010562,False,1.0,1.0,1.0,1.0,1.0,180,600,0,0,0
L_f3_W0,primary_full_coverage,poppler__pdfimages,B,40,5,2,4,4,4,0,ae9c43363c0ce3d15f18a1a7a4f0b2fe4ccf86b44058e9e6d7f4898e7963f325,3c303e8588976c1374218400bece6f78ca37f2f8dc04111ea5caa9ae59554a23,0.0,0.6506458087687856,0.14652361077598577,False,1.0,1.0,1.0,1.0,1.0,180,600,0,0,0
L_f3_W0,primary_full_coverage,poppler__pdfimages,B,40,5,3,4,4,4,0,ae9c43363c0ce3d15f18a1a7a4f0b2fe4ccf86b44058e9e6d7f4898e7963f325,3c303e8588976c1374218400bece6f78ca37f2f8dc04111ea5caa9ae59554a23,0.0,0.6346214767957183,0.1511622217883478,False,1.0,1.0,1.0,1.0,1.0,180,600,0,0,0
L_f3_W0,primary_full_coverage,poppler__pdfimages,B,40,5,5,4,4,4,0,ae9c43363c0ce3d15f18a1a7a4f0b2fe4ccf86b44058e9e6d7f4898e7963f325,3c303e8588976c1374218400bece6f78ca37f2f8dc04111ea5caa9ae59554a23,0.0,0.6205526933439979,0.5425795201746861,False,1.0,1.0,1.0,1.0,1.0,180,600,0,0,0
L_f3_W0,primary_full_coverage,poppler__pdfimages,B,40,8,1,4,4,4,0,ae9c43363c0ce3d15f18a1a7a4f0b2fe4ccf86b44058e9e6d7f4898e7963f325,3c303e8588976c1374218400bece6f78ca37f2f8dc04111ea5caa9ae59554a23,0.0,0.6531442294116495,0.5028495464554599,False,1.0,1.0,1.0,1.0,1.0,180,600,0,0,0
L_f3_W0,primary_full_coverage,poppler__pdfimages,B,40,8,2,4,4,4,0,ae9c43363c0ce3d15f18a1a7a4f0b2fe4ccf86b44058e9e6d7f4898e7963f325,3c303e8588976c1374218400bece6f78ca37f2f8dc04111ea5caa9ae59554a23,0.0,0.6506458087687856,0.4925250025134327,False,1.0,1.0,1.0,1.0,1.0,180,600,0,0,0
L_f3_W0,primary_full_coverage,poppler__pdfimages,B,40,8,3,4,4,4,0,ae9c43363c0ce3d15f18a1a7a4f0b2fe4ccf86b44058e9e6d7f4898e7963f325,3c303e8588976c1374218400bece6f78ca37f2f8dc04111ea5caa9ae59554a23,0.0,0.6346214767957183,0.4868370921254296,False,1.0,1.0,1.0,1.0,1.0,180,600,0,0,0
L_f3_W0,primary_full_coverage,poppler__pdfimages,B,40,8,5,4,4,4,0,ae9c43363c0ce3d15f18a1a7a4f0b2fe4ccf86b44058e9e6d7f4898e7963f325,3c303e8588976c1374218400bece6f78ca37f2f8dc04111ea5caa9ae59554a23,0.0,0.6205526933439979,0.4884964867508864,False,1.0,1.0,1.0,1.0,1.0,180,600,0,0,0
L_f3_W0,primary_full_coverage,poppler__pdfimages,BL,40,2,1,4,13,11,2,d2350caba97453d3298e76d52067dab9ac5d92e695e4d2f210fe774154665087,0b47c512053ddb6da4786ef3ba44bc747caf7302e759395973132fd1a2bccc62,0.0,0.38325608051599946,1.0,False,1.0,0.55,0.68635,0.48884165781083955,1.0,180,600,4,0,0
L_f3_W0,primary_full_coverage,poppler__pdfimages,BL,40,2,2,4,8,7,1,d2350caba97453d3298e76d52067dab9ac5d92e695e4d2f210fe774154665087,c896ef127d2a7f8aa9f52dfce1088cc65ae699d7f1919d5f46eb13dcf2a600c0,0.0,0.4036429986371933,1.0,False,1.0,0.7,0.81005,0.6878650227125244,1.0,180,600,3,0,0
L_f3_W0,primary_full_coverage,poppler__pdfimages,BL,40,2,3,4,5,5,0,d2350caba97453d3298e76d52067dab9ac5d92e695e4d2f210fe774154665087,7533dabfb3c24f4733a6127cc2b1af506e25c26f5b919f21059f07b5e8b3ab5f,0.0,0.6426266329602288,0.16956623979124885,False,1.0,0.9,0.9375,0.9090909090909091,1.0,180,600,1,0,0
L_f3_W0,primary_full_coverage,poppler__pdfimages,BL,40,2,5,4,4,4,0,d2350caba97453d3298e76d52067dab9ac5d92e695e4d2f210fe774154665087,b4a683419e4cc088a93ac245027367d45d173db430c1e7b88b3fb5f58f0b132f,0.0,0.8385288640833037,0.5611118151584195,False,1.0,1.0,1.0,1.0,1.0,180,600,0,0,0
L_f3_W0,primary_full_coverage,poppler__pdfimages,BL,40,3,1,4,8,7,1,d2350caba97453d3298e76d52067dab9ac5d92e695e4d2f210fe774154665087,c896ef127d2a7f8aa9f52dfce1088cc65ae699d7f1919d5f46eb13dcf2a600c0,0.0,0.40892545213860726,1.0,False,1.0,0.7,0.81005,0.6878650227125244,1.0,180,600,3,0,0
L_f3_W0,primary_full_coverage,poppler__pdfimages,BL,40,3,2,4,8,7,1,d2350caba97453d3298e76d52067dab9ac5d92e695e4d2f210fe774154665087,c896ef127d2a7f8aa9f52dfce1088cc65ae699d7f1919d5f46eb13dcf2a600c0,0.0,0.4036429986371933,1.0,False,1.0,0.7,0.81005,0.6878650227125244,1.0,180,600,3,0,0
L_f3_W0,primary_full_coverage,poppler__pdfimages,BL,40,3,3,4,5,5,0,d2350caba97453d3298e76d52067dab9ac5d92e695e4d2f210fe774154665087,7533dabfb3c24f4733a6127cc2b1af506e25c26f5b919f21059f07b5e8b3ab5f,0.0,0.6426266329602288,0.16894837953407343,False,1.0,0.9,0.9375,0.9090909090909091,1.0,180,600,1,0,0
L_f3_W0,primary_full_coverage,poppler__pdfimages,BL,40,3,5,4,4,4,0,d2350caba97453d3298e76d52067dab9ac5d92e695e4d2f210fe774154665087,b4a683419e4cc088a93ac245027367d45d173db430c1e7b88b3fb5f58f0b132f,0.0,0.8385288640833037,0.5644903494207915,False,1.0,1.0,1.0,1.0,1.0,180,600,0,0,0
L_f3_W0,primary_full_coverage,poppler__pdfimages,BL,40,4,1,4,5,5,0,d2350caba97453d3298e76d52067dab9ac5d92e695e4d2f210fe774154665087,7533dabfb3c24f4733a6127cc2b1af506e25c26f5b919f21059f07b5e8b3ab5f,0.0,0.6492122228821122,0.17856209505450335,False,1.0,0.9,0.9375,0.9090909090909091,1.0,180,600,1,0,0
L_f3_W0,primary_full_coverage,poppler__pdfimages,BL,40,4,2,4,5,5,0,d2350caba97453d3298e76d52067dab9ac5d92e695e4d2f210fe774154665087,7533dabfb3c24f4733a6127cc2b1af506e25c26f5b919f21059f07b5e8b3ab5f,0.0,0.6483736848995925,0.1783880273045187,False,1.0,0.9,0.9375,0.9090909090909091,1.0,180,600,1,0,0
L_f3_W0,primary_full_coverage,poppler__pdfimages,BL,40,4,3,4,5,5,0,d2350caba97453d3298e76d52067dab9ac5d92e695e4d2f210fe774154665087,7533dabfb3c24f4733a6127cc2b1af506e25c26f5b919f21059f07b5e8b3ab5f,0.0,0.6426266329602288,0.16892755784465965,False,1.0,0.9,0.9375,0.9090909090909091,1.0,180,600,1,0,0
L_f3_W0,primary_full_coverage,poppler__pdfimages,BL,40,4,5,4,4,4,0,d2350caba97453d3298e76d52067dab9ac5d92e695e4d2f210fe774154665087,b4a683419e4cc088a93ac245027367d45d173db430c1e7b88b3fb5f58f0b132f,0.0,0.8385288640833037,0.5598847179700239,False,1.0,1.0,1.0,1.0,1.0,180,600,0,0,0
L_f3_W0,primary_full_coverage,poppler__pdfimages,BL,40,5,1,4,4,4,0,d2350caba97453d3298e76d52067dab9ac5d92e695e4d2f210fe774154665087,b4a683419e4cc088a93ac245027367d45d173db430c1e7b88b3fb5f58f0b132f,0.0,0.8655205761848102,0.14837357960173897,False,1.0,1.0,1.0,1.0,1.0,180,600,0,0,0
L_f3_W0,primary_full_coverage,poppler__pdfimages,BL,40,5,2,4,4,4,0,d2350caba97453d3298e76d52067dab9ac5d92e695e4d2f210fe774154665087,b4a683419e4cc088a93ac245027367d45d173db430c1e7b88b3fb5f58f0b132f,0.0,0.8646820382022902,0.148130110709572,False,1.0,1.0,1.0,1.0,1.0,180,600,0,0,0
L_f3_W0,primary_full_coverage,poppler__pdfimages,BL,40,5,3,4,4,4,0,d2350caba97453d3298e76d52067dab9ac5d92e695e4d2f210fe774154665087,b4a683419e4cc088a93ac245027367d45d173db430c1e7b88b3fb5f58f0b132f,0.0,0.8590440391765538,0.153297531995748,False,1.0,1.0,1.0,1.0,1.0,180,600,0,0,0
L_f3_W0,primary_full_coverage,poppler__pdfimages,BL,40,5,5,4,4,4,0,d2350caba97453d3298e76d52067dab9ac5d92e695e4d2f210fe774154665087,b4a683419e4cc088a93ac245027367d45d173db430c1e7b88b3fb5f58f0b132f,0.0,0.8385288640833037,0.5601510447952842,False,1.0,1.0,1.0,1.0,1.0,180,600,0,0,0
L_f3_W0,primary_full_coverage,poppler__pdfimages,BL,40,8,1,4,4,4,0,d2350caba97453d3298e76d52067dab9ac5d92e695e4d2f210fe774154665087,b4a683419e4cc088a93ac245027367d45d173db430c1e7b88b3fb5f58f0b132f,0.0,0.8655205761848102,0.5748759330135033,False,1.0,1.0,1.0,1.0,1.0,180,600,0,0,0
L_f3_W0,primary_full_coverage,poppler__pdfimages,BL,40,8,2,4,4,4,0,d2350caba97453d3298e76d52067dab9ac5d92e695e4d2f210fe774154665087,b4a683419e4cc088a93ac245027367d45d173db430c1e7b88b3fb5f58f0b132f,0.0,0.8646820382022902,0.5644780586399348,False,1.0,1.0,1.0,1.0,1.0,180,600,0,0,0
L_f3_W0,primary_full_coverage,poppler__pdfimages,BL,40,8,3,4,4,4,0,d2350caba97453d3298e76d52067dab9ac5d92e695e4d2f210fe774154665087,b4a683419e4cc088a93ac245027367d45d173db430c1e7b88b3fb5f58f0b132f,0.0,0.8590440391765538,0.5588408361591678,False,1.0,1.0,1.0,1.0,1.0,180,600,0,0,0
L_f3_W0,primary_full_coverage,poppler__pdfimages,BL,40,8,5,4,4,4,0,d2350caba97453d3298e76d52067dab9ac5d92e695e4d2f210fe774154665087,b4a683419e4cc088a93ac245027367d45d173db430c1e7b88b3fb5f58f0b132f,0.0,0.8385288640833037,0.5624038965089377,False,1.0,1.0,1.0,1.0,1.0,180,600,0,0,0
L_f3_W0,primary_full_coverage,poppler__pdfimages,BD4,40,2,1,4,13,11,2,261f209d09e5ee8c4a35f09340b9b91d8e2ccca1c87c8b685b9ac262ef5b0f42,e61ac81845cabf39ea6baf0965a3a8fc3cf53b50ec0147e89d985a9f761dad5f,0.0,0.5018135688285579,1.0,False,1.0,0.525,0.66796,0.47109207708779444,0.9300858902082415,180,600,4,0,0
L_f3_W0,primary_full_coverage,poppler__pdfimages,BD4,40,2,2,4,8,7,1,261f209d09e5ee8c4a35f09340b9b91d8e2ccca1c87c8b685b9ac262ef5b0f42,39ca9d20486575480d337c86ad537bf9c1abf302d83c5da9d164c68a8cc29b46,0.0,0.5140188983139016,1.0,False,1.0,0.675,0.79167,0.6729826853969291,0.9300858902082415,180,600,3,0,0
L_f3_W0,primary_full_coverage,poppler__pdfimages,BD4,40,2,3,4,6,6,0,261f209d09e5ee8c4a35f09340b9b91d8e2ccca1c87c8b685b9ac262ef5b0f42,e0fb02956e6f40884c33d6546332c8e656da55499323fe3da353680ecd88bb06,0.0,0.6507232424721621,0.14275078117170212,False,1.0,0.8,0.875,0.8088235294117647,0.9300858902082415,180,600,2,0,0
L_f3_W0,primary_full_coverage,poppler__pdfimages,BD4,40,2,5,4,8,4,4,261f209d09e5ee8c4a35f09340b9b91d8e2ccca1c87c8b685b9ac262ef5b0f42,2fbeda09eb7fa250c7974a4d809e0aa514d3a2f2242596c5e32ad293c7b3d8e3,0.0,0.794429449341116,0.6303690631467931,False,1.0,0.9,0.9375,0.8849557522123894,0.9300858902082415,180,600,1,0,0
L_f3_W0,primary_full_coverage,poppler__pdfimages,BD4,40,3,1,4,8,7,1,261f209d09e5ee8c4a35f09340b9b91d8e2ccca1c87c8b685b9ac262ef5b0f42,39ca9d20486575480d337c86ad537bf9c1abf302d83c5da9d164c68a8cc29b46,0.0,0.5176153942918659,1.0,False,1.0,0.675,0.79167,0.6729826853969291,0.9300858902082415,180,600,3,0,0
L_f3_W0,primary_full_coverage,poppler__pdfimages,BD4,40,3,2,4,8,7,1,261f209d09e5ee8c4a35f09340b9b91d8e2ccca1c87c8b685b9ac262ef5b0f42,39ca9d20486575480d337c86ad537bf9c1abf302d83c5da9d164c68a8cc29b46,0.0,0.5140188983139016,1.0,False,1.0,0.675,0.79167,0.6729826853969291,0.9300858902082415,180,600,3,0,0
L_f3_W0,primary_full_coverage,poppler__pdfimages,BD4,40,3,3,4,6,6,0,261f209d09e5ee8c4a35f09340b9b91d8e2ccca1c87c8b685b9ac262ef5b0f42,e0fb02956e6f40884c33d6546332c8e656da55499323fe3da353680ecd88bb06,0.0,0.6507232424721621,0.14255763244168554,False,1.0,0.8,0.875,0.8088235294117647,0.9300858902082415,180,600,2,0,0
L_f3_W0,primary_full_coverage,poppler__pdfimages,BD4,40,3,5,4,8,4,4,261f209d09e5ee8c4a35f09340b9b91d8e2ccca1c87c8b685b9ac262ef5b0f42,2fbeda09eb7fa250c7974a4d809e0aa514d3a2f2242596c5e32ad293c7b3d8e3,0.0,0.794429449341116,0.6290889649286739,False,1.0,0.9,0.9375,0.8849557522123894,0.9300858902082415,180,600,1,0,0
L_f3_W0,primary_full_coverage,poppler__pdfimages,BD4,40,4,1,4,6,6,0,261f209d09e5ee8c4a35f09340b9b91d8e2ccca1c87c8b685b9ac262ef5b0f42,e0fb02956e6f40884c33d6546332c8e656da55499323fe3da353680ecd88bb06,0.0,0.6567922006181136,0.1511249237065481,False,1.0,0.8,0.875,0.8088235294117647,0.9300858902082415,180,600,2,0,0
L_f3_W0,primary_full_coverage,poppler__pdfimages,BD4,40,4,2,4,6,6,0,261f209d09e5ee8c4a35f09340b9b91d8e2ccca1c87c8b685b9ac262ef5b0f42,e0fb02956e6f40884c33d6546332c8e656da55499323fe3da353680ecd88bb06,0.0,0.6536294929863101,0.15094838875420705,False,1.0,0.8,0.875,0.8088235294117647,0.9300858902082415,180,600,2,0,0
L_f3_W0,primary_full_coverage,poppler__pdfimages,BD4,40,4,3,4,6,6,0,261f209d09e5ee8c4a35f09340b9b91d8e2ccca1c87c8b685b9ac262ef5b0f42,e0fb02956e6f40884c33d6546332c8e656da55499323fe3da353680ecd88bb06,0.0,0.6507232424721621,0.14254102019480652,False,1.0,0.8,0.875,0.8088235294117647,0.9300858902082415,180,600,2,0,0
L_f3_W0,primary_full_coverage,poppler__pdfimages,BD4,40,4,5,4,8,4,4,261f209d09e5ee8c4a35f09340b9b91d8e2ccca1c87c8b685b9ac262ef5b0f42,2fbeda09eb7fa250c7974a4d809e0aa514d3a2f2242596c5e32ad293c7b3d8e3,0.0,0.794429449341116,0.6223111912895929,False,1.0,0.9,0.9375,0.8849557522123894,0.9300858902082415,180,600,1,0,0
L_f3_W0,primary_full_coverage,poppler__pdfimages,BD4,40,5,1,4,8,4,4,261f209d09e5ee8c4a35f09340b9b91d8e2ccca1c87c8b685b9ac262ef5b0f42,2fbeda09eb7fa250c7974a4d809e0aa514d3a2f2242596c5e32ad293c7b3d8e3,0.0,0.8072541506384943,0.15107849300024895,False,1.0,0.9,0.9375,0.8849557522123894,0.9300858902082415,180,600,1,0,0
L_f3_W0,primary_full_coverage,poppler__pdfimages,BD4,40,5,2,4,8,4,4,261f209d09e5ee8c4a35f09340b9b91d8e2ccca1c87c8b685b9ac262ef5b0f42,2fbeda09eb7fa250c7974a4d809e0aa514d3a2f2242596c5e32ad293c7b3d8e3,0.0,0.8058477315984929,0.15081431983442165,False,1.0,0.9,0.9375,0.8849557522123894,0.9300858902082415,180,600,1,0,0
L_f3_W0,primary_full_coverage,poppler__pdfimages,BD4,40,5,3,4,8,4,4,261f209d09e5ee8c4a35f09340b9b91d8e2ccca1c87c8b685b9ac262ef5b0f42,2fbeda09eb7fa250c7974a4d809e0aa514d3a2f2242596c5e32ad293c7b3d8e3,0.0,0.8037416660769539,0.15591252216346346,False,1.0,0.9,0.9375,0.8849557522123894,0.9300858902082415,180,600,1,0,0
L_f3_W0,primary_full_coverage,poppler__pdfimages,BD4,40,5,5,4,8,4,4,261f209d09e5ee8c4a35f09340b9b91d8e2ccca1c87c8b685b9ac262ef5b0f42,2fbeda09eb7fa250c7974a4d809e0aa514d3a2f2242596c5e32ad293c7b3d8e3,0.0,0.794429449341116,0.6191364396513265,False,1.0,0.9,0.9375,0.8849557522123894,0.9300858902082415,180,600,1,0,0
L_f3_W0,primary_full_coverage,poppler__pdfimages,BD4,40,8,1,4,3,3,0,261f209d09e5ee8c4a35f09340b9b91d8e2ccca1c87c8b685b9ac262ef5b0f42,b5c337cd7a7330730c2ec06a936e4eeb6ab05cd8853f26e1b153a18ed0dc831b,0.0,0.49689503754542746,0.630458700303601,False,0.75,1.0,0.83333,0.6976744186046512,0.9300858902082415,180,600,0,1,2
L_f3_W0,primary_full_coverage,poppler__pdfimages,BD4,40,8,2,4,3,3,0,261f209d09e5ee8c4a35f09340b9b91d8e2ccca1c87c8b685b9ac262ef5b0f42,b5c337cd7a7330730c2ec06a936e4eeb6ab05cd8853f26e1b153a18ed0dc831b,0.0,0.49551932907980606,0.6166397039207268,False,0.75,1.0,0.83333,0.6976744186046512,0.9300858902082415,180,600,0,1,2
L_f3_W0,primary_full_coverage,poppler__pdfimages,BD4,40,8,3,4,3,3,0,261f209d09e5ee8c4a35f09340b9b91d8e2ccca1c87c8b685b9ac262ef5b0f42,b5c337cd7a7330730c2ec06a936e4eeb6ab05cd8853f26e1b153a18ed0dc831b,0.0,0.49387659881545587,0.6095340492252378,False,0.75,1.0,0.83333,0.6976744186046512,0.9300858902082415,180,600,0,1,2
L_f3_W0,primary_full_coverage,poppler__pdfimages,BD4,40,8,5,4,5,3,2,261f209d09e5ee8c4a35f09340b9b91d8e2ccca1c87c8b685b9ac262ef5b0f42,ec0e8075a160aad363600f53616945fac905881b956f2552114eefa505c8c93d,0.0,0.45441818263390044,0.6199632790418268,False,0.8,0.95,0.82143,0.6879485275921802,0.9300858902082415,180,600,1,1,1
L_f3_W0,primary_full_coverage,poppler__pdfimages,BLD4,40,2,1,4,13,11,2,a0a81059ab1358d0fc80ad83ff525de8d7d49f95e189d4575892a6921dda8bbd,793cb8070428676be9edfc86ffe2d3bce3a78c2bfd6251e853727f5e13deda0a,0.0,0.4628007892820678,1.0,False,1.0,0.525,0.66796,0.47109207708779444,0.9999999999999999,180,600,4,0,0
L_f3_W0,primary_full_coverage,poppler__pdfimages,BLD4,40,2,2,4,8,7,1,a0a81059ab1358d0fc80ad83ff525de8d7d49f95e189d4575892a6921dda8bbd,4e76d77077102536858486f4e60c6b15afb52048a5986cb8dd682c82fbcecd75,0.0,0.4884146416760649,1.0,False,1.0,0.675,0.79167,0.6729826853969291,0.9999999999999999,180,600,3,0,0
L_f3_W0,primary_full_coverage,poppler__pdfimages,BLD4,40,2,3,4,6,6,0,a0a81059ab1358d0fc80ad83ff525de8d7d49f95e189d4575892a6921dda8bbd,0df0fd7a6561ce3f9268835d6702e4aaa94b4284db427b1871326eded5e9ba45,0.0,0.6350589575826818,0.1428507619134812,False,1.0,0.8,0.875,0.8088235294117647,0.9999999999999999,180,600,2,0,0
L_f3_W0,primary_full_coverage,poppler__pdfimages,BLD4,40,2,5,4,4,4,0,a0a81059ab1358d0fc80ad83ff525de8d7d49f95e189d4575892a6921dda8bbd,6d74a54b3d95a319495e78136819acf6e91558d95c297dea93ca913950a32dd3,0.0,0.7775191830779171,0.5585533577358436,False,1.0,1.0,1.0,1.0,0.9999999999999999,180,600,0,0,0
L_f3_W0,primary_full_coverage,poppler__pdfimages,BLD4,40,3,1,4,8,7,1,a0a81059ab1358d0fc80ad83ff525de8d7d49f95e189d4575892a6921dda8bbd,4e76d77077102536858486f4e60c6b15afb52048a5986cb8dd682c82fbcecd75,0.0,0.49130305571795074,1.0,False,1.0,0.675,0.79167,0.6729826853969291,0.9999999999999999,180,600,3,0,0
L_f3_W0,primary_full_coverage,poppler__pdfimages,BLD4,40,3,2,4,8,7,1,a0a81059ab1358d0fc80ad83ff525de8d7d49f95e189d4575892a6921dda8bbd,4e76d77077102536858486f4e60c6b15afb52048a5986cb8dd682c82fbcecd75,0.0,0.4884146416760649,1.0,False,1.0,0.675,0.79167,0.6729826853969291,0.9999999999999999,180,600,3,0,0
L_f3_W0,primary_full_coverage,poppler__pdfimages,BLD4,40,3,3,4,6,6,0,a0a81059ab1358d0fc80ad83ff525de8d7d49f95e189d4575892a6921dda8bbd,0df0fd7a6561ce3f9268835d6702e4aaa94b4284db427b1871326eded5e9ba45,0.0,0.6350589575826818,0.14265859810232492,False,1.0,0.8,0.875,0.8088235294117647,0.9999999999999999,180,600,2,0,0
L_f3_W0,primary_full_coverage,poppler__pdfimages,BLD4,40,3,5,4,4,4,0,a0a81059ab1358d0fc80ad83ff525de8d7d49f95e189d4575892a6921dda8bbd,6d74a54b3d95a319495e78136819acf6e91558d95c297dea93ca913950a32dd3,0.0,0.7775191830779171,0.5619219821582354,False,1.0,1.0,1.0,1.0,0.9999999999999999,180,600,0,0,0
L_f3_W0,primary_full_coverage,poppler__pdfimages,BLD4,40,4,1,4,6,6,0,a0a81059ab1358d0fc80ad83ff525de8d7d49f95e189d4575892a6921dda8bbd,0df0fd7a6561ce3f9268835d6702e4aaa94b4284db427b1871326eded5e9ba45,0.0,0.639322261391692,0.15121892874695203,False,1.0,0.8,0.875,0.8088235294117647,0.9999999999999999,180,600,2,0,0
L_f3_W0,primary_full_coverage,poppler__pdfimages,BLD4,40,4,2,4,6,6,0,a0a81059ab1358d0fc80ad83ff525de8d7d49f95e189d4575892a6921dda8bbd,0df0fd7a6561ce3f9268835d6702e4aaa94b4284db427b1871326eded5e9ba45,0.0,0.6368752127956839,0.15104767052289828,False,1.0,0.8,0.875,0.8088235294117647,0.9999999999999999,180,600,2,0,0
L_f3_W0,primary_full_coverage,poppler__pdfimages,BLD4,40,4,3,4,6,6,0,a0a81059ab1358d0fc80ad83ff525de8d7d49f95e189d4575892a6921dda8bbd,0df0fd7a6561ce3f9268835d6702e4aaa94b4284db427b1871326eded5e9ba45,0.0,0.6350589575826818,0.14264154234118123,False,1.0,0.8,0.875,0.8088235294117647,0.9999999999999999,180,600,2,0,0
L_f3_W0,primary_full_coverage,poppler__pdfimages,BLD4,40,4,5,4,4,4,0,a0a81059ab1358d0fc80ad83ff525de8d7d49f95e189d4575892a6921dda8bbd,6d74a54b3d95a319495e78136819acf6e91558d95c297dea93ca913950a32dd3,0.0,0.7775191830779171,0.5573623932737597,False,1.0,1.0,1.0,1.0,0.9999999999999999,180,600,0,0,0
L_f3_W0,primary_full_coverage,poppler__pdfimages,BLD4,40,5,1,4,4,4,0,a0a81059ab1358d0fc80ad83ff525de8d7d49f95e189d4575892a6921dda8bbd,6d74a54b3d95a319495e78136819acf6e91558d95c297dea93ca913950a32dd3,0.0,0.7954896396602794,0.1485819240943244,False,1.0,1.0,1.0,1.0,0.9999999999999999,180,600,0,0,0
L_f3_W0,primary_full_coverage,poppler__pdfimages,BLD4,40,5,2,4,4,4,0,a0a81059ab1358d0fc80ad83ff525de8d7d49f95e189d4575892a6921dda8bbd,6d74a54b3d95a319495e78136819acf6e91558d95c297dea93ca913950a32dd3,0.0,0.7948061944353223,0.1483379198773667,False,1.0,1.0,1.0,1.0,0.9999999999999999,180,600,0,0,0
L_f3_W0,primary_full_coverage,poppler__pdfimages,BLD4,40,5,3,4,4,4,0,a0a81059ab1358d0fc80ad83ff525de8d7d49f95e189d4575892a6921dda8bbd,6d74a54b3d95a319495e78136819acf6e91558d95c297dea93ca913950a32dd3,0.0,0.7940085919957279,0.15355093336347692,False,1.0,1.0,1.0,1.0,0.9999999999999999,180,600,0,0,0
L_f3_W0,primary_full_coverage,poppler__pdfimages,BLD4,40,5,5,4,4,4,0,a0a81059ab1358d0fc80ad83ff525de8d7d49f95e189d4575892a6921dda8bbd,6d74a54b3d95a319495e78136819acf6e91558d95c297dea93ca913950a32dd3,0.0,0.7775191830779171,0.5576217699813624,False,1.0,1.0,1.0,1.0,0.9999999999999999,180,600,0,0,0
L_f3_W0,primary_full_coverage,poppler__pdfimages,BLD4,40,8,1,4,4,4,0,a0a81059ab1358d0fc80ad83ff525de8d7d49f95e189d4575892a6921dda8bbd,6d74a54b3d95a319495e78136819acf6e91558d95c297dea93ca913950a32dd3,0.0,0.7954896396602794,0.5623894386871384,False,1.0,1.0,1.0,1.0,0.9999999999999999,180,600,0,0,0
L_f3_W0,primary_full_coverage,poppler__pdfimages,BLD4,40,8,2,4,4,4,0,a0a81059ab1358d0fc80ad83ff525de8d7d49f95e189d4575892a6921dda8bbd,6d74a54b3d95a319495e78136819acf6e91558d95c297dea93ca913950a32dd3,0.0,0.7948061944353223,0.5521096873478633,False,1.0,1.0,1.0,1.0,0.9999999999999999,180,600,0,0,0
L_f3_W0,primary_full_coverage,poppler__pdfimages,BLD4,40,8,3,4,4,4,0,a0a81059ab1358d0fc80ad83ff525de8d7d49f95e189d4575892a6921dda8bbd,6d74a54b3d95a319495e78136819acf6e91558d95c297dea93ca913950a32dd3,0.0,0.7940085919957279,0.5467718037697953,False,1.0,1.0,1.0,1.0,0.9999999999999999,180,600,0,0,0
L_f3_W0,primary_full_coverage,poppler__pdfimages,BLD4,40,8,5,4,4,4,0,a0a81059ab1358d0fc80ad83ff525de8d7d49f95e189d4575892a6921dda8bbd,6d74a54b3d95a319495e78136819acf6e91558d95c297dea93ca913950a32dd3,0.0,0.7775191830779171,0.553064622417011,False,1.0,1.0,1.0,1.0,0.9999999999999999,180,600,0,0,0
L_f3_W0,primary_full_coverage,soxmp3__sox,B,61,2,1,7,20,16,4,620599d63526f00cc6a30b183740d3d751701bb0f01816490592dfbafe6aa725,3603431b1c5fac869c954107bf5b8e6d744eeefcf9c1050870c53fd19d6e95f2,0.0,0.6588797666077999,1.0,False,0.98361,0.54098,0.67123,0.5242709268799924,0.9162334931413182,270,1560,5,1,0
L_f3_W0,primary_full_coverage,soxmp3__sox,B,61,2,2,7,10,10,0,620599d63526f00cc6a30b183740d3d751701bb0f01816490592dfbafe6aa725,72e0d380d954fc6206dcb560c2cf3ce7c8a80ad0b514f3514081d3485f6896fa,0.0,0.671622254774039,1.0,False,0.93443,0.72131,0.80094,0.6878198567041965,0.9162334931413182,270,1560,4,3,2
L_f3_W0,primary_full_coverage,soxmp3__sox,B,61,2,3,7,8,8,0,620599d63526f00cc6a30b183740d3d751701bb0f01816490592dfbafe6aa725,aac8b53aae3c535bb896d805bf07c1ff4ac76ce5f3af178ab8b7f32e81f68298,0.0,0.7495789121487128,1.0,False,0.93443,0.81967,0.85702,0.7790781899279479,0.9162334931413182,270,1560,3,3,3
L_f3_W0,primary_full_coverage,soxmp3__sox,B,61,2,5,7,13,7,6,620599d63526f00cc6a30b183740d3d751701bb0f01816490592dfbafe6aa725,642105897a7b80f418f684369d9aabc03d22ea5e9e7edcd8494b6267b6022833,0.0,0.5525822415316055,1.0,False,0.93443,0.81967,0.84175,0.7545271629778671,0.9162334931413182,270,1560,3,3,3
L_f3_W0,primary_full_coverage,soxmp3__sox,B,61,3,1,7,10,10,0,620599d63526f00cc6a30b183740d3d751701bb0f01816490592dfbafe6aa725,72e0d380d954fc6206dcb560c2cf3ce7c8a80ad0b514f3514081d3485f6896fa,0.0,0.6827901286366055,1.0,False,0.93443,0.72131,0.80094,0.6878198567041965,0.9162334931413182,270,1560,4,3,2
L_f3_W0,primary_full_coverage,soxmp3__sox,B,61,3,2,7,10,10,0,620599d63526f00cc6a30b183740d3d751701bb0f01816490592dfbafe6aa725,72e0d380d954fc6206dcb560c2cf3ce7c8a80ad0b514f3514081d3485f6896fa,0.0,0.671622254774039,1.0,False,0.93443,0.72131,0.80094,0.6878198567041965,0.9162334931413182,270,1560,4,3,2
L_f3_W0,primary_full_coverage,soxmp3__sox,B,61,3,3,7,8,8,0,620599d63526f00cc6a30b183740d3d751701bb0f01816490592dfbafe6aa725,aac8b53aae3c535bb896d805bf07c1ff4ac76ce5f3af178ab8b7f32e81f68298,0.0,0.7495789121487128,1.0,False,0.93443,0.81967,0.85702,0.7790781899279479,0.9162334931413182,270,1560,3,3,3
L_f3_W0,primary_full_coverage,soxmp3__sox,B,61,3,5,7,11,6,5,620599d63526f00cc6a30b183740d3d751701bb0f01816490592dfbafe6aa725,57968f643cab3fda15698d04b7a113bd9085c42a955014692c6e9a4ff05ae017,0.0,0.6965843500597382,1.0,False,0.93443,0.86885,0.87068,0.8158610665971006,0.9162334931413182,270,1560,2,3,3
L_f3_W0,primary_full_coverage,soxmp3__sox,B,61,4,1,7,9,9,0,620599d63526f00cc6a30b183740d3d751701bb0f01816490592dfbafe6aa725,229b7e2993368db1fdb9b0681e9f1a16e12631dbc3143c957cdf3e5b18916d38,0.0,0.7074346640578107,1.0,False,0.93443,0.7541,0.81604,0.7119330132148101,0.9162334931413182,270,1560,4,3,3
L_f3_W0,primary_full_coverage,soxmp3__sox,B,61,4,2,7,9,9,0,620599d63526f00cc6a30b183740d3d751701bb0f01816490592dfbafe6aa725,229b7e2993368db1fdb9b0681e9f1a16e12631dbc3143c957cdf3e5b18916d38,0.0,0.6980298328945892,1.0,False,0.93443,0.7541,0.81604,0.7119330132148101,0.9162334931413182,270,1560,4,3,3
L_f3_W0,primary_full_coverage,soxmp3__sox,B,61,4,3,7,8,8,0,620599d63526f00cc6a30b183740d3d751701bb0f01816490592dfbafe6aa725,aac8b53aae3c535bb896d805bf07c1ff4ac76ce5f3af178ab8b7f32e81f68298,0.0,0.7495789121487128,1.0,False,0.93443,0.81967,0.85702,0.7790781899279479,0.9162334931413182,270,1560,3,3,3
L_f3_W0,primary_full_coverage,soxmp3__sox,B,61,4,5,7,11,6,5,620599d63526f00cc6a30b183740d3d751701bb0f01816490592dfbafe6aa725,57968f643cab3fda15698d04b7a113bd9085c42a955014692c6e9a4ff05ae017,0.0,0.6965843500597382,1.0,False,0.93443,0.86885,0.87068,0.8158610665971006,0.9162334931413182,270,1560,2,3,3
L_f3_W0,primary_full_coverage,soxmp3__sox,B,61,5,1,7,7,7,0,620599d63526f00cc6a30b183740d3d751701bb0f01816490592dfbafe6aa725,cb2132ea9abb4b5413888e10af457fa4d27f31c07f2743ea80ade39965bfd51a,0.0,0.7405588406916171,1.0,False,0.93443,0.88525,0.898,0.8411400066023549,0.9162334931413182,270,1560,2,3,3
L_f3_W0,primary_full_coverage,soxmp3__sox,B,61,5,2,7,7,7,0,620599d63526f00cc6a30b183740d3d751701bb0f01816490592dfbafe6aa725,cb2132ea9abb4b5413888e10af457fa4d27f31c07f2743ea80ade39965bfd51a,0.0,0.733671828298172,1.0,False,0.93443,0.88525,0.898,0.8411400066023549,0.9162334931413182,270,1560,2,3,3
L_f3_W0,primary_full_coverage,soxmp3__sox,B,61,5,3,7,7,7,0,620599d63526f00cc6a30b183740d3d751701bb0f01816490592dfbafe6aa725,cb2132ea9abb4b5413888e10af457fa4d27f31c07f2743ea80ade39965bfd51a,0.0,0.7239575656207227,1.0,False,0.93443,0.88525,0.898,0.8411400066023549,0.9162334931413182,270,1560,2,3,3
L_f3_W0,primary_full_coverage,soxmp3__sox,B,61,5,5,7,11,6,5,620599d63526f00cc6a30b183740d3d751701bb0f01816490592dfbafe6aa725,57968f643cab3fda15698d04b7a113bd9085c42a955014692c6e9a4ff05ae017,0.0,0.6965843500597382,1.0,False,0.93443,0.86885,0.87068,0.8158610665971006,0.9162334931413182,270,1560,2,3,3
L_f3_W0,primary_full_coverage,soxmp3__sox,B,61,8,1,7,10,5,5,620599d63526f00cc6a30b183740d3d751701bb0f01816490592dfbafe6aa725,6333d8a4694fb8c8feb424c7edc182c8c2f0bc1ee8567390c9817ab04dd5d542,0.0,0.5917716136519189,0.3438892366174285,False,0.90164,0.91803,0.84738,0.8012347796261362,0.9162334931413182,270,1560,1,2,3
L_f3_W0,primary_full_coverage,soxmp3__sox,B,61,8,2,7,10,5,5,620599d63526f00cc6a30b183740d3d751701bb0f01816490592dfbafe6aa725,6333d8a4694fb8c8feb424c7edc182c8c2f0bc1ee8567390c9817ab04dd5d542,0.0,0.5860573205289783,0.33410397984738655,False,0.90164,0.91803,0.84738,0.8012347796261362,0.9162334931413182,270,1560,1,2,3
L_f3_W0,primary_full_coverage,soxmp3__sox,B,61,8,3,7,10,5,5,620599d63526f00cc6a30b183740d3d751701bb0f01816490592dfbafe6aa725,6333d8a4694fb8c8feb424c7edc182c8c2f0bc1ee8567390c9817ab04dd5d542,0.0,0.5852577647613824,0.32712468592426036,False,0.90164,0.91803,0.84738,0.8012347796261362,0.9162334931413182,270,1560,1,2,3
L_f3_W0,primary_full_coverage,soxmp3__sox,B,61,8,5,7,10,5,5,620599d63526f00cc6a30b183740d3d751701bb0f01816490592dfbafe6aa725,6333d8a4694fb8c8feb424c7edc182c8c2f0bc1ee8567390c9817ab04dd5d542,0.0,0.580828149392896,0.3151004184011958,False,0.90164,0.91803,0.84738,0.8012347796261362,0.9162334931413182,270,1560,1,2,3
L_f3_W0,primary_full_coverage,soxmp3__sox,BL,61,2,1,7,20,16,4,97ba7ff38016a0005829e1fbc294a4482c8702bd9360101e73e31078b312fc58,2a0f516a39d6701345cdc55984ec007d117d1894cc8aa29f0e6137c76d864ddc,0.0,0.7069678182071335,1.0,False,0.98361,0.54098,0.67123,0.5242709268799924,0.8652787032690327,270,1560,5,1,0
L_f3_W0,primary_full_coverage,soxmp3__sox,BL,61,2,2,7,11,11,0,97ba7ff38016a0005829e1fbc294a4482c8702bd9360101e73e31078b312fc58,b0daf2d37e09ed27359e08fc86b9377e6ab07b09f430dbc8f0cb4c75cb5700f4,0.0,0.6842209736982593,1.0,False,0.93443,0.72131,0.79738,0.6864533244901343,0.8652787032690327,270,1560,4,3,2
L_f3_W0,primary_full_coverage,soxmp3__sox,BL,61,2,3,7,11,8,3,97ba7ff38016a0005829e1fbc294a4482c8702bd9360101e73e31078b312fc58,bcb0e1d7a28e9829b882cc87f2f95c922f53384a7f4d1a15f91a643ac67ba26a,0.0,0.7157107006495407,1.0,False,0.93443,0.80328,0.84141,0.7623870364599564,0.8652787032690327,270,1560,3,3,3
L_f3_W0,primary_full_coverage,soxmp3__sox,BL,61,2,5,7,18,6,12,97ba7ff38016a0005829e1fbc294a4482c8702bd9360101e73e31078b312fc58,ba8c1dc24d9ce156aefd257b49de266b214a197f24e5bd73c9910396870fa805,0.0,0.5243233693249325,1.0,False,0.95082,0.7541,0.77023,0.7119697804359801,0.8652787032690327,270,1560,3,2,2
L_f3_W0,primary_full_coverage,soxmp3__sox,BL,61,3,1,7,11,11,0,97ba7ff38016a0005829e1fbc294a4482c8702bd9360101e73e31078b312fc58,9c87e08c09bc07023b192df019502b110f87149a2f8618932af730fc7c8fa7d0,0.0,0.7829180914471284,1.0,False,0.93443,0.70492,0.78532,0.6771410710564701,0.8652787032690327,270,1560,4,3,2
L_f3_W0,primary_full_coverage,soxmp3__sox,BL,61,3,2,7,11,11,0,97ba7ff38016a0005829e1fbc294a4482c8702bd9360101e73e31078b312fc58,b0daf2d37e09ed27359e08fc86b9377e6ab07b09f430dbc8f0cb4c75cb5700f4,0.0,0.6842209736982593,1.0,False,0.93443,0.72131,0.79738,0.6864533244901343,0.8652787032690327,270,1560,4,3,2
L_f3_W0,primary_full_coverage,soxmp3__sox,BL,61,3,3,7,11,8,3,97ba7ff38016a0005829e1fbc294a4482c8702bd9360101e73e31078b312fc58,bcb0e1d7a28e9829b882cc87f2f95c922f53384a7f4d1a15f91a643ac67ba26a,0.0,0.7157107006495407,1.0,False,0.93443,0.80328,0.84141,0.7623870364599564,0.8652787032690327,270,1560,3,3,3
L_f3_W0,primary_full_coverage,soxmp3__sox,BL,61,3,5,7,15,5,10,97ba7ff38016a0005829e1fbc294a4482c8702bd9360101e73e31078b312fc58,0e5da05d332f77fae5f05b73c685f86f5a7376b12081f6913df5496afa2763c8,0.0,0.5800783879521778,1.0,False,0.95082,0.81967,0.81121,0.7917932560669142,0.8652787032690327,270,1560,2,2,2
L_f3_W0,primary_full_coverage,soxmp3__sox,BL,61,4,1,7,12,9,3,97ba7ff38016a0005829e1fbc294a4482c8702bd9360101e73e31078b312fc58,3a709b602ea0076be221434c31a8ee91b766bfe78e8a5039e620ea955eab51ba,0.0,0.6581072396272121,1.0,False,0.93443,0.7377,0.80042,0.6930194805194805,0.8652787032690327,270,1560,4,3,3
L_f3_W0,primary_full_coverage,soxmp3__sox,BL,61,4,2,7,11,8,3,97ba7ff38016a0005829e1fbc294a4482c8702bd9360101e73e31078b312fc58,bcb0e1d7a28e9829b882cc87f2f95c922f53384a7f4d1a15f91a643ac67ba26a,0.0,0.7175369957250818,1.0,False,0.93443,0.80328,0.84141,0.7623870364599564,0.8652787032690327,270,1560,3,3,3
L_f3_W0,primary_full_coverage,soxmp3__sox,BL,61,4,3,7,11,8,3,97ba7ff38016a0005829e1fbc294a4482c8702bd9360101e73e31078b312fc58,bcb0e1d7a28e9829b882cc87f2f95c922f53384a7f4d1a15f91a643ac67ba26a,0.0,0.7157107006495407,1.0,False,0.93443,0.80328,0.84141,0.7623870364599564,0.8652787032690327,270,1560,3,3,3
L_f3_W0,primary_full_coverage,soxmp3__sox,BL,61,4,5,7,15,5,10,97ba7ff38016a0005829e1fbc294a4482c8702bd9360101e73e31078b312fc58,0e5da05d332f77fae5f05b73c685f86f5a7376b12081f6913df5496afa2763c8,0.0,0.5800783879521778,1.0,False,0.95082,0.81967,0.81121,0.7917932560669142,0.8652787032690327,270,1560,2,2,2
L_f3_W0,primary_full_coverage,soxmp3__sox,BL,61,5,1,7,12,5,7,97ba7ff38016a0005829e1fbc294a4482c8702bd9360101e73e31078b312fc58,e6fa3f5a02f46e901f406ecf5dd11efb1899838fd3a72c10f13738a82272e7fd,0.0,0.534197957609696,1.0,False,0.90164,0.86885,0.81551,0.7459947773307926,0.8652787032690327,270,1560,2,2,2
L_f3_W0,primary_full_coverage,soxmp3__sox,BL,61,5,2,7,12,5,7,97ba7ff38016a0005829e1fbc294a4482c8702bd9360101e73e31078b312fc58,e6fa3f5a02f46e901f406ecf5dd11efb1899838fd3a72c10f13738a82272e7fd,0.0,0.5333596767920856,1.0,False,0.90164,0.86885,0.81551,0.7459947773307926,0.8652787032690327,270,1560,2,2,2
L_f3_W0,primary_full_coverage,soxmp3__sox,BL,61,5,3,7,12,5,7,97ba7ff38016a0005829e1fbc294a4482c8702bd9360101e73e31078b312fc58,e6fa3f5a02f46e901f406ecf5dd11efb1899838fd3a72c10f13738a82272e7fd,0.0,0.5320726350024028,1.0,False,0.90164,0.86885,0.81551,0.7459947773307926,0.8652787032690327,270,1560,2,2,2
L_f3_W0,primary_full_coverage,soxmp3__sox,BL,61,5,5,7,15,5,10,97ba7ff38016a0005829e1fbc294a4482c8702bd9360101e73e31078b312fc58,0e5da05d332f77fae5f05b73c685f86f5a7376b12081f6913df5496afa2763c8,0.0,0.5800783879521778,1.0,False,0.95082,0.81967,0.81121,0.7917932560669142,0.8652787032690327,270,1560,2,2,2
L_f3_W0,primary_full_coverage,soxmp3__sox,BL,61,8,1,7,12,5,7,97ba7ff38016a0005829e1fbc294a4482c8702bd9360101e73e31078b312fc58,e6fa3f5a02f46e901f406ecf5dd11efb1899838fd3a72c10f13738a82272e7fd,0.0,0.534197957609696,0.34220535365338667,False,0.90164,0.86885,0.81551,0.7459947773307926,0.8652787032690327,270,1560,2,2,2
L_f3_W0,primary_full_coverage,soxmp3__sox,BL,61,8,2,7,12,5,7,97ba7ff38016a0005829e1fbc294a4482c8702bd9360101e73e31078b312fc58,e6fa3f5a02f46e901f406ecf5dd11efb1899838fd3a72c10f13738a82272e7fd,0.0,0.5333596767920856,0.33285883379826026,False,0.90164,0.86885,0.81551,0.7459947773307926,0.8652787032690327,270,1560,2,2,2
L_f3_W0,primary_full_coverage,soxmp3__sox,BL,61,8,3,7,12,5,7,97ba7ff38016a0005829e1fbc294a4482c8702bd9360101e73e31078b312fc58,e6fa3f5a02f46e901f406ecf5dd11efb1899838fd3a72c10f13738a82272e7fd,0.0,0.5320726350024028,0.3272047100435203,False,0.90164,0.86885,0.81551,0.7459947773307926,0.8652787032690327,270,1560,2,2,2
L_f3_W0,primary_full_coverage,soxmp3__sox,BL,61,8,5,7,15,5,10,97ba7ff38016a0005829e1fbc294a4482c8702bd9360101e73e31078b312fc58,0e5da05d332f77fae5f05b73c685f86f5a7376b12081f6913df5496afa2763c8,0.0,0.5800783879521778,0.3199236781206568,False,0.95082,0.81967,0.81121,0.7917932560669142,0.8652787032690327,270,1560,2,2,2
L_f3_W0,primary_full_coverage,soxmp3__sox,BD4,61,2,1,7,20,16,4,1f0b371f99c149b47c8b51955a66137c8d49a59bb0ef28616202416307f44132,a1b9e8e4f51cef1587b80b1d35381974b6ddb652b1f68f908c458f06c5152bc6,0.0,0.6713437987877602,1.0,False,0.98361,0.54098,0.67123,0.5242709268799924,0.9292743552730823,270,1560,5,1,0
L_f3_W0,primary_full_coverage,soxmp3__sox,BD4,61,2,2,7,10,10,0,1f0b371f99c149b47c8b51955a66137c8d49a59bb0ef28616202416307f44132,a58e7bd7ba3f52591932fbbb24ea86466eda87f7e402ccf01b1ffe3eb0270611,0.0,0.5875088237321278,1.0,False,0.90164,0.70492,0.75871,0.6319574859152116,0.9292743552730823,270,1560,4,4,3
L_f3_W0,primary_full_coverage,soxmp3__sox,BD4,61,2,3,7,13,8,5,1f0b371f99c149b47c8b51955a66137c8d49a59bb0ef28616202416307f44132,799f00f24dbc3f67f6b871246828e7fba6e4384b528723970ae653488bae58d2,0.0,0.6263134979871108,1.0,False,0.90164,0.7377,0.77381,0.6333817810425423,0.9292743552730823,270,1560,4,4,4
L_f3_W0,primary_full_coverage,soxmp3__sox,BD4,61,2,5,7,9,6,3,1f0b371f99c149b47c8b51955a66137c8d49a59bb0ef28616202416307f44132,d370208861192778eb01fa37f06247ed9fae5cfb87abf8798359b510706aa857,0.0,0.6714866438172966,1.0,False,0.90164,0.86885,0.85578,0.780069224113066,0.9292743552730823,270,1560,2,4,4
L_f3_W0,primary_full_coverage,soxmp3__sox,BD4,61,3,1,7,10,10,0,1f0b371f99c149b47c8b51955a66137c8d49a59bb0ef28616202416307f44132,a58e7bd7ba3f52591932fbbb24ea86466eda87f7e402ccf01b1ffe3eb0270611,0.0,0.5934497043666657,1.0,False,0.90164,0.70492,0.75871,0.6319574859152116,0.9292743552730823,270,1560,4,4,3
L_f3_W0,primary_full_coverage,soxmp3__sox,BD4,61,3,2,7,10,10,0,1f0b371f99c149b47c8b51955a66137c8d49a59bb0ef28616202416307f44132,a58e7bd7ba3f52591932fbbb24ea86466eda87f7e402ccf01b1ffe3eb0270611,0.0,0.5875088237321278,1.0,False,0.90164,0.70492,0.75871,0.6319574859152116,0.9292743552730823,270,1560,4,4,3
L_f3_W0,primary_full_coverage,soxmp3__sox,BD4,61,3,3,7,10,7,3,1f0b371f99c149b47c8b51955a66137c8d49a59bb0ef28616202416307f44132,1590c560131877e22be3a590d77057a1aec8f29044c339c77edd368db6afdca8,0.0,0.6904801787285619,1.0,False,0.90164,0.80328,0.81479,0.7167465548232475,0.9292743552730823,270,1560,3,4,4
L_f3_W0,primary_full_coverage,soxmp3__sox,BD4,61,3,5,7,9,6,3,1f0b371f99c149b47c8b51955a66137c8d49a59bb0ef28616202416307f44132,d370208861192778eb01fa37f06247ed9fae5cfb87abf8798359b510706aa857,0.0,0.6714866438172966,1.0,False,0.90164,0.86885,0.85578,0.780069224113066,0.9292743552730823,270,1560,2,4,4
L_f3_W0,primary_full_coverage,soxmp3__sox,BD4,61,4,1,7,11,8,3,1f0b371f99c149b47c8b51955a66137c8d49a59bb0ef28616202416307f44132,f6ee1086d7f644af409630c56476b7c7b8820335746148afd990e063b30f0c4c,0.0,0.6360140375135102,1.0,False,0.90164,0.7377,0.77381,0.6483328139607354,0.9292743552730823,270,1560,4,4,4
L_f3_W0,primary_full_coverage,soxmp3__sox,BD4,61,4,2,7,11,8,3,1f0b371f99c149b47c8b51955a66137c8d49a59bb0ef28616202416307f44132,f6ee1086d7f644af409630c56476b7c7b8820335746148afd990e063b30f0c4c,0.0,0.6322526555425451,1.0,False,0.90164,0.7377,0.77381,0.6483328139607354,0.9292743552730823,270,1560,4,4,4
L_f3_W0,primary_full_coverage,soxmp3__sox,BD4,61,4,3,7,10,7,3,1f0b371f99c149b47c8b51955a66137c8d49a59bb0ef28616202416307f44132,1590c560131877e22be3a590d77057a1aec8f29044c339c77edd368db6afdca8,0.0,0.6904801787285619,1.0,False,0.90164,0.80328,0.81479,0.7167465548232475,0.9292743552730823,270,1560,3,4,4
L_f3_W0,primary_full_coverage,soxmp3__sox,BD4,61,4,5,7,9,6,3,1f0b371f99c149b47c8b51955a66137c8d49a59bb0ef28616202416307f44132,d370208861192778eb01fa37f06247ed9fae5cfb87abf8798359b510706aa857,0.0,0.6714866438172966,1.0,False,0.90164,0.86885,0.85578,0.780069224113066,0.9292743552730823,270,1560,2,4,4
L_f3_W0,primary_full_coverage,soxmp3__sox,BD4,61,5,1,7,9,6,3,1f0b371f99c149b47c8b51955a66137c8d49a59bb0ef28616202416307f44132,d370208861192778eb01fa37f06247ed9fae5cfb87abf8798359b510706aa857,0.0,0.6870263011904267,1.0,False,0.90164,0.86885,0.85578,0.780069224113066,0.9292743552730823,270,1560,2,4,4
L_f3_W0,primary_full_coverage,soxmp3__sox,BD4,61,5,2,7,9,6,3,1f0b371f99c149b47c8b51955a66137c8d49a59bb0ef28616202416307f44132,d370208861192778eb01fa37f06247ed9fae5cfb87abf8798359b510706aa857,0.0,0.6857827358739403,1.0,False,0.90164,0.86885,0.85578,0.780069224113066,0.9292743552730823,270,1560,2,4,4
L_f3_W0,primary_full_coverage,soxmp3__sox,BD4,61,5,3,7,9,6,3,1f0b371f99c149b47c8b51955a66137c8d49a59bb0ef28616202416307f44132,d370208861192778eb01fa37f06247ed9fae5cfb87abf8798359b510706aa857,0.0,0.679795994704666,1.0,False,0.90164,0.86885,0.85578,0.780069224113066,0.9292743552730823,270,1560,2,4,4
L_f3_W0,primary_full_coverage,soxmp3__sox,BD4,61,5,5,7,9,6,3,1f0b371f99c149b47c8b51955a66137c8d49a59bb0ef28616202416307f44132,d370208861192778eb01fa37f06247ed9fae5cfb87abf8798359b510706aa857,0.0,0.6714866438172966,1.0,False,0.90164,0.86885,0.85578,0.780069224113066,0.9292743552730823,270,1560,2,4,4
L_f3_W0,primary_full_coverage,soxmp3__sox,BD4,61,8,1,7,5,5,0,1f0b371f99c149b47c8b51955a66137c8d49a59bb0ef28616202416307f44132,77773416b2b92d702923e2a73c1b6be6795405deb67331a7c1fb8111255952dc,0.0,0.5377630296333551,0.33485772882953274,False,0.81967,0.96721,0.84653,0.7607247369404146,0.9292743552730823,270,1560,1,3,5
L_f3_W0,primary_full_coverage,soxmp3__sox,BD4,61,8,2,7,5,5,0,1f0b371f99c149b47c8b51955a66137c8d49a59bb0ef28616202416307f44132,77773416b2b92d702923e2a73c1b6be6795405deb67331a7c1fb8111255952dc,0.0,0.5362283575567061,0.326934482653674,False,0.81967,0.96721,0.84653,0.7607247369404146,0.9292743552730823,270,1560,1,3,5
L_f3_W0,primary_full_coverage,soxmp3__sox,BD4,61,8,3,7,5,5,0,1f0b371f99c149b47c8b51955a66137c8d49a59bb0ef28616202416307f44132,77773416b2b92d702923e2a73c1b6be6795405deb67331a7c1fb8111255952dc,0.0,0.5312351722822356,0.3209849505081369,False,0.81967,0.96721,0.84653,0.7607247369404146,0.9292743552730823,270,1560,1,3,5
L_f3_W0,primary_full_coverage,soxmp3__sox,BD4,61,8,5,7,5,5,0,1f0b371f99c149b47c8b51955a66137c8d49a59bb0ef28616202416307f44132,77773416b2b92d702923e2a73c1b6be6795405deb67331a7c1fb8111255952dc,0.0,0.5278785645090375,0.31040947645427164,False,0.81967,0.96721,0.84653,0.7607247369404146,0.9292743552730823,270,1560,1,3,5
L_f3_W0,primary_full_coverage,soxmp3__sox,BLD4,61,2,1,7,20,16,4,e435c32ae4a2869242ca22b4f812b9e313d211f8b550034dc25e52dd8da0fdaa,786a31e9964f4ff62373b1726ea4aec97bec86bf9930e9bcc45c83c3b396a916,0.0,0.7100909529154347,1.0,False,0.98361,0.54098,0.67123,0.5242709268799924,0.9046366971554547,270,1560,5,1,0
L_f3_W0,primary_full_coverage,soxmp3__sox,BLD4,61,2,2,7,11,11,0,e435c32ae4a2869242ca22b4f812b9e313d211f8b550034dc25e52dd8da0fdaa,a2da4556f268ae2b1cb86d70e0ddbfcf44c79bb522bc4f5c3e64e5f7c6bec793,0.0,0.7635817684987503,1.0,False,0.93443,0.70492,0.78532,0.6771410710564701,0.9046366971554547,270,1560,4,3,2
L_f3_W0,primary_full_coverage,soxmp3__sox,BLD4,61,2,3,7,14,9,5,e435c32ae4a2869242ca22b4f812b9e313d211f8b550034dc25e52dd8da0fdaa,8d75a94b0e969ee7dbfdaa0e9535c4c09d812dbadb818bbe916173aecfafe8d9,0.0,0.6474563137222834,1.0,False,0.93443,0.7377,0.80042,0.6778300921187308,0.9046366971554547,270,1560,4,3,3
L_f3_W0,primary_full_coverage,soxmp3__sox,BLD4,61,2,5,7,14,7,7,e435c32ae4a2869242ca22b4f812b9e313d211f8b550034dc25e52dd8da0fdaa,8e02ab16315d42cbdc2c7c26cdbc242e43385e2d41f18c91d67b20012e88b16e,0.0,0.5941971222517819,1.0,False,0.93443,0.80328,0.8297,0.7377472055030094,0.9046366971554547,270,1560,3,3,3
L_f3_W0,primary_full_coverage,soxmp3__sox,BLD4,61,3,1,7,11,11,0,e435c32ae4a2869242ca22b4f812b9e313d211f8b550034dc25e52dd8da0fdaa,a2da4556f268ae2b1cb86d70e0ddbfcf44c79bb522bc4f5c3e64e5f7c6bec793,0.0,0.7683149059490757,1.0,False,0.93443,0.70492,0.78532,0.6771410710564701,0.9046366971554547,270,1560,4,3,2
L_f3_W0,primary_full_coverage,soxmp3__sox,BLD4,61,3,2,7,11,11,0,e435c32ae4a2869242ca22b4f812b9e313d211f8b550034dc25e52dd8da0fdaa,a2da4556f268ae2b1cb86d70e0ddbfcf44c79bb522bc4f5c3e64e5f7c6bec793,0.0,0.7635817684987503,1.0,False,0.93443,0.70492,0.78532,0.6771410710564701,0.9046366971554547,270,1560,4,3,2
L_f3_W0,primary_full_coverage,soxmp3__sox,BLD4,61,3,3,7,11,8,3,e435c32ae4a2869242ca22b4f812b9e313d211f8b550034dc25e52dd8da0fdaa,50313614b09aefb0f7f376d04c4bb4edf573e75813519c72d327f65ba845c1a8,0.0,0.7120808843090032,1.0,False,0.93443,0.80328,0.84141,0.7623870364599564,0.9046366971554547,270,1560,3,3,3
L_f3_W0,primary_full_coverage,soxmp3__sox,BLD4,61,3,5,7,11,6,5,e435c32ae4a2869242ca22b4f812b9e313d211f8b550034dc25e52dd8da0fdaa,ece61bef9b1f6b9d0c262f63a0e5d32d54e6cdbae026c547c20cd1093c38e6c4,0.0,0.6521860477086887,1.0,False,0.93443,0.86885,0.87068,0.8158610665971006,0.9046366971554547,270,1560,2,3,3
L_f3_W0,primary_full_coverage,soxmp3__sox,BLD4,61,4,1,7,12,9,3,e435c32ae4a2869242ca22b4f812b9e313d211f8b550034dc25e52dd8da0fdaa,20e03667b1491027e42284c488655ab3b809bb37396cee04badfc203c594ac9c,0.0,0.6533865797607533,1.0,False,0.93443,0.7377,0.80042,0.6930194805194805,0.9046366971554547,270,1560,4,3,3
L_f3_W0,primary_full_coverage,soxmp3__sox,BLD4,61,4,2,7,12,9,3,e435c32ae4a2869242ca22b4f812b9e313d211f8b550034dc25e52dd8da0fdaa,20e03667b1491027e42284c488655ab3b809bb37396cee04badfc203c594ac9c,0.0,0.6489627721022823,1.0,False,0.93443,0.7377,0.80042,0.6930194805194805,0.9046366971554547,270,1560,4,3,3
L_f3_W0,primary_full_coverage,soxmp3__sox,BLD4,61,4,3,7,11,8,3,e435c32ae4a2869242ca22b4f812b9e313d211f8b550034dc25e52dd8da0fdaa,50313614b09aefb0f7f376d04c4bb4edf573e75813519c72d327f65ba845c1a8,0.0,0.7120808843090032,1.0,False,0.93443,0.80328,0.84141,0.7623870364599564,0.9046366971554547,270,1560,3,3,3
L_f3_W0,primary_full_coverage,soxmp3__sox,BLD4,61,4,5,7,11,6,5,e435c32ae4a2869242ca22b4f812b9e313d211f8b550034dc25e52dd8da0fdaa,ece61bef9b1f6b9d0c262f63a0e5d32d54e6cdbae026c547c20cd1093c38e6c4,0.0,0.6521860477086887,1.0,False,0.93443,0.86885,0.87068,0.8158610665971006,0.9046366971554547,270,1560,2,3,3
L_f3_W0,primary_full_coverage,soxmp3__sox,BLD4,61,5,1,7,9,6,3,e435c32ae4a2869242ca22b4f812b9e313d211f8b550034dc25e52dd8da0fdaa,a474449bcc2bff3de13e55ff21a9b44341e2a8ec4bb0df332e2e132b903ba69a,0.0,0.656887710728925,1.0,False,0.93443,0.90164,0.898,0.8307535046728972,0.9046366971554547,270,1560,2,3,3
L_f3_W0,primary_full_coverage,soxmp3__sox,BLD4,61,5,2,7,9,6,3,e435c32ae4a2869242ca22b4f812b9e313d211f8b550034dc25e52dd8da0fdaa,a474449bcc2bff3de13e55ff21a9b44341e2a8ec4bb0df332e2e132b903ba69a,0.0,0.6559383138944999,1.0,False,0.93443,0.90164,0.898,0.8307535046728972,0.9046366971554547,270,1560,2,3,3
L_f3_W0,primary_full_coverage,soxmp3__sox,BLD4,61,5,3,7,9,6,3,e435c32ae4a2869242ca22b4f812b9e313d211f8b550034dc25e52dd8da0fdaa,a474449bcc2bff3de13e55ff21a9b44341e2a8ec4bb0df332e2e132b903ba69a,0.0,0.6544780060657092,1.0,False,0.93443,0.90164,0.898,0.8307535046728972,0.9046366971554547,270,1560,2,3,3
L_f3_W0,primary_full_coverage,soxmp3__sox,BLD4,61,5,5,7,11,6,5,e435c32ae4a2869242ca22b4f812b9e313d211f8b550034dc25e52dd8da0fdaa,ece61bef9b1f6b9d0c262f63a0e5d32d54e6cdbae026c547c20cd1093c38e6c4,0.0,0.6521860477086887,1.0,False,0.93443,0.86885,0.87068,0.8158610665971006,0.9046366971554547,270,1560,2,3,3
L_f3_W0,primary_full_coverage,soxmp3__sox,BLD4,61,8,1,7,9,6,3,e435c32ae4a2869242ca22b4f812b9e313d211f8b550034dc25e52dd8da0fdaa,a474449bcc2bff3de13e55ff21a9b44341e2a8ec4bb0df332e2e132b903ba69a,0.0,0.656887710728925,0.2880202593297132,False,0.93443,0.90164,0.898,0.8307535046728972,0.9046366971554547,270,1560,2,3,3
L_f3_W0,primary_full_coverage,soxmp3__sox,BLD4,61,8,2,7,9,6,3,e435c32ae4a2869242ca22b4f812b9e313d211f8b550034dc25e52dd8da0fdaa,a474449bcc2bff3de13e55ff21a9b44341e2a8ec4bb0df332e2e132b903ba69a,0.0,0.6559383138944999,0.280381938711804,False,0.93443,0.90164,0.898,0.8307535046728972,0.9046366971554547,270,1560,2,3,3
L_f3_W0,primary_full_coverage,soxmp3__sox,BLD4,61,8,3,7,9,6,3,e435c32ae4a2869242ca22b4f812b9e313d211f8b550034dc25e52dd8da0fdaa,a474449bcc2bff3de13e55ff21a9b44341e2a8ec4bb0df332e2e132b903ba69a,0.0,0.6544780060657092,0.2757657356918501,False,0.93443,0.90164,0.898,0.8307535046728972,0.9046366971554547,270,1560,2,3,3
L_f3_W0,primary_full_coverage,soxmp3__sox,BLD4,61,8,5,7,10,5,5,e435c32ae4a2869242ca22b4f812b9e313d211f8b550034dc25e52dd8da0fdaa,017a892fa2bf7d5d97ef9fbd3d3d564346be4fdfae691161e1baf8b1be67c8d4,0.0,0.5877462057003118,0.31919207522602777,False,0.90164,0.91803,0.84738,0.8012347796261362,0.9046366971554547,270,1560,1,2,3
L_f3_W5,primary_full_coverage,freetype__char2svg,B,51,2,1,6,15,9,6,57e5f2e8c0d41c18c1fc33f59c8ccd591b3a7bc7a260e8dfe0433acb4abdb7aa,2b8db93a78cf2ed64649a320b0dc05d142e3e243ac6f90af6478ebc79455da3a,0.0,0.46813805664456765,1.0,False,1.0,0.70588,0.79638,0.6965438663121915,0.9597579457352423,225,1050,3,0,0
L_f3_W5,primary_full_coverage,freetype__char2svg,B,51,2,2,6,6,5,1,57e5f2e8c0d41c18c1fc33f59c8ccd591b3a7bc7a260e8dfe0433acb4abdb7aa,16aa8f52a0435862d1c98b0513280329333f4cea6186a74cdc88d6fa8ab644fc,0.0,0.5177971102038702,0.12215738530695579,False,1.0,1.0,1.0,1.0,0.9597579457352423,225,1050,0,0,0
L_f3_W5,primary_full_coverage,freetype__char2svg,B,51,2,3,6,6,5,1,57e5f2e8c0d41c18c1fc33f59c8ccd591b3a7bc7a260e8dfe0433acb4abdb7aa,16aa8f52a0435862d1c98b0513280329333f4cea6186a74cdc88d6fa8ab644fc,0.0,0.491612661588806,0.17939587048667466,False,1.0,1.0,1.0,1.0,0.9597579457352423,225,1050,0,0,0
L_f3_W5,primary_full_coverage,freetype__char2svg,B,51,2,5,6,6,5,1,57e5f2e8c0d41c18c1fc33f59c8ccd591b3a7bc7a260e8dfe0433acb4abdb7aa,16aa8f52a0435862d1c98b0513280329333f4cea6186a74cdc88d6fa8ab644fc,0.0,0.47488006642172453,0.1363288512118729,False,1.0,1.0,1.0,1.0,0.9597579457352423,225,1050,0,0,0
L_f3_W5,primary_full_coverage,freetype__char2svg,B,51,3,1,6,8,6,2,57e5f2e8c0d41c18c1fc33f59c8ccd591b3a7bc7a260e8dfe0433acb4abdb7aa,246974936995b5f95dd8672a2e0f102fcb3a3139c7acbc71296f6609f8991817,0.0,0.583555205943569,0.128053835703972,False,1.0,0.92157,0.95098,0.9235382308845578,0.9597579457352423,225,1050,1,0,0
L_f3_W5,primary_full_coverage,freetype__char2svg,B,51,3,2,6,6,5,1,57e5f2e8c0d41c18c1fc33f59c8ccd591b3a7bc7a260e8dfe0433acb4abdb7aa,16aa8f52a0435862d1c98b0513280329333f4cea6186a74cdc88d6fa8ab644fc,0.0,0.5177971102038702,0.12108626837321754,False,1.0,1.0,1.0,1.0,0.9597579457352423,225,1050,0,0,0
L_f3_W5,primary_full_coverage,freetype__char2svg,B,51,3,3,6,6,5,1,57e5f2e8c0d41c18c1fc33f59c8ccd591b3a7bc7a260e8dfe0433acb4abdb7aa,16aa8f52a0435862d1c98b0513280329333f4cea6186a74cdc88d6fa8ab644fc,0.0,0.491612661588806,0.1979276675761469,False,1.0,1.0,1.0,1.0,0.9597579457352423,225,1050,0,0,0
L_f3_W5,primary_full_coverage,freetype__char2svg,B,51,3,5,6,6,5,1,57e5f2e8c0d41c18c1fc33f59c8ccd591b3a7bc7a260e8dfe0433acb4abdb7aa,16aa8f52a0435862d1c98b0513280329333f4cea6186a74cdc88d6fa8ab644fc,0.0,0.47488006642172453,0.13639598990323365,False,1.0,1.0,1.0,1.0,0.9597579457352423,225,1050,0,0,0
L_f3_W5,primary_full_coverage,freetype__char2svg,B,51,4,1,6,6,5,1,57e5f2e8c0d41c18c1fc33f59c8ccd591b3a7bc7a260e8dfe0433acb4abdb7aa,16aa8f52a0435862d1c98b0513280329333f4cea6186a74cdc88d6fa8ab644fc,0.0,0.578090354741812,0.19790160923662828,False,1.0,1.0,1.0,1.0,0.9597579457352423,225,1050,0,0,0
L_f3_W5,primary_full_coverage,freetype__char2svg,B,51,4,2,6,6,5,1,57e5f2e8c0d41c18c1fc33f59c8ccd591b3a7bc7a260e8dfe0433acb4abdb7aa,16aa8f52a0435862d1c98b0513280329333f4cea6186a74cdc88d6fa8ab644fc,0.0,0.5177971102038702,0.18892770035809292,False,1.0,1.0,1.0,1.0,0.9597579457352423,225,1050,0,0,0
L_f3_W5,primary_full_coverage,freetype__char2svg,B,51,4,3,6,6,5,1,57e5f2e8c0d41c18c1fc33f59c8ccd591b3a7bc7a260e8dfe0433acb4abdb7aa,16aa8f52a0435862d1c98b0513280329333f4cea6186a74cdc88d6fa8ab644fc,0.0,0.491612661588806,0.19544741993540315,False,1.0,1.0,1.0,1.0,0.9597579457352423,225,1050,0,0,0
L_f3_W5,primary_full_coverage,freetype__char2svg,B,51,4,5,6,6,5,1,57e5f2e8c0d41c18c1fc33f59c8ccd591b3a7bc7a260e8dfe0433acb4abdb7aa,16aa8f52a0435862d1c98b0513280329333f4cea6186a74cdc88d6fa8ab644fc,0.0,0.47488006642172453,0.13839154746560028,False,1.0,1.0,1.0,1.0,0.9597579457352423,225,1050,0,0,0
L_f3_W5,primary_full_coverage,freetype__char2svg,B,51,5,1,6,6,5,1,57e5f2e8c0d41c18c1fc33f59c8ccd591b3a7bc7a260e8dfe0433acb4abdb7aa,16aa8f52a0435862d1c98b0513280329333f4cea6186a74cdc88d6fa8ab644fc,0.0,0.578090354741812,0.1463092824570142,False,1.0,1.0,1.0,1.0,0.9597579457352423,225,1050,0,0,0
L_f3_W5,primary_full_coverage,freetype__char2svg,B,51,5,2,6,6,5,1,57e5f2e8c0d41c18c1fc33f59c8ccd591b3a7bc7a260e8dfe0433acb4abdb7aa,16aa8f52a0435862d1c98b0513280329333f4cea6186a74cdc88d6fa8ab644fc,0.0,0.5177971102038702,0.14804757782526687,False,1.0,1.0,1.0,1.0,0.9597579457352423,225,1050,0,0,0
L_f3_W5,primary_full_coverage,freetype__char2svg,B,51,5,3,6,6,5,1,57e5f2e8c0d41c18c1fc33f59c8ccd591b3a7bc7a260e8dfe0433acb4abdb7aa,16aa8f52a0435862d1c98b0513280329333f4cea6186a74cdc88d6fa8ab644fc,0.0,0.491612661588806,0.14889302639883456,False,1.0,1.0,1.0,1.0,0.9597579457352423,225,1050,0,0,0
L_f3_W5,primary_full_coverage,freetype__char2svg,B,51,5,5,6,6,5,1,57e5f2e8c0d41c18c1fc33f59c8ccd591b3a7bc7a260e8dfe0433acb4abdb7aa,16aa8f52a0435862d1c98b0513280329333f4cea6186a74cdc88d6fa8ab644fc,0.0,0.47488006642172453,0.14802424107668993,False,1.0,1.0,1.0,1.0,0.9597579457352423,225,1050,0,0,0
L_f3_W5,primary_full_coverage,freetype__char2svg,B,51,8,1,6,6,5,1,57e5f2e8c0d41c18c1fc33f59c8ccd591b3a7bc7a260e8dfe0433acb4abdb7aa,16aa8f52a0435862d1c98b0513280329333f4cea6186a74cdc88d6fa8ab644fc,0.0,0.578090354741812,0.5509180305939582,False,1.0,1.0,1.0,1.0,0.9597579457352423,225,1050,0,0,0
L_f3_W5,primary_full_coverage,freetype__char2svg,B,51,8,2,6,6,5,1,57e5f2e8c0d41c18c1fc33f59c8ccd591b3a7bc7a260e8dfe0433acb4abdb7aa,16aa8f52a0435862d1c98b0513280329333f4cea6186a74cdc88d6fa8ab644fc,0.0,0.5177971102038702,0.5404952185851964,False,1.0,1.0,1.0,1.0,0.9597579457352423,225,1050,0,0,0
L_f3_W5,primary_full_coverage,freetype__char2svg,B,51,8,3,6,6,5,1,57e5f2e8c0d41c18c1fc33f59c8ccd591b3a7bc7a260e8dfe0433acb4abdb7aa,16aa8f52a0435862d1c98b0513280329333f4cea6186a74cdc88d6fa8ab644fc,0.0,0.491612661588806,0.514329218495964,False,1.0,1.0,1.0,1.0,0.9597579457352423,225,1050,0,0,0
L_f3_W5,primary_full_coverage,freetype__char2svg,B,51,8,5,6,6,5,1,57e5f2e8c0d41c18c1fc33f59c8ccd591b3a7bc7a260e8dfe0433acb4abdb7aa,16aa8f52a0435862d1c98b0513280329333f4cea6186a74cdc88d6fa8ab644fc,0.0,0.47488006642172453,0.5082972494013669,False,1.0,1.0,1.0,1.0,0.9597579457352423,225,1050,0,0,0
L_f3_W5,primary_full_coverage,freetype__char2svg,BL,51,2,1,6,14,8,6,6e696b761652566fb1bc5b80d50f2b81fa9b8a68600dd43fa05c96647d9469b6,dc1ac322d1182d9fd032e4053258c8359567d58bcb70c4a880fd6473aac64853,0.0,0.5448349395512702,1.0,False,1.0,0.72549,0.8108,0.7231892195395845,1.0,225,1050,3,0,0
L_f3_W5,primary_full_coverage,freetype__char2svg,BL,51,2,2,6,7,6,1,6e696b761652566fb1bc5b80d50f2b81fa9b8a68600dd43fa05c96647d9469b6,f4b09f4003cb7af5b4c147d5f7121acbed31839c421b099d0dfb922698a97450,0.0,0.6650081766351821,0.1280153320446986,False,1.0,0.94118,0.9654,0.9411764705882353,1.0,225,1050,1,0,0
L_f3_W5,primary_full_coverage,freetype__char2svg,BL,51,2,3,6,6,5,1,6e696b761652566fb1bc5b80d50f2b81fa9b8a68600dd43fa05c96647d9469b6,06280bcec3c516aca075a358f24d1f2111a07a16f4d1da5ad45de1f956d15cc5,0.0,0.7264973510474189,0.18336519940146,False,1.0,1.0,1.0,1.0,1.0,225,1050,0,0,0
L_f3_W5,primary_full_coverage,freetype__char2svg,BL,51,2,5,6,6,5,1,6e696b761652566fb1bc5b80d50f2b81fa9b8a68600dd43fa05c96647d9469b6,06280bcec3c516aca075a358f24d1f2111a07a16f4d1da5ad45de1f956d15cc5,0.0,0.7233956363483364,0.1419802581274566,False,1.0,1.0,1.0,1.0,1.0,225,1050,0,0,0
L_f3_W5,primary_full_coverage,freetype__char2svg,BL,51,3,1,6,9,7,2,6e696b761652566fb1bc5b80d50f2b81fa9b8a68600dd43fa05c96647d9469b6,ef2f8dafb0558108d2483d1f0e0064d9871a74e60ec5dcfcefd203fa8eeb632e,0.0,0.6178129229782942,0.1312229334278178,False,1.0,0.86275,0.91638,0.8586278586278586,1.0,225,1050,2,0,0
L_f3_W5,primary_full_coverage,freetype__char2svg,BL,51,3,2,6,7,6,1,6e696b761652566fb1bc5b80d50f2b81fa9b8a68600dd43fa05c96647d9469b6,f4b09f4003cb7af5b4c147d5f7121acbed31839c421b099d0dfb922698a97450,0.0,0.6650081766351821,0.12713436581072698,False,1.0,0.94118,0.9654,0.9411764705882353,1.0,225,1050,1,0,0
L_f3_W5,primary_full_coverage,freetype__char2svg,BL,51,3,3,6,6,5,1,6e696b761652566fb1bc5b80d50f2b81fa9b8a68600dd43fa05c96647d9469b6,06280bcec3c516aca075a358f24d1f2111a07a16f4d1da5ad45de1f956d15cc5,0.0,0.7264973510474189,0.20249135459817955,False,1.0,1.0,1.0,1.0,1.0,225,1050,0,0,0
L_f3_W5,primary_full_coverage,freetype__char2svg,BL,51,3,5,6,6,5,1,6e696b761652566fb1bc5b80d50f2b81fa9b8a68600dd43fa05c96647d9469b6,06280bcec3c516aca075a358f24d1f2111a07a16f4d1da5ad45de1f956d15cc5,0.0,0.7233956363483364,0.14207903882555392,False,1.0,1.0,1.0,1.0,1.0,225,1050,0,0,0
L_f3_W5,primary_full_coverage,freetype__char2svg,BL,51,4,1,6,6,5,1,6e696b761652566fb1bc5b80d50f2b81fa9b8a68600dd43fa05c96647d9469b6,06280bcec3c516aca075a358f24d1f2111a07a16f4d1da5ad45de1f956d15cc5,0.0,0.7524732410890738,0.20129572551080419,False,1.0,1.0,1.0,1.0,1.0,225,1050,0,0,0
L_f3_W5,primary_full_coverage,freetype__char2svg,BL,51,4,2,6,6,5,1,6e696b761652566fb1bc5b80d50f2b81fa9b8a68600dd43fa05c96647d9469b6,06280bcec3c516aca075a358f24d1f2111a07a16f4d1da5ad45de1f956d15cc5,0.0,0.7496786130985009,0.19269980735871833,False,1.0,1.0,1.0,1.0,1.0,225,1050,0,0,0
L_f3_W5,primary_full_coverage,freetype__char2svg,BL,51,4,3,6,6,5,1,6e696b761652566fb1bc5b80d50f2b81fa9b8a68600dd43fa05c96647d9469b6,06280bcec3c516aca075a358f24d1f2111a07a16f4d1da5ad45de1f956d15cc5,0.0,0.7264973510474189,0.20005840998538682,False,1.0,1.0,1.0,1.0,1.0,225,1050,0,0,0
L_f3_W5,primary_full_coverage,freetype__char2svg,BL,51,4,5,6,6,5,1,6e696b761652566fb1bc5b80d50f2b81fa9b8a68600dd43fa05c96647d9469b6,06280bcec3c516aca075a358f24d1f2111a07a16f4d1da5ad45de1f956d15cc5,0.0,0.7233956363483364,0.1442358606394844,False,1.0,1.0,1.0,1.0,1.0,225,1050,0,0,0
L_f3_W5,primary_full_coverage,freetype__char2svg,BL,51,5,1,6,6,5,1,6e696b761652566fb1bc5b80d50f2b81fa9b8a68600dd43fa05c96647d9469b6,06280bcec3c516aca075a358f24d1f2111a07a16f4d1da5ad45de1f956d15cc5,0.0,0.7524732410890738,0.15297943259721988,False,1.0,1.0,1.0,1.0,1.0,225,1050,0,0,0
L_f3_W5,primary_full_coverage,freetype__char2svg,BL,51,5,2,6,6,5,1,6e696b761652566fb1bc5b80d50f2b81fa9b8a68600dd43fa05c96647d9469b6,06280bcec3c516aca075a358f24d1f2111a07a16f4d1da5ad45de1f956d15cc5,0.0,0.7496786130985009,0.15563701975273983,False,1.0,1.0,1.0,1.0,1.0,225,1050,0,0,0
L_f3_W5,primary_full_coverage,freetype__char2svg,BL,51,5,3,6,6,5,1,6e696b761652566fb1bc5b80d50f2b81fa9b8a68600dd43fa05c96647d9469b6,06280bcec3c516aca075a358f24d1f2111a07a16f4d1da5ad45de1f956d15cc5,0.0,0.7264973510474189,0.15713704857259053,False,1.0,1.0,1.0,1.0,1.0,225,1050,0,0,0
L_f3_W5,primary_full_coverage,freetype__char2svg,BL,51,5,5,6,6,5,1,6e696b761652566fb1bc5b80d50f2b81fa9b8a68600dd43fa05c96647d9469b6,06280bcec3c516aca075a358f24d1f2111a07a16f4d1da5ad45de1f956d15cc5,0.0,0.7233956363483364,0.15486008130982903,False,1.0,1.0,1.0,1.0,1.0,225,1050,0,0,0
L_f3_W5,primary_full_coverage,freetype__char2svg,BL,51,8,1,6,6,5,1,6e696b761652566fb1bc5b80d50f2b81fa9b8a68600dd43fa05c96647d9469b6,06280bcec3c516aca075a358f24d1f2111a07a16f4d1da5ad45de1f956d15cc5,0.0,0.7524732410890738,0.6472660915475159,False,1.0,1.0,1.0,1.0,1.0,225,1050,0,0,0
L_f3_W5,primary_full_coverage,freetype__char2svg,BL,51,8,2,6,6,5,1,6e696b761652566fb1bc5b80d50f2b81fa9b8a68600dd43fa05c96647d9469b6,06280bcec3c516aca075a358f24d1f2111a07a16f4d1da5ad45de1f956d15cc5,0.0,0.7496786130985009,0.6394931354342247,False,1.0,1.0,1.0,1.0,1.0,225,1050,0,0,0
L_f3_W5,primary_full_coverage,freetype__char2svg,BL,51,8,3,6,6,5,1,6e696b761652566fb1bc5b80d50f2b81fa9b8a68600dd43fa05c96647d9469b6,06280bcec3c516aca075a358f24d1f2111a07a16f4d1da5ad45de1f956d15cc5,0.0,0.7264973510474189,0.6383729898831054,False,1.0,1.0,1.0,1.0,1.0,225,1050,0,0,0
L_f3_W5,primary_full_coverage,freetype__char2svg,BL,51,8,5,6,6,5,1,6e696b761652566fb1bc5b80d50f2b81fa9b8a68600dd43fa05c96647d9469b6,06280bcec3c516aca075a358f24d1f2111a07a16f4d1da5ad45de1f956d15cc5,0.0,0.7233956363483364,0.6475457933280204,False,1.0,1.0,1.0,1.0,1.0,225,1050,0,0,0
L_f3_W5,primary_full_coverage,freetype__char2svg,BD4,51,2,1,6,15,9,6,e2a7974a2fdfcdd920904f860b52148edaaa6529b8236988d19e490f887ea158,4c41fce82e37ee903a0e7e9183e656b9d170db1e19b28c44577c063fc1a7ba4c,0.0,0.5491615781599153,1.0,False,1.0,0.70588,0.79638,0.6965438663121915,1.0,225,1050,3,0,0
L_f3_W5,primary_full_coverage,freetype__char2svg,BD4,51,2,2,6,9,6,3,e2a7974a2fdfcdd920904f860b52148edaaa6529b8236988d19e490f887ea158,30295a1958b4b00d1db4465de06eb6e168efe9e487aee30edb43e2edbc3208ca,0.0,0.7540032209232623,0.12580766227690146,False,1.0,0.92157,0.95098,0.9175723123223541,1.0,225,1050,1,0,0
L_f3_W5,primary_full_coverage,freetype__char2svg,BD4,51,2,3,6,6,5,1,e2a7974a2fdfcdd920904f860b52148edaaa6529b8236988d19e490f887ea158,77fa88606dd22ca52f2063a2ff13fc15e39cc7e095d018b598b015a28f352eaa,0.0,0.7995308570071878,0.18518200400839308,False,1.0,1.0,1.0,1.0,1.0,225,1050,0,0,0
L_f3_W5,primary_full_coverage,freetype__char2svg,BD4,51,2,5,6,6,5,1,e2a7974a2fdfcdd920904f860b52148edaaa6529b8236988d19e490f887ea158,77fa88606dd22ca52f2063a2ff13fc15e39cc7e095d018b598b015a28f352eaa,0.0,0.792996796425399,0.14435926676284935,False,1.0,1.0,1.0,1.0,1.0,225,1050,0,0,0
L_f3_W5,primary_full_coverage,freetype__char2svg,BD4,51,3,1,6,8,6,2,e2a7974a2fdfcdd920904f860b52148edaaa6529b8236988d19e490f887ea158,c157d9495cd5c699c25a0b89d935e0618da9245a211049d14ab61f24dd23d439,0.0,0.7765454565357832,0.12942458267390025,False,1.0,0.92157,0.95098,0.9235382308845578,1.0,225,1050,1,0,0
L_f3_W5,primary_full_coverage,freetype__char2svg,BD4,51,3,2,6,6,5,1,e2a7974a2fdfcdd920904f860b52148edaaa6529b8236988d19e490f887ea158,77fa88606dd22ca52f2063a2ff13fc15e39cc7e095d018b598b015a28f352eaa,0.0,0.8062029734029467,0.12367141342595431,False,1.0,1.0,1.0,1.0,1.0,225,1050,0,0,0
L_f3_W5,primary_full_coverage,freetype__char2svg,BD4,51,3,3,6,6,5,1,e2a7974a2fdfcdd920904f860b52148edaaa6529b8236988d19e490f887ea158,77fa88606dd22ca52f2063a2ff13fc15e39cc7e095d018b598b015a28f352eaa,0.0,0.7995308570071878,0.20457827345381235,False,1.0,1.0,1.0,1.0,1.0,225,1050,0,0,0
L_f3_W5,primary_full_coverage,freetype__char2svg,BD4,51,3,5,6,6,5,1,e2a7974a2fdfcdd920904f860b52148edaaa6529b8236988d19e490f887ea158,77fa88606dd22ca52f2063a2ff13fc15e39cc7e095d018b598b015a28f352eaa,0.0,0.792996796425399,0.1444890393888933,False,1.0,1.0,1.0,1.0,1.0,225,1050,0,0,0
L_f3_W5,primary_full_coverage,freetype__char2svg,BD4,51,4,1,6,6,5,1,e2a7974a2fdfcdd920904f860b52148edaaa6529b8236988d19e490f887ea158,77fa88606dd22ca52f2063a2ff13fc15e39cc7e095d018b598b015a28f352eaa,0.0,0.834757250186428,0.2034427283404742,False,1.0,1.0,1.0,1.0,1.0,225,1050,0,0,0
L_f3_W5,primary_full_coverage,freetype__char2svg,BD4,51,4,2,6,6,5,1,e2a7974a2fdfcdd920904f860b52148edaaa6529b8236988d19e490f887ea158,77fa88606dd22ca52f2063a2ff13fc15e39cc7e095d018b598b015a28f352eaa,0.0,0.8062029734029467,0.19433684509575155,False,1.0,1.0,1.0,1.0,1.0,225,1050,0,0,0
L_f3_W5,primary_full_coverage,freetype__char2svg,BD4,51,4,3,6,6,5,1,e2a7974a2fdfcdd920904f860b52148edaaa6529b8236988d19e490f887ea158,77fa88606dd22ca52f2063a2ff13fc15e39cc7e095d018b598b015a28f352eaa,0.0,0.7995308570071878,0.20200936370343864,False,1.0,1.0,1.0,1.0,1.0,225,1050,0,0,0
L_f3_W5,primary_full_coverage,freetype__char2svg,BD4,51,4,5,6,6,5,1,e2a7974a2fdfcdd920904f860b52148edaaa6529b8236988d19e490f887ea158,77fa88606dd22ca52f2063a2ff13fc15e39cc7e095d018b598b015a28f352eaa,0.0,0.792996796425399,0.14669011280721533,False,1.0,1.0,1.0,1.0,1.0,225,1050,0,0,0
L_f3_W5,primary_full_coverage,freetype__char2svg,BD4,51,5,1,6,6,5,1,e2a7974a2fdfcdd920904f860b52148edaaa6529b8236988d19e490f887ea158,77fa88606dd22ca52f2063a2ff13fc15e39cc7e095d018b598b015a28f352eaa,0.0,0.834757250186428,0.15244014090373043,False,1.0,1.0,1.0,1.0,1.0,225,1050,0,0,0
L_f3_W5,primary_full_coverage,freetype__char2svg,BD4,51,5,2,6,6,5,1,e2a7974a2fdfcdd920904f860b52148edaaa6529b8236988d19e490f887ea158,77fa88606dd22ca52f2063a2ff13fc15e39cc7e095d018b598b015a28f352eaa,0.0,0.8062029734029467,0.15529739456895708,False,1.0,1.0,1.0,1.0,1.0,225,1050,0,0,0
L_f3_W5,primary_full_coverage,freetype__char2svg,BD4,51,5,3,6,6,5,1,e2a7974a2fdfcdd920904f860b52148edaaa6529b8236988d19e490f887ea158,77fa88606dd22ca52f2063a2ff13fc15e39cc7e095d018b598b015a28f352eaa,0.0,0.7995308570071878,0.15669635160866283,False,1.0,1.0,1.0,1.0,1.0,225,1050,0,0,0
L_f3_W5,primary_full_coverage,freetype__char2svg,BD4,51,5,5,6,6,5,1,e2a7974a2fdfcdd920904f860b52148edaaa6529b8236988d19e490f887ea158,77fa88606dd22ca52f2063a2ff13fc15e39cc7e095d018b598b015a28f352eaa,0.0,0.792996796425399,0.1577217681313773,False,1.0,1.0,1.0,1.0,1.0,225,1050,0,0,0
L_f3_W5,primary_full_coverage,freetype__char2svg,BD4,51,8,1,6,6,5,1,e2a7974a2fdfcdd920904f860b52148edaaa6529b8236988d19e490f887ea158,77fa88606dd22ca52f2063a2ff13fc15e39cc7e095d018b598b015a28f352eaa,0.0,0.834757250186428,0.7247054427077232,False,1.0,1.0,1.0,1.0,1.0,225,1050,0,0,0
L_f3_W5,primary_full_coverage,freetype__char2svg,BD4,51,8,2,6,6,5,1,e2a7974a2fdfcdd920904f860b52148edaaa6529b8236988d19e490f887ea158,77fa88606dd22ca52f2063a2ff13fc15e39cc7e095d018b598b015a28f352eaa,0.0,0.8062029734029467,0.6997324673050547,False,1.0,1.0,1.0,1.0,1.0,225,1050,0,0,0
L_f3_W5,primary_full_coverage,freetype__char2svg,BD4,51,8,3,6,6,5,1,e2a7974a2fdfcdd920904f860b52148edaaa6529b8236988d19e490f887ea158,77fa88606dd22ca52f2063a2ff13fc15e39cc7e095d018b598b015a28f352eaa,0.0,0.7995308570071878,0.6806628863819093,False,1.0,1.0,1.0,1.0,1.0,225,1050,0,0,0
L_f3_W5,primary_full_coverage,freetype__char2svg,BD4,51,8,5,6,6,5,1,e2a7974a2fdfcdd920904f860b52148edaaa6529b8236988d19e490f887ea158,77fa88606dd22ca52f2063a2ff13fc15e39cc7e095d018b598b015a28f352eaa,0.0,0.792996796425399,0.703501749914078,False,1.0,1.0,1.0,1.0,1.0,225,1050,0,0,0
L_f3_W5,primary_full_coverage,freetype__char2svg,BLD4,51,2,1,6,14,8,6,d63de6da20bf7c0b1c0b590044849d8ce173439646deaf6e6d671107cf71dea9,859064d22a3302f654bae4f2cee9dddbaeef14e680886a94fb758fd66c483ae1,0.0,0.5490208394724192,1.0,False,1.0,0.72549,0.8108,0.7231892195395845,1.0,225,1050,3,0,0
L_f3_W5,primary_full_coverage,freetype__char2svg,BLD4,51,2,2,6,7,6,1,d63de6da20bf7c0b1c0b590044849d8ce173439646deaf6e6d671107cf71dea9,f4b09f4003cb7af5b4c147d5f7121acbed31839c421b099d0dfb922698a97450,0.0,0.6888325932657393,0.12802338702175964,False,1.0,0.94118,0.9654,0.9411764705882353,1.0,225,1050,1,0,0
L_f3_W5,primary_full_coverage,freetype__char2svg,BLD4,51,2,3,6,6,5,1,d63de6da20bf7c0b1c0b590044849d8ce173439646deaf6e6d671107cf71dea9,06280bcec3c516aca075a358f24d1f2111a07a16f4d1da5ad45de1f956d15cc5,0.0,0.7658751862321099,0.18374375828312833,False,1.0,1.0,1.0,1.0,1.0,225,1050,0,0,0
L_f3_W5,primary_full_coverage,freetype__char2svg,BLD4,51,2,5,6,6,5,1,d63de6da20bf7c0b1c0b590044849d8ce173439646deaf6e6d671107cf71dea9,06280bcec3c516aca075a358f24d1f2111a07a16f4d1da5ad45de1f956d15cc5,0.0,0.7633763238204723,0.1414932526728836,False,1.0,1.0,1.0,1.0,1.0,225,1050,0,0,0
L_f3_W5,primary_full_coverage,freetype__char2svg,BLD4,51,3,1,6,9,7,2,d63de6da20bf7c0b1c0b590044849d8ce173439646deaf6e6d671107cf71dea9,7f0cdc821ce4a61286a9b6cc8d79411f82d640f09cb3adf3b34d8726e23682fb,0.0,0.6391142915098412,0.13125826765332857,False,1.0,0.86275,0.91638,0.8586278586278586,1.0,225,1050,2,0,0
L_f3_W5,primary_full_coverage,freetype__char2svg,BLD4,51,3,2,6,7,6,1,d63de6da20bf7c0b1c0b590044849d8ce173439646deaf6e6d671107cf71dea9,f4b09f4003cb7af5b4c147d5f7121acbed31839c421b099d0dfb922698a97450,0.0,0.6888325932657393,0.12716004347727983,False,1.0,0.94118,0.9654,0.9411764705882353,1.0,225,1050,1,0,0
L_f3_W5,primary_full_coverage,freetype__char2svg,BLD4,51,3,3,6,6,5,1,d63de6da20bf7c0b1c0b590044849d8ce173439646deaf6e6d671107cf71dea9,06280bcec3c516aca075a358f24d1f2111a07a16f4d1da5ad45de1f956d15cc5,0.0,0.7658751862321099,0.20293232162231706,False,1.0,1.0,1.0,1.0,1.0,225,1050,0,0,0
L_f3_W5,primary_full_coverage,freetype__char2svg,BLD4,51,3,5,6,6,5,1,d63de6da20bf7c0b1c0b590044849d8ce173439646deaf6e6d671107cf71dea9,06280bcec3c516aca075a358f24d1f2111a07a16f4d1da5ad45de1f956d15cc5,0.0,0.7633763238204723,0.14151927450445848,False,1.0,1.0,1.0,1.0,1.0,225,1050,0,0,0
L_f3_W5,primary_full_coverage,freetype__char2svg,BLD4,51,4,1,6,6,5,1,d63de6da20bf7c0b1c0b590044849d8ce173439646deaf6e6d671107cf71dea9,06280bcec3c516aca075a358f24d1f2111a07a16f4d1da5ad45de1f956d15cc5,0.0,0.7880885544495452,0.2014973890329607,False,1.0,1.0,1.0,1.0,1.0,225,1050,0,0,0
L_f3_W5,primary_full_coverage,freetype__char2svg,BLD4,51,4,2,6,6,5,1,d63de6da20bf7c0b1c0b590044849d8ce173439646deaf6e6d671107cf71dea9,06280bcec3c516aca075a358f24d1f2111a07a16f4d1da5ad45de1f956d15cc5,0.0,0.7848631548682486,0.19272770653519364,False,1.0,1.0,1.0,1.0,1.0,225,1050,0,0,0
L_f3_W5,primary_full_coverage,freetype__char2svg,BLD4,51,4,3,6,6,5,1,d63de6da20bf7c0b1c0b590044849d8ce173439646deaf6e6d671107cf71dea9,06280bcec3c516aca075a358f24d1f2111a07a16f4d1da5ad45de1f956d15cc5,0.0,0.7658751862321099,0.20040330877840745,False,1.0,1.0,1.0,1.0,1.0,225,1050,0,0,0
L_f3_W5,primary_full_coverage,freetype__char2svg,BLD4,51,4,5,6,6,5,1,d63de6da20bf7c0b1c0b590044849d8ce173439646deaf6e6d671107cf71dea9,06280bcec3c516aca075a358f24d1f2111a07a16f4d1da5ad45de1f956d15cc5,0.0,0.7633763238204723,0.14363020738640797,False,1.0,1.0,1.0,1.0,1.0,225,1050,0,0,0
L_f3_W5,primary_full_coverage,freetype__char2svg,BLD4,51,5,1,6,6,5,1,d63de6da20bf7c0b1c0b590044849d8ce173439646deaf6e6d671107cf71dea9,06280bcec3c516aca075a358f24d1f2111a07a16f4d1da5ad45de1f956d15cc5,0.0,0.7880885544495452,0.15185732110850642,False,1.0,1.0,1.0,1.0,1.0,225,1050,0,0,0
L_f3_W5,primary_full_coverage,freetype__char2svg,BLD4,51,5,2,6,6,5,1,d63de6da20bf7c0b1c0b590044849d8ce173439646deaf6e6d671107cf71dea9,06280bcec3c516aca075a358f24d1f2111a07a16f4d1da5ad45de1f956d15cc5,0.0,0.7848631548682486,0.1549533673108192,False,1.0,1.0,1.0,1.0,1.0,225,1050,0,0,0
L_f3_W5,primary_full_coverage,freetype__char2svg,BLD4,51,5,3,6,6,5,1,d63de6da20bf7c0b1c0b590044849d8ce173439646deaf6e6d671107cf71dea9,06280bcec3c516aca075a358f24d1f2111a07a16f4d1da5ad45de1f956d15cc5,0.0,0.7658751862321099,0.15653548314628005,False,1.0,1.0,1.0,1.0,1.0,225,1050,0,0,0
L_f3_W5,primary_full_coverage,freetype__char2svg,BLD4,51,5,5,6,6,5,1,d63de6da20bf7c0b1c0b590044849d8ce173439646deaf6e6d671107cf71dea9,06280bcec3c516aca075a358f24d1f2111a07a16f4d1da5ad45de1f956d15cc5,0.0,0.7633763238204723,0.15415513228256672,False,1.0,1.0,1.0,1.0,1.0,225,1050,0,0,0
L_f3_W5,primary_full_coverage,freetype__char2svg,BLD4,51,8,1,6,6,5,1,d63de6da20bf7c0b1c0b590044849d8ce173439646deaf6e6d671107cf71dea9,06280bcec3c516aca075a358f24d1f2111a07a16f4d1da5ad45de1f956d15cc5,0.0,0.7880885544495452,0.6517513242432071,False,1.0,1.0,1.0,1.0,1.0,225,1050,0,0,0
L_f3_W5,primary_full_coverage,freetype__char2svg,BLD4,51,8,2,6,6,5,1,d63de6da20bf7c0b1c0b590044849d8ce173439646deaf6e6d671107cf71dea9,06280bcec3c516aca075a358f24d1f2111a07a16f4d1da5ad45de1f956d15cc5,0.0,0.7848631548682486,0.6348930919433171,False,1.0,1.0,1.0,1.0,1.0,225,1050,0,0,0
L_f3_W5,primary_full_coverage,freetype__char2svg,BLD4,51,8,3,6,6,5,1,d63de6da20bf7c0b1c0b590044849d8ce173439646deaf6e6d671107cf71dea9,06280bcec3c516aca075a358f24d1f2111a07a16f4d1da5ad45de1f956d15cc5,0.0,0.7658751862321099,0.6330252942381029,False,1.0,1.0,1.0,1.0,1.0,225,1050,0,0,0
L_f3_W5,primary_full_coverage,freetype__char2svg,BLD4,51,8,5,6,6,5,1,d63de6da20bf7c0b1c0b590044849d8ce173439646deaf6e6d671107cf71dea9,06280bcec3c516aca075a358f24d1f2111a07a16f4d1da5ad45de1f956d15cc5,0.0,0.7633763238204723,0.6545644392441851,False,1.0,1.0,1.0,1.0,1.0,225,1050,0,0,0
L_f3_W5,primary_full_coverage,poppler__pdfimages,B,40,2,1,4,13,11,2,ae9c43363c0ce3d15f18a1a7a4f0b2fe4ccf86b44058e9e6d7f4898e7963f325,377fbedc457666dc2f5c5eada539ce76f47f44e6c625141b752299e0271725f8,0.0,0.4897957203646249,1.0,False,1.0,0.55,0.68635,0.48884165781083955,1.0,180,600,4,0,0
L_f3_W5,primary_full_coverage,poppler__pdfimages,B,40,2,2,4,8,7,1,ae9c43363c0ce3d15f18a1a7a4f0b2fe4ccf86b44058e9e6d7f4898e7963f325,747ad1dbfe9dfb895536c878609e744a2bd12ebd0c85f9546dd855fc958b1875,0.0,0.4733420604118006,1.0,False,1.0,0.7,0.81005,0.6878650227125244,1.0,180,600,3,0,0
L_f3_W5,primary_full_coverage,poppler__pdfimages,B,40,2,3,4,5,5,0,ae9c43363c0ce3d15f18a1a7a4f0b2fe4ccf86b44058e9e6d7f4898e7963f325,91bb4cdedcdd6b016940b37535d245bc93148b5b2cd8b462c337d81fa7e9092a,0.0,0.450698346647742,0.16830879977025875,False,1.0,0.9,0.9375,0.9090909090909091,1.0,180,600,1,0,0
L_f3_W5,primary_full_coverage,poppler__pdfimages,B,40,2,5,4,4,4,0,ae9c43363c0ce3d15f18a1a7a4f0b2fe4ccf86b44058e9e6d7f4898e7963f325,3c303e8588976c1374218400bece6f78ca37f2f8dc04111ea5caa9ae59554a23,0.0,0.6205526933439979,0.547537350299493,False,1.0,1.0,1.0,1.0,1.0,180,600,0,0,0
L_f3_W5,primary_full_coverage,poppler__pdfimages,B,40,3,1,4,8,7,1,ae9c43363c0ce3d15f18a1a7a4f0b2fe4ccf86b44058e9e6d7f4898e7963f325,747ad1dbfe9dfb895536c878609e744a2bd12ebd0c85f9546dd855fc958b1875,0.0,0.48693266488770226,1.0,False,1.0,0.7,0.81005,0.6878650227125244,1.0,180,600,3,0,0
L_f3_W5,primary_full_coverage,poppler__pdfimages,B,40,3,2,4,8,7,1,ae9c43363c0ce3d15f18a1a7a4f0b2fe4ccf86b44058e9e6d7f4898e7963f325,747ad1dbfe9dfb895536c878609e744a2bd12ebd0c85f9546dd855fc958b1875,0.0,0.4733420604118006,1.0,False,1.0,0.7,0.81005,0.6878650227125244,1.0,180,600,3,0,0
L_f3_W5,primary_full_coverage,poppler__pdfimages,B,40,3,3,4,5,5,0,ae9c43363c0ce3d15f18a1a7a4f0b2fe4ccf86b44058e9e6d7f4898e7963f325,91bb4cdedcdd6b016940b37535d245bc93148b5b2cd8b462c337d81fa7e9092a,0.0,0.450698346647742,0.16808579794998754,False,1.0,0.9,0.9375,0.9090909090909091,1.0,180,600,1,0,0
L_f3_W5,primary_full_coverage,poppler__pdfimages,B,40,3,5,4,4,4,0,ae9c43363c0ce3d15f18a1a7a4f0b2fe4ccf86b44058e9e6d7f4898e7963f325,3c303e8588976c1374218400bece6f78ca37f2f8dc04111ea5caa9ae59554a23,0.0,0.6205526933439979,0.5502677085174886,False,1.0,1.0,1.0,1.0,1.0,180,600,0,0,0
L_f3_W5,primary_full_coverage,poppler__pdfimages,B,40,4,1,4,5,5,0,ae9c43363c0ce3d15f18a1a7a4f0b2fe4ccf86b44058e9e6d7f4898e7963f325,91bb4cdedcdd6b016940b37535d245bc93148b5b2cd8b462c337d81fa7e9092a,0.0,0.46933821339971615,0.1777085749579227,False,1.0,0.9,0.9375,0.9090909090909091,1.0,180,600,1,0,0
L_f3_W5,primary_full_coverage,poppler__pdfimages,B,40,4,2,4,5,5,0,ae9c43363c0ce3d15f18a1a7a4f0b2fe4ccf86b44058e9e6d7f4898e7963f325,91bb4cdedcdd6b016940b37535d245bc93148b5b2cd8b462c337d81fa7e9092a,0.0,0.4668397927568522,0.1775168458265651,False,1.0,0.9,0.9375,0.9090909090909091,1.0,180,600,1,0,0
L_f3_W5,primary_full_coverage,poppler__pdfimages,B,40,4,3,4,5,5,0,ae9c43363c0ce3d15f18a1a7a4f0b2fe4ccf86b44058e9e6d7f4898e7963f325,91bb4cdedcdd6b016940b37535d245bc93148b5b2cd8b462c337d81fa7e9092a,0.0,0.450698346647742,0.16806519291956057,False,1.0,0.9,0.9375,0.9090909090909091,1.0,180,600,1,0,0
L_f3_W5,primary_full_coverage,poppler__pdfimages,B,40,4,5,4,4,4,0,ae9c43363c0ce3d15f18a1a7a4f0b2fe4ccf86b44058e9e6d7f4898e7963f325,3c303e8588976c1374218400bece6f78ca37f2f8dc04111ea5caa9ae59554a23,0.0,0.6205526933439979,0.5444124202471796,False,1.0,1.0,1.0,1.0,1.0,180,600,0,0,0
L_f3_W5,primary_full_coverage,poppler__pdfimages,B,40,5,1,4,4,4,0,ae9c43363c0ce3d15f18a1a7a4f0b2fe4ccf86b44058e9e6d7f4898e7963f325,3c303e8588976c1374218400bece6f78ca37f2f8dc04111ea5caa9ae59554a23,0.0,0.6531442294116495,0.14678847280010562,False,1.0,1.0,1.0,1.0,1.0,180,600,0,0,0
L_f3_W5,primary_full_coverage,poppler__pdfimages,B,40,5,2,4,4,4,0,ae9c43363c0ce3d15f18a1a7a4f0b2fe4ccf86b44058e9e6d7f4898e7963f325,3c303e8588976c1374218400bece6f78ca37f2f8dc04111ea5caa9ae59554a23,0.0,0.6506458087687856,0.14652361077598577,False,1.0,1.0,1.0,1.0,1.0,180,600,0,0,0
L_f3_W5,primary_full_coverage,poppler__pdfimages,B,40,5,3,4,4,4,0,ae9c43363c0ce3d15f18a1a7a4f0b2fe4ccf86b44058e9e6d7f4898e7963f325,3c303e8588976c1374218400bece6f78ca37f2f8dc04111ea5caa9ae59554a23,0.0,0.6346214767957183,0.1511622217883478,False,1.0,1.0,1.0,1.0,1.0,180,600,0,0,0
L_f3_W5,primary_full_coverage,poppler__pdfimages,B,40,5,5,4,4,4,0,ae9c43363c0ce3d15f18a1a7a4f0b2fe4ccf86b44058e9e6d7f4898e7963f325,3c303e8588976c1374218400bece6f78ca37f2f8dc04111ea5caa9ae59554a23,0.0,0.6205526933439979,0.5425795201746861,False,1.0,1.0,1.0,1.0,1.0,180,600,0,0,0
L_f3_W5,primary_full_coverage,poppler__pdfimages,B,40,8,1,4,4,4,0,ae9c43363c0ce3d15f18a1a7a4f0b2fe4ccf86b44058e9e6d7f4898e7963f325,3c303e8588976c1374218400bece6f78ca37f2f8dc04111ea5caa9ae59554a23,0.0,0.6531442294116495,0.5028495464554599,False,1.0,1.0,1.0,1.0,1.0,180,600,0,0,0
L_f3_W5,primary_full_coverage,poppler__pdfimages,B,40,8,2,4,4,4,0,ae9c43363c0ce3d15f18a1a7a4f0b2fe4ccf86b44058e9e6d7f4898e7963f325,3c303e8588976c1374218400bece6f78ca37f2f8dc04111ea5caa9ae59554a23,0.0,0.6506458087687856,0.4925250025134327,False,1.0,1.0,1.0,1.0,1.0,180,600,0,0,0
L_f3_W5,primary_full_coverage,poppler__pdfimages,B,40,8,3,4,4,4,0,ae9c43363c0ce3d15f18a1a7a4f0b2fe4ccf86b44058e9e6d7f4898e7963f325,3c303e8588976c1374218400bece6f78ca37f2f8dc04111ea5caa9ae59554a23,0.0,0.6346214767957183,0.4868370921254296,False,1.0,1.0,1.0,1.0,1.0,180,600,0,0,0
L_f3_W5,primary_full_coverage,poppler__pdfimages,B,40,8,5,4,4,4,0,ae9c43363c0ce3d15f18a1a7a4f0b2fe4ccf86b44058e9e6d7f4898e7963f325,3c303e8588976c1374218400bece6f78ca37f2f8dc04111ea5caa9ae59554a23,0.0,0.6205526933439979,0.4884964867508864,False,1.0,1.0,1.0,1.0,1.0,180,600,0,0,0
L_f3_W5,primary_full_coverage,poppler__pdfimages,BL,40,2,1,4,13,11,2,2b27b981a18fd8a4844c3e5119313c3cede0d42347cc9980b1f6fb1bcf2dbd15,8471ff8fcae3f79f0159b73c550ea258e7a89c877e10fbebb18f1086eccf812d,0.0,0.44300842215194247,1.0,False,1.0,0.5,0.64713,0.46511627906976744,1.0,180,600,4,0,0
L_f3_W5,primary_full_coverage,poppler__pdfimages,BL,40,2,2,4,8,7,1,2b27b981a18fd8a4844c3e5119313c3cede0d42347cc9980b1f6fb1bcf2dbd15,939a1324030d31ead17d8f91e67499188d72bb0af8271db8a3c7008afd2e388d,0.0,0.4634678970191445,1.0,False,1.0,0.65,0.77083,0.6679764243614931,1.0,180,600,3,0,0
L_f3_W5,primary_full_coverage,poppler__pdfimages,BL,40,2,3,4,6,6,0,2b27b981a18fd8a4844c3e5119313c3cede0d42347cc9980b1f6fb1bcf2dbd15,196d46cf6c49d8a746278c75d38e760ad78d627c9bbb9b84f1354c55ae0f0c00,0.0,0.6073861782201668,0.14358746857051,False,1.0,0.775,0.85417,0.8044212465459011,1.0,180,600,2,0,0
L_f3_W5,primary_full_coverage,poppler__pdfimages,BL,40,2,5,4,4,4,0,2b27b981a18fd8a4844c3e5119313c3cede0d42347cc9980b1f6fb1bcf2dbd15,6d74a54b3d95a319495e78136819acf6e91558d95c297dea93ca913950a32dd3,0.0,0.7687191338524435,0.5492295526666774,False,1.0,1.0,1.0,1.0,1.0,180,600,0,0,0
L_f3_W5,primary_full_coverage,poppler__pdfimages,BL,40,3,1,4,8,7,1,2b27b981a18fd8a4844c3e5119313c3cede0d42347cc9980b1f6fb1bcf2dbd15,939a1324030d31ead17d8f91e67499188d72bb0af8271db8a3c7008afd2e388d,0.0,0.4684617533805996,1.0,False,1.0,0.65,0.77083,0.6679764243614931,1.0,180,600,3,0,0
L_f3_W5,primary_full_coverage,poppler__pdfimages,BL,40,3,2,4,8,7,1,2b27b981a18fd8a4844c3e5119313c3cede0d42347cc9980b1f6fb1bcf2dbd15,939a1324030d31ead17d8f91e67499188d72bb0af8271db8a3c7008afd2e388d,0.0,0.4634678970191445,1.0,False,1.0,0.65,0.77083,0.6679764243614931,1.0,180,600,3,0,0
L_f3_W5,primary_full_coverage,poppler__pdfimages,BL,40,3,3,4,6,6,0,2b27b981a18fd8a4844c3e5119313c3cede0d42347cc9980b1f6fb1bcf2dbd15,196d46cf6c49d8a746278c75d38e760ad78d627c9bbb9b84f1354c55ae0f0c00,0.0,0.6073861782201668,0.1427538128530314,False,1.0,0.775,0.85417,0.8044212465459011,1.0,180,600,2,0,0
L_f3_W5,primary_full_coverage,poppler__pdfimages,BL,40,3,5,4,4,4,0,2b27b981a18fd8a4844c3e5119313c3cede0d42347cc9980b1f6fb1bcf2dbd15,6d74a54b3d95a319495e78136819acf6e91558d95c297dea93ca913950a32dd3,0.0,0.7687191338524435,0.5526174399070823,False,1.0,1.0,1.0,1.0,1.0,180,600,0,0,0
L_f3_W5,primary_full_coverage,poppler__pdfimages,BL,40,4,1,4,6,6,0,2b27b981a18fd8a4844c3e5119313c3cede0d42347cc9980b1f6fb1bcf2dbd15,196d46cf6c49d8a746278c75d38e760ad78d627c9bbb9b84f1354c55ae0f0c00,0.0,0.6145168423680262,0.1515321118828031,False,1.0,0.775,0.85417,0.8044212465459011,1.0,180,600,2,0,0
L_f3_W5,primary_full_coverage,poppler__pdfimages,BL,40,4,2,4,6,6,0,2b27b981a18fd8a4844c3e5119313c3cede0d42347cc9980b1f6fb1bcf2dbd15,196d46cf6c49d8a746278c75d38e760ad78d627c9bbb9b84f1354c55ae0f0c00,0.0,0.609968248802302,0.1513701938737913,False,1.0,0.775,0.85417,0.8044212465459011,1.0,180,600,2,0,0
L_f3_W5,primary_full_coverage,poppler__pdfimages,BL,40,4,3,4,6,6,0,2b27b981a18fd8a4844c3e5119313c3cede0d42347cc9980b1f6fb1bcf2dbd15,196d46cf6c49d8a746278c75d38e760ad78d627c9bbb9b84f1354c55ae0f0c00,0.0,0.6073861782201668,0.14273662155184022,False,1.0,0.775,0.85417,0.8044212465459011,1.0,180,600,2,0,0
L_f3_W5,primary_full_coverage,poppler__pdfimages,BL,40,4,5,4,4,4,0,2b27b981a18fd8a4844c3e5119313c3cede0d42347cc9980b1f6fb1bcf2dbd15,6d74a54b3d95a319495e78136819acf6e91558d95c297dea93ca913950a32dd3,0.0,0.7687191338524435,0.5480607468776669,False,1.0,1.0,1.0,1.0,1.0,180,600,0,0,0
L_f3_W5,primary_full_coverage,poppler__pdfimages,BL,40,5,1,4,5,5,0,2b27b981a18fd8a4844c3e5119313c3cede0d42347cc9980b1f6fb1bcf2dbd15,69d9d0b64f89efdfb8e4dd0433fff5097dcae2f857d92b4f2fac213727017aaa,0.0,0.8309710123906389,0.1217405031213494,False,1.0,0.875,0.91667,0.9051094890510949,1.0,180,600,1,0,0
L_f3_W5,primary_full_coverage,poppler__pdfimages,BL,40,5,2,4,5,5,0,2b27b981a18fd8a4844c3e5119313c3cede0d42347cc9980b1f6fb1bcf2dbd15,69d9d0b64f89efdfb8e4dd0433fff5097dcae2f857d92b4f2fac213727017aaa,0.0,0.8264224188249146,0.12151670377851032,False,1.0,0.875,0.91667,0.9051094890510949,1.0,180,600,1,0,0
L_f3_W5,primary_full_coverage,poppler__pdfimages,BL,40,5,3,4,5,5,0,2b27b981a18fd8a4844c3e5119313c3cede0d42347cc9980b1f6fb1bcf2dbd15,69d9d0b64f89efdfb8e4dd0433fff5097dcae2f857d92b4f2fac213727017aaa,0.0,0.823955610425471,0.12558196329438792,False,1.0,0.875,0.91667,0.9051094890510949,1.0,180,600,1,0,0
L_f3_W5,primary_full_coverage,poppler__pdfimages,BL,40,5,5,4,4,4,0,2b27b981a18fd8a4844c3e5119313c3cede0d42347cc9980b1f6fb1bcf2dbd15,6d74a54b3d95a319495e78136819acf6e91558d95c297dea93ca913950a32dd3,0.0,0.7687191338524435,0.5483101712502307,False,1.0,1.0,1.0,1.0,1.0,180,600,0,0,0
L_f3_W5,primary_full_coverage,poppler__pdfimages,BL,40,8,1,4,4,4,0,2b27b981a18fd8a4844c3e5119313c3cede0d42347cc9980b1f6fb1bcf2dbd15,6d74a54b3d95a319495e78136819acf6e91558d95c297dea93ca913950a32dd3,0.0,0.7960692651274971,0.5655095705581055,False,1.0,1.0,1.0,1.0,1.0,180,600,0,0,0
L_f3_W5,primary_full_coverage,poppler__pdfimages,BL,40,8,2,4,4,4,0,2b27b981a18fd8a4844c3e5119313c3cede0d42347cc9980b1f6fb1bcf2dbd15,6d74a54b3d95a319495e78136819acf6e91558d95c297dea93ca913950a32dd3,0.0,0.7952247591794496,0.5551464737217799,False,1.0,1.0,1.0,1.0,1.0,180,600,0,0,0
L_f3_W5,primary_full_coverage,poppler__pdfimages,BL,40,8,3,4,4,4,0,2b27b981a18fd8a4844c3e5119313c3cede0d42347cc9980b1f6fb1bcf2dbd15,6d74a54b3d95a319495e78136819acf6e91558d95c297dea93ca913950a32dd3,0.0,0.7941226305571506,0.5497483819731142,False,1.0,1.0,1.0,1.0,1.0,180,600,0,0,0
L_f3_W5,primary_full_coverage,poppler__pdfimages,BL,40,8,5,4,4,4,0,2b27b981a18fd8a4844c3e5119313c3cede0d42347cc9980b1f6fb1bcf2dbd15,6d74a54b3d95a319495e78136819acf6e91558d95c297dea93ca913950a32dd3,0.0,0.7687191338524435,0.5558662522100905,False,1.0,1.0,1.0,1.0,1.0,180,600,0,0,0
L_f3_W5,primary_full_coverage,poppler__pdfimages,BD4,40,2,1,4,13,11,2,261f209d09e5ee8c4a35f09340b9b91d8e2ccca1c87c8b685b9ac262ef5b0f42,e61ac81845cabf39ea6baf0965a3a8fc3cf53b50ec0147e89d985a9f761dad5f,0.0,0.5018135688285579,1.0,False,1.0,0.525,0.66796,0.47109207708779444,0.9300858902082415,180,600,4,0,0
L_f3_W5,primary_full_coverage,poppler__pdfimages,BD4,40,2,2,4,8,7,1,261f209d09e5ee8c4a35f09340b9b91d8e2ccca1c87c8b685b9ac262ef5b0f42,39ca9d20486575480d337c86ad537bf9c1abf302d83c5da9d164c68a8cc29b46,0.0,0.5140188983139016,1.0,False,1.0,0.675,0.79167,0.6729826853969291,0.9300858902082415,180,600,3,0,0
L_f3_W5,primary_full_coverage,poppler__pdfimages,BD4,40,2,3,4,6,6,0,261f209d09e5ee8c4a35f09340b9b91d8e2ccca1c87c8b685b9ac262ef5b0f42,e0fb02956e6f40884c33d6546332c8e656da55499323fe3da353680ecd88bb06,0.0,0.6507232424721621,0.14275078117170212,False,1.0,0.8,0.875,0.8088235294117647,0.9300858902082415,180,600,2,0,0
L_f3_W5,primary_full_coverage,poppler__pdfimages,BD4,40,2,5,4,8,4,4,261f209d09e5ee8c4a35f09340b9b91d8e2ccca1c87c8b685b9ac262ef5b0f42,2fbeda09eb7fa250c7974a4d809e0aa514d3a2f2242596c5e32ad293c7b3d8e3,0.0,0.794429449341116,0.6303690631467931,False,1.0,0.9,0.9375,0.8849557522123894,0.9300858902082415,180,600,1,0,0
L_f3_W5,primary_full_coverage,poppler__pdfimages,BD4,40,3,1,4,8,7,1,261f209d09e5ee8c4a35f09340b9b91d8e2ccca1c87c8b685b9ac262ef5b0f42,39ca9d20486575480d337c86ad537bf9c1abf302d83c5da9d164c68a8cc29b46,0.0,0.5176153942918659,1.0,False,1.0,0.675,0.79167,0.6729826853969291,0.9300858902082415,180,600,3,0,0
L_f3_W5,primary_full_coverage,poppler__pdfimages,BD4,40,3,2,4,8,7,1,261f209d09e5ee8c4a35f09340b9b91d8e2ccca1c87c8b685b9ac262ef5b0f42,39ca9d20486575480d337c86ad537bf9c1abf302d83c5da9d164c68a8cc29b46,0.0,0.5140188983139016,1.0,False,1.0,0.675,0.79167,0.6729826853969291,0.9300858902082415,180,600,3,0,0
L_f3_W5,primary_full_coverage,poppler__pdfimages,BD4,40,3,3,4,6,6,0,261f209d09e5ee8c4a35f09340b9b91d8e2ccca1c87c8b685b9ac262ef5b0f42,e0fb02956e6f40884c33d6546332c8e656da55499323fe3da353680ecd88bb06,0.0,0.6507232424721621,0.14255763244168554,False,1.0,0.8,0.875,0.8088235294117647,0.9300858902082415,180,600,2,0,0
L_f3_W5,primary_full_coverage,poppler__pdfimages,BD4,40,3,5,4,8,4,4,261f209d09e5ee8c4a35f09340b9b91d8e2ccca1c87c8b685b9ac262ef5b0f42,2fbeda09eb7fa250c7974a4d809e0aa514d3a2f2242596c5e32ad293c7b3d8e3,0.0,0.794429449341116,0.6290889649286739,False,1.0,0.9,0.9375,0.8849557522123894,0.9300858902082415,180,600,1,0,0
L_f3_W5,primary_full_coverage,poppler__pdfimages,BD4,40,4,1,4,6,6,0,261f209d09e5ee8c4a35f09340b9b91d8e2ccca1c87c8b685b9ac262ef5b0f42,e0fb02956e6f40884c33d6546332c8e656da55499323fe3da353680ecd88bb06,0.0,0.6567922006181136,0.1511249237065481,False,1.0,0.8,0.875,0.8088235294117647,0.9300858902082415,180,600,2,0,0
L_f3_W5,primary_full_coverage,poppler__pdfimages,BD4,40,4,2,4,6,6,0,261f209d09e5ee8c4a35f09340b9b91d8e2ccca1c87c8b685b9ac262ef5b0f42,e0fb02956e6f40884c33d6546332c8e656da55499323fe3da353680ecd88bb06,0.0,0.6536294929863101,0.15094838875420705,False,1.0,0.8,0.875,0.8088235294117647,0.9300858902082415,180,600,2,0,0
L_f3_W5,primary_full_coverage,poppler__pdfimages,BD4,40,4,3,4,6,6,0,261f209d09e5ee8c4a35f09340b9b91d8e2ccca1c87c8b685b9ac262ef5b0f42,e0fb02956e6f40884c33d6546332c8e656da55499323fe3da353680ecd88bb06,0.0,0.6507232424721621,0.14254102019480652,False,1.0,0.8,0.875,0.8088235294117647,0.9300858902082415,180,600,2,0,0
L_f3_W5,primary_full_coverage,poppler__pdfimages,BD4,40,4,5,4,8,4,4,261f209d09e5ee8c4a35f09340b9b91d8e2ccca1c87c8b685b9ac262ef5b0f42,2fbeda09eb7fa250c7974a4d809e0aa514d3a2f2242596c5e32ad293c7b3d8e3,0.0,0.794429449341116,0.6223111912895929,False,1.0,0.9,0.9375,0.8849557522123894,0.9300858902082415,180,600,1,0,0
L_f3_W5,primary_full_coverage,poppler__pdfimages,BD4,40,5,1,4,8,4,4,261f209d09e5ee8c4a35f09340b9b91d8e2ccca1c87c8b685b9ac262ef5b0f42,2fbeda09eb7fa250c7974a4d809e0aa514d3a2f2242596c5e32ad293c7b3d8e3,0.0,0.8072541506384943,0.15107849300024895,False,1.0,0.9,0.9375,0.8849557522123894,0.9300858902082415,180,600,1,0,0
L_f3_W5,primary_full_coverage,poppler__pdfimages,BD4,40,5,2,4,8,4,4,261f209d09e5ee8c4a35f09340b9b91d8e2ccca1c87c8b685b9ac262ef5b0f42,2fbeda09eb7fa250c7974a4d809e0aa514d3a2f2242596c5e32ad293c7b3d8e3,0.0,0.8058477315984929,0.15081431983442165,False,1.0,0.9,0.9375,0.8849557522123894,0.9300858902082415,180,600,1,0,0
L_f3_W5,primary_full_coverage,poppler__pdfimages,BD4,40,5,3,4,8,4,4,261f209d09e5ee8c4a35f09340b9b91d8e2ccca1c87c8b685b9ac262ef5b0f42,2fbeda09eb7fa250c7974a4d809e0aa514d3a2f2242596c5e32ad293c7b3d8e3,0.0,0.8037416660769539,0.15591252216346346,False,1.0,0.9,0.9375,0.8849557522123894,0.9300858902082415,180,600,1,0,0
L_f3_W5,primary_full_coverage,poppler__pdfimages,BD4,40,5,5,4,8,4,4,261f209d09e5ee8c4a35f09340b9b91d8e2ccca1c87c8b685b9ac262ef5b0f42,2fbeda09eb7fa250c7974a4d809e0aa514d3a2f2242596c5e32ad293c7b3d8e3,0.0,0.794429449341116,0.6191364396513265,False,1.0,0.9,0.9375,0.8849557522123894,0.9300858902082415,180,600,1,0,0
L_f3_W5,primary_full_coverage,poppler__pdfimages,BD4,40,8,1,4,3,3,0,261f209d09e5ee8c4a35f09340b9b91d8e2ccca1c87c8b685b9ac262ef5b0f42,b5c337cd7a7330730c2ec06a936e4eeb6ab05cd8853f26e1b153a18ed0dc831b,0.0,0.49689503754542746,0.630458700303601,False,0.75,1.0,0.83333,0.6976744186046512,0.9300858902082415,180,600,0,1,2
L_f3_W5,primary_full_coverage,poppler__pdfimages,BD4,40,8,2,4,3,3,0,261f209d09e5ee8c4a35f09340b9b91d8e2ccca1c87c8b685b9ac262ef5b0f42,b5c337cd7a7330730c2ec06a936e4eeb6ab05cd8853f26e1b153a18ed0dc831b,0.0,0.49551932907980606,0.6166397039207268,False,0.75,1.0,0.83333,0.6976744186046512,0.9300858902082415,180,600,0,1,2
L_f3_W5,primary_full_coverage,poppler__pdfimages,BD4,40,8,3,4,3,3,0,261f209d09e5ee8c4a35f09340b9b91d8e2ccca1c87c8b685b9ac262ef5b0f42,b5c337cd7a7330730c2ec06a936e4eeb6ab05cd8853f26e1b153a18ed0dc831b,0.0,0.49387659881545587,0.6095340492252378,False,0.75,1.0,0.83333,0.6976744186046512,0.9300858902082415,180,600,0,1,2
L_f3_W5,primary_full_coverage,poppler__pdfimages,BD4,40,8,5,4,5,3,2,261f209d09e5ee8c4a35f09340b9b91d8e2ccca1c87c8b685b9ac262ef5b0f42,ec0e8075a160aad363600f53616945fac905881b956f2552114eefa505c8c93d,0.0,0.45441818263390044,0.6199632790418268,False,0.8,0.95,0.82143,0.6879485275921802,0.9300858902082415,180,600,1,1,1
L_f3_W5,primary_full_coverage,poppler__pdfimages,BLD4,40,2,1,4,13,11,2,57af6d0b3698eca540d05ca83a680ec0608ae9fc8daf36b566a7dde95c6b4537,793cb8070428676be9edfc86ffe2d3bce3a78c2bfd6251e853727f5e13deda0a,0.0,0.40772128075754605,1.0,False,1.0,0.525,0.66796,0.47109207708779444,1.0,180,600,4,0,0
L_f3_W5,primary_full_coverage,poppler__pdfimages,BLD4,40,2,2,4,8,7,1,57af6d0b3698eca540d05ca83a680ec0608ae9fc8daf36b566a7dde95c6b4537,4e76d77077102536858486f4e60c6b15afb52048a5986cb8dd682c82fbcecd75,0.0,0.43405948376981307,1.0,False,1.0,0.675,0.79167,0.6729826853969291,1.0,180,600,3,0,0
L_f3_W5,primary_full_coverage,poppler__pdfimages,BLD4,40,2,3,4,6,6,0,57af6d0b3698eca540d05ca83a680ec0608ae9fc8daf36b566a7dde95c6b4537,0df0fd7a6561ce3f9268835d6702e4aaa94b4284db427b1871326eded5e9ba45,0.0,0.5806338623503017,0.14250139103019815,False,1.0,0.8,0.875,0.8088235294117647,1.0,180,600,2,0,0
L_f3_W5,primary_full_coverage,poppler__pdfimages,BLD4,40,2,5,4,4,4,0,57af6d0b3698eca540d05ca83a680ec0608ae9fc8daf36b566a7dde95c6b4537,6d74a54b3d95a319495e78136819acf6e91558d95c297dea93ca913950a32dd3,0.0,0.736214637276815,0.549657178486844,False,1.0,1.0,1.0,1.0,1.0,180,600,0,0,0
L_f3_W5,primary_full_coverage,poppler__pdfimages,BLD4,40,3,1,4,8,7,1,57af6d0b3698eca540d05ca83a680ec0608ae9fc8daf36b566a7dde95c6b4537,4e76d77077102536858486f4e60c6b15afb52048a5986cb8dd682c82fbcecd75,0.0,0.43612924962171723,1.0,False,1.0,0.675,0.79167,0.6729826853969291,1.0,180,600,3,0,0
L_f3_W5,primary_full_coverage,poppler__pdfimages,BLD4,40,3,2,4,8,7,1,57af6d0b3698eca540d05ca83a680ec0608ae9fc8daf36b566a7dde95c6b4537,4e76d77077102536858486f4e60c6b15afb52048a5986cb8dd682c82fbcecd75,0.0,0.43405948376981307,1.0,False,1.0,0.675,0.79167,0.6729826853969291,1.0,180,600,3,0,0
L_f3_W5,primary_full_coverage,poppler__pdfimages,BLD4,40,3,3,4,6,6,0,57af6d0b3698eca540d05ca83a680ec0608ae9fc8daf36b566a7dde95c6b4537,0df0fd7a6561ce3f9268835d6702e4aaa94b4284db427b1871326eded5e9ba45,0.0,0.5806338623503017,0.14231567240528778,False,1.0,0.8,0.875,0.8088235294117647,1.0,180,600,2,0,0
L_f3_W5,primary_full_coverage,poppler__pdfimages,BLD4,40,3,5,4,4,4,0,57af6d0b3698eca540d05ca83a680ec0608ae9fc8daf36b566a7dde95c6b4537,6d74a54b3d95a319495e78136819acf6e91558d95c297dea93ca913950a32dd3,0.0,0.736214637276815,0.5530224996254454,False,1.0,1.0,1.0,1.0,1.0,180,600,0,0,0
L_f3_W5,primary_full_coverage,poppler__pdfimages,BLD4,40,4,1,4,6,6,0,57af6d0b3698eca540d05ca83a680ec0608ae9fc8daf36b566a7dde95c6b4537,0df0fd7a6561ce3f9268835d6702e4aaa94b4284db427b1871326eded5e9ba45,0.0,0.5843056459068128,0.1508298493028717,False,1.0,0.8,0.875,0.8088235294117647,1.0,180,600,2,0,0
L_f3_W5,primary_full_coverage,poppler__pdfimages,BLD4,40,4,2,4,6,6,0,57af6d0b3698eca540d05ca83a680ec0608ae9fc8daf36b566a7dde95c6b4537,0df0fd7a6561ce3f9268835d6702e4aaa94b4284db427b1871326eded5e9ba45,0.0,0.58267653197283,0.15067343155710416,False,1.0,0.8,0.875,0.8088235294117647,1.0,180,600,2,0,0
L_f3_W5,primary_full_coverage,poppler__pdfimages,BLD4,40,4,3,4,6,6,0,57af6d0b3698eca540d05ca83a680ec0608ae9fc8daf36b566a7dde95c6b4537,0df0fd7a6561ce3f9268835d6702e4aaa94b4284db427b1871326eded5e9ba45,0.0,0.5806338623503017,0.1422992090545356,False,1.0,0.8,0.875,0.8088235294117647,1.0,180,600,2,0,0
L_f3_W5,primary_full_coverage,poppler__pdfimages,BLD4,40,4,5,4,4,4,0,57af6d0b3698eca540d05ca83a680ec0608ae9fc8daf36b566a7dde95c6b4537,6d74a54b3d95a319495e78136819acf6e91558d95c297dea93ca913950a32dd3,0.0,0.736214637276815,0.5485151385818499,False,1.0,1.0,1.0,1.0,1.0,180,600,0,0,0
L_f3_W5,primary_full_coverage,poppler__pdfimages,BLD4,40,5,1,4,4,4,0,57af6d0b3698eca540d05ca83a680ec0608ae9fc8daf36b566a7dde95c6b4537,6d74a54b3d95a319495e78136819acf6e91558d95c297dea93ca913950a32dd3,0.0,0.7514538252631056,0.14810207933549382,False,1.0,1.0,1.0,1.0,1.0,180,600,0,0,0
L_f3_W5,primary_full_coverage,poppler__pdfimages,BLD4,40,5,2,4,4,4,0,57af6d0b3698eca540d05ca83a680ec0608ae9fc8daf36b566a7dde95c6b4537,6d74a54b3d95a319495e78136819acf6e91558d95c297dea93ca913950a32dd3,0.0,0.7507823438610721,0.14786321662655313,False,1.0,1.0,1.0,1.0,1.0,180,600,0,0,0
L_f3_W5,primary_full_coverage,poppler__pdfimages,BLD4,40,5,3,4,4,4,0,57af6d0b3698eca540d05ca83a680ec0608ae9fc8daf36b566a7dde95c6b4537,6d74a54b3d95a319495e78136819acf6e91558d95c297dea93ca913950a32dd3,0.0,0.7499911491859954,0.15295912149280474,False,1.0,1.0,1.0,1.0,1.0,180,600,0,0,0
L_f3_W5,primary_full_coverage,poppler__pdfimages,BLD4,40,5,5,4,4,4,0,57af6d0b3698eca540d05ca83a680ec0608ae9fc8daf36b566a7dde95c6b4537,6d74a54b3d95a319495e78136819acf6e91558d95c297dea93ca913950a32dd3,0.0,0.736214637276815,0.5487606726051687,False,1.0,1.0,1.0,1.0,1.0,180,600,0,0,0
L_f3_W5,primary_full_coverage,poppler__pdfimages,BLD4,40,8,1,4,4,4,0,57af6d0b3698eca540d05ca83a680ec0608ae9fc8daf36b566a7dde95c6b4537,6d74a54b3d95a319495e78136819acf6e91558d95c297dea93ca913950a32dd3,0.0,0.7514538252631056,0.5623614588234088,False,1.0,1.0,1.0,1.0,1.0,180,600,0,0,0
L_f3_W5,primary_full_coverage,poppler__pdfimages,BLD4,40,8,2,4,4,4,0,57af6d0b3698eca540d05ca83a680ec0608ae9fc8daf36b566a7dde95c6b4537,6d74a54b3d95a319495e78136819acf6e91558d95c297dea93ca913950a32dd3,0.0,0.7507823438610721,0.5521296266147792,False,1.0,1.0,1.0,1.0,1.0,180,600,0,0,0
L_f3_W5,primary_full_coverage,poppler__pdfimages,BLD4,40,8,3,4,4,4,0,57af6d0b3698eca540d05ca83a680ec0608ae9fc8daf36b566a7dde95c6b4537,6d74a54b3d95a319495e78136819acf6e91558d95c297dea93ca913950a32dd3,0.0,0.7499911491859954,0.5467928638812058,False,1.0,1.0,1.0,1.0,1.0,180,600,0,0,0
L_f3_W5,primary_full_coverage,poppler__pdfimages,BLD4,40,8,5,4,4,4,0,57af6d0b3698eca540d05ca83a680ec0608ae9fc8daf36b566a7dde95c6b4537,6d74a54b3d95a319495e78136819acf6e91558d95c297dea93ca913950a32dd3,0.0,0.736214637276815,0.5536834632324643,False,1.0,1.0,1.0,1.0,1.0,180,600,0,0,0
L_f3_W5,primary_full_coverage,soxmp3__sox,B,61,2,1,7,20,16,4,620599d63526f00cc6a30b183740d3d751701bb0f01816490592dfbafe6aa725,3603431b1c5fac869c954107bf5b8e6d744eeefcf9c1050870c53fd19d6e95f2,0.0,0.6588797666077999,1.0,False,0.98361,0.54098,0.67123,0.5242709268799924,0.9162334931413182,270,1560,5,1,0
L_f3_W5,primary_full_coverage,soxmp3__sox,B,61,2,2,7,10,10,0,620599d63526f00cc6a30b183740d3d751701bb0f01816490592dfbafe6aa725,72e0d380d954fc6206dcb560c2cf3ce7c8a80ad0b514f3514081d3485f6896fa,0.0,0.671622254774039,1.0,False,0.93443,0.72131,0.80094,0.6878198567041965,0.9162334931413182,270,1560,4,3,2
L_f3_W5,primary_full_coverage,soxmp3__sox,B,61,2,3,7,8,8,0,620599d63526f00cc6a30b183740d3d751701bb0f01816490592dfbafe6aa725,aac8b53aae3c535bb896d805bf07c1ff4ac76ce5f3af178ab8b7f32e81f68298,0.0,0.7495789121487128,1.0,False,0.93443,0.81967,0.85702,0.7790781899279479,0.9162334931413182,270,1560,3,3,3
L_f3_W5,primary_full_coverage,soxmp3__sox,B,61,2,5,7,13,7,6,620599d63526f00cc6a30b183740d3d751701bb0f01816490592dfbafe6aa725,642105897a7b80f418f684369d9aabc03d22ea5e9e7edcd8494b6267b6022833,0.0,0.5525822415316055,1.0,False,0.93443,0.81967,0.84175,0.7545271629778671,0.9162334931413182,270,1560,3,3,3
L_f3_W5,primary_full_coverage,soxmp3__sox,B,61,3,1,7,10,10,0,620599d63526f00cc6a30b183740d3d751701bb0f01816490592dfbafe6aa725,72e0d380d954fc6206dcb560c2cf3ce7c8a80ad0b514f3514081d3485f6896fa,0.0,0.6827901286366055,1.0,False,0.93443,0.72131,0.80094,0.6878198567041965,0.9162334931413182,270,1560,4,3,2
L_f3_W5,primary_full_coverage,soxmp3__sox,B,61,3,2,7,10,10,0,620599d63526f00cc6a30b183740d3d751701bb0f01816490592dfbafe6aa725,72e0d380d954fc6206dcb560c2cf3ce7c8a80ad0b514f3514081d3485f6896fa,0.0,0.671622254774039,1.0,False,0.93443,0.72131,0.80094,0.6878198567041965,0.9162334931413182,270,1560,4,3,2
L_f3_W5,primary_full_coverage,soxmp3__sox,B,61,3,3,7,8,8,0,620599d63526f00cc6a30b183740d3d751701bb0f01816490592dfbafe6aa725,aac8b53aae3c535bb896d805bf07c1ff4ac76ce5f3af178ab8b7f32e81f68298,0.0,0.7495789121487128,1.0,False,0.93443,0.81967,0.85702,0.7790781899279479,0.9162334931413182,270,1560,3,3,3
L_f3_W5,primary_full_coverage,soxmp3__sox,B,61,3,5,7,11,6,5,620599d63526f00cc6a30b183740d3d751701bb0f01816490592dfbafe6aa725,57968f643cab3fda15698d04b7a113bd9085c42a955014692c6e9a4ff05ae017,0.0,0.6965843500597382,1.0,False,0.93443,0.86885,0.87068,0.8158610665971006,0.9162334931413182,270,1560,2,3,3
L_f3_W5,primary_full_coverage,soxmp3__sox,B,61,4,1,7,9,9,0,620599d63526f00cc6a30b183740d3d751701bb0f01816490592dfbafe6aa725,229b7e2993368db1fdb9b0681e9f1a16e12631dbc3143c957cdf3e5b18916d38,0.0,0.7074346640578107,1.0,False,0.93443,0.7541,0.81604,0.7119330132148101,0.9162334931413182,270,1560,4,3,3
L_f3_W5,primary_full_coverage,soxmp3__sox,B,61,4,2,7,9,9,0,620599d63526f00cc6a30b183740d3d751701bb0f01816490592dfbafe6aa725,229b7e2993368db1fdb9b0681e9f1a16e12631dbc3143c957cdf3e5b18916d38,0.0,0.6980298328945892,1.0,False,0.93443,0.7541,0.81604,0.7119330132148101,0.9162334931413182,270,1560,4,3,3
L_f3_W5,primary_full_coverage,soxmp3__sox,B,61,4,3,7,8,8,0,620599d63526f00cc6a30b183740d3d751701bb0f01816490592dfbafe6aa725,aac8b53aae3c535bb896d805bf07c1ff4ac76ce5f3af178ab8b7f32e81f68298,0.0,0.7495789121487128,1.0,False,0.93443,0.81967,0.85702,0.7790781899279479,0.9162334931413182,270,1560,3,3,3
L_f3_W5,primary_full_coverage,soxmp3__sox,B,61,4,5,7,11,6,5,620599d63526f00cc6a30b183740d3d751701bb0f01816490592dfbafe6aa725,57968f643cab3fda15698d04b7a113bd9085c42a955014692c6e9a4ff05ae017,0.0,0.6965843500597382,1.0,False,0.93443,0.86885,0.87068,0.8158610665971006,0.9162334931413182,270,1560,2,3,3
L_f3_W5,primary_full_coverage,soxmp3__sox,B,61,5,1,7,7,7,0,620599d63526f00cc6a30b183740d3d751701bb0f01816490592dfbafe6aa725,cb2132ea9abb4b5413888e10af457fa4d27f31c07f2743ea80ade39965bfd51a,0.0,0.7405588406916171,1.0,False,0.93443,0.88525,0.898,0.8411400066023549,0.9162334931413182,270,1560,2,3,3
L_f3_W5,primary_full_coverage,soxmp3__sox,B,61,5,2,7,7,7,0,620599d63526f00cc6a30b183740d3d751701bb0f01816490592dfbafe6aa725,cb2132ea9abb4b5413888e10af457fa4d27f31c07f2743ea80ade39965bfd51a,0.0,0.733671828298172,1.0,False,0.93443,0.88525,0.898,0.8411400066023549,0.9162334931413182,270,1560,2,3,3
L_f3_W5,primary_full_coverage,soxmp3__sox,B,61,5,3,7,7,7,0,620599d63526f00cc6a30b183740d3d751701bb0f01816490592dfbafe6aa725,cb2132ea9abb4b5413888e10af457fa4d27f31c07f2743ea80ade39965bfd51a,0.0,0.7239575656207227,1.0,False,0.93443,0.88525,0.898,0.8411400066023549,0.9162334931413182,270,1560,2,3,3
L_f3_W5,primary_full_coverage,soxmp3__sox,B,61,5,5,7,11,6,5,620599d63526f00cc6a30b183740d3d751701bb0f01816490592dfbafe6aa725,57968f643cab3fda15698d04b7a113bd9085c42a955014692c6e9a4ff05ae017,0.0,0.6965843500597382,1.0,False,0.93443,0.86885,0.87068,0.8158610665971006,0.9162334931413182,270,1560,2,3,3
L_f3_W5,primary_full_coverage,soxmp3__sox,B,61,8,1,7,10,5,5,620599d63526f00cc6a30b183740d3d751701bb0f01816490592dfbafe6aa725,6333d8a4694fb8c8feb424c7edc182c8c2f0bc1ee8567390c9817ab04dd5d542,0.0,0.5917716136519189,0.3438892366174285,False,0.90164,0.91803,0.84738,0.8012347796261362,0.9162334931413182,270,1560,1,2,3
L_f3_W5,primary_full_coverage,soxmp3__sox,B,61,8,2,7,10,5,5,620599d63526f00cc6a30b183740d3d751701bb0f01816490592dfbafe6aa725,6333d8a4694fb8c8feb424c7edc182c8c2f0bc1ee8567390c9817ab04dd5d542,0.0,0.5860573205289783,0.33410397984738655,False,0.90164,0.91803,0.84738,0.8012347796261362,0.9162334931413182,270,1560,1,2,3
L_f3_W5,primary_full_coverage,soxmp3__sox,B,61,8,3,7,10,5,5,620599d63526f00cc6a30b183740d3d751701bb0f01816490592dfbafe6aa725,6333d8a4694fb8c8feb424c7edc182c8c2f0bc1ee8567390c9817ab04dd5d542,0.0,0.5852577647613824,0.32712468592426036,False,0.90164,0.91803,0.84738,0.8012347796261362,0.9162334931413182,270,1560,1,2,3
L_f3_W5,primary_full_coverage,soxmp3__sox,B,61,8,5,7,10,5,5,620599d63526f00cc6a30b183740d3d751701bb0f01816490592dfbafe6aa725,6333d8a4694fb8c8feb424c7edc182c8c2f0bc1ee8567390c9817ab04dd5d542,0.0,0.580828149392896,0.3151004184011958,False,0.90164,0.91803,0.84738,0.8012347796261362,0.9162334931413182,270,1560,1,2,3
L_f3_W5,primary_full_coverage,soxmp3__sox,BL,61,2,1,7,20,16,4,87adcbd33846aba4af0c7394fde6daf194c00eed08fef8070cf1aaebe0d5e865,2af14be563d120a947e4071535c351fa6e8d0a62131693e3f75a8beca4218e24,0.0,0.7061591093428725,1.0,False,0.98361,0.54098,0.67123,0.5242709268799924,0.9452040770009548,270,1560,5,1,0
L_f3_W5,primary_full_coverage,soxmp3__sox,BL,61,2,2,7,14,10,4,87adcbd33846aba4af0c7394fde6daf194c00eed08fef8070cf1aaebe0d5e865,4bcb3b64220675301448833601f3a6771e1a909c7597c0121a5af4637d9e2cdb,0.0,0.7756459318136824,1.0,False,0.93443,0.68852,0.76731,0.6582129165437924,0.9452040770009548,270,1560,4,3,2
L_f3_W5,primary_full_coverage,soxmp3__sox,BL,61,2,3,7,7,7,0,87adcbd33846aba4af0c7394fde6daf194c00eed08fef8070cf1aaebe0d5e865,7adf120da4eb9ef533c4a73e989cfdf1ab29073610c2d750419a0f97eff79589,0.0,0.5748925643125428,1.0,False,0.93443,0.88525,0.88825,0.8115984157552415,0.9452040770009548,270,1560,3,3,4
L_f3_W5,primary_full_coverage,soxmp3__sox,BL,61,2,5,7,8,6,2,87adcbd33846aba4af0c7394fde6daf194c00eed08fef8070cf1aaebe0d5e865,79854024c46acb7263497a55f7c8c49b5139dfdd8b02f7a33654a89e25493199,0.0,0.5693228404533964,1.0,False,0.93443,0.91803,0.90951,0.8416498413614075,0.9452040770009548,270,1560,2,3,3
L_f3_W5,primary_full_coverage,soxmp3__sox,BL,61,3,1,7,14,10,4,87adcbd33846aba4af0c7394fde6daf194c00eed08fef8070cf1aaebe0d5e865,4bcb3b64220675301448833601f3a6771e1a909c7597c0121a5af4637d9e2cdb,0.0,0.7800321715118423,1.0,False,0.93443,0.68852,0.76731,0.6582129165437924,0.9452040770009548,270,1560,4,3,2
L_f3_W5,primary_full_coverage,soxmp3__sox,BL,61,3,2,7,14,10,4,87adcbd33846aba4af0c7394fde6daf194c00eed08fef8070cf1aaebe0d5e865,4bcb3b64220675301448833601f3a6771e1a909c7597c0121a5af4637d9e2cdb,0.0,0.7756459318136824,1.0,False,0.93443,0.68852,0.76731,0.6582129165437924,0.9452040770009548,270,1560,4,3,2
L_f3_W5,primary_full_coverage,soxmp3__sox,BL,61,3,3,7,7,7,0,87adcbd33846aba4af0c7394fde6daf194c00eed08fef8070cf1aaebe0d5e865,7adf120da4eb9ef533c4a73e989cfdf1ab29073610c2d750419a0f97eff79589,0.0,0.5748925643125428,1.0,False,0.93443,0.88525,0.88825,0.8115984157552415,0.9452040770009548,270,1560,3,3,4
L_f3_W5,primary_full_coverage,soxmp3__sox,BL,61,3,5,7,8,6,2,87adcbd33846aba4af0c7394fde6daf194c00eed08fef8070cf1aaebe0d5e865,79854024c46acb7263497a55f7c8c49b5139dfdd8b02f7a33654a89e25493199,0.0,0.5693228404533964,1.0,False,0.93443,0.91803,0.90951,0.8416498413614075,0.9452040770009548,270,1560,2,3,3
L_f3_W5,primary_full_coverage,soxmp3__sox,BL,61,4,1,7,8,8,0,87adcbd33846aba4af0c7394fde6daf194c00eed08fef8070cf1aaebe0d5e865,57b8d30ca362bd1329ea6374dd9cb999d612fabfa3e1dd30a9004ec41e2d76de,0.0,0.5164861360620674,1.0,False,0.93443,0.81967,0.84726,0.7489901468534108,0.9452040770009548,270,1560,4,3,4
L_f3_W5,primary_full_coverage,soxmp3__sox,BL,61,4,2,7,8,8,0,87adcbd33846aba4af0c7394fde6daf194c00eed08fef8070cf1aaebe0d5e865,57b8d30ca362bd1329ea6374dd9cb999d612fabfa3e1dd30a9004ec41e2d76de,0.0,0.5127225493519822,1.0,False,0.93443,0.81967,0.84726,0.7489901468534108,0.9452040770009548,270,1560,4,3,4
L_f3_W5,primary_full_coverage,soxmp3__sox,BL,61,4,3,7,7,7,0,87adcbd33846aba4af0c7394fde6daf194c00eed08fef8070cf1aaebe0d5e865,7adf120da4eb9ef533c4a73e989cfdf1ab29073610c2d750419a0f97eff79589,0.0,0.5748925643125428,1.0,False,0.93443,0.88525,0.88825,0.8115984157552415,0.9452040770009548,270,1560,3,3,4
L_f3_W5,primary_full_coverage,soxmp3__sox,BL,61,4,5,7,8,6,2,87adcbd33846aba4af0c7394fde6daf194c00eed08fef8070cf1aaebe0d5e865,79854024c46acb7263497a55f7c8c49b5139dfdd8b02f7a33654a89e25493199,0.0,0.5693228404533964,1.0,False,0.93443,0.91803,0.90951,0.8416498413614075,0.9452040770009548,270,1560,2,3,3
L_f3_W5,primary_full_coverage,soxmp3__sox,BL,61,5,1,7,6,6,0,87adcbd33846aba4af0c7394fde6daf194c00eed08fef8070cf1aaebe0d5e865,875ce595c740eca02745374b93c4408722dbdd19646e9cc5a1d2a46f5efe2a38,0.0,0.5729441731164459,1.0,False,0.93443,0.95082,0.92923,0.8696809442090148,0.9452040770009548,270,1560,2,3,4
L_f3_W5,primary_full_coverage,soxmp3__sox,BL,61,5,2,7,6,6,0,87adcbd33846aba4af0c7394fde6daf194c00eed08fef8070cf1aaebe0d5e865,875ce595c740eca02745374b93c4408722dbdd19646e9cc5a1d2a46f5efe2a38,0.0,0.5716181287204368,1.0,False,0.93443,0.95082,0.92923,0.8696809442090148,0.9452040770009548,270,1560,2,3,4
L_f3_W5,primary_full_coverage,soxmp3__sox,BL,61,5,3,7,6,6,0,87adcbd33846aba4af0c7394fde6daf194c00eed08fef8070cf1aaebe0d5e865,875ce595c740eca02745374b93c4408722dbdd19646e9cc5a1d2a46f5efe2a38,0.0,0.5694611188632366,1.0,False,0.93443,0.95082,0.92923,0.8696809442090148,0.9452040770009548,270,1560,2,3,4
L_f3_W5,primary_full_coverage,soxmp3__sox,BL,61,5,5,7,8,6,2,87adcbd33846aba4af0c7394fde6daf194c00eed08fef8070cf1aaebe0d5e865,79854024c46acb7263497a55f7c8c49b5139dfdd8b02f7a33654a89e25493199,0.0,0.5693228404533964,1.0,False,0.93443,0.91803,0.90951,0.8416498413614075,0.9452040770009548,270,1560,2,3,3
L_f3_W5,primary_full_coverage,soxmp3__sox,BL,61,8,1,7,6,6,0,87adcbd33846aba4af0c7394fde6daf194c00eed08fef8070cf1aaebe0d5e865,875ce595c740eca02745374b93c4408722dbdd19646e9cc5a1d2a46f5efe2a38,0.0,0.5729441731164459,0.2898494935870756,False,0.93443,0.95082,0.92923,0.8696809442090148,0.9452040770009548,270,1560,2,3,4
L_f3_W5,primary_full_coverage,soxmp3__sox,BL,61,8,2,7,6,6,0,87adcbd33846aba4af0c7394fde6daf194c00eed08fef8070cf1aaebe0d5e865,875ce595c740eca02745374b93c4408722dbdd19646e9cc5a1d2a46f5efe2a38,0.0,0.5716181287204368,0.2819538677349647,False,0.93443,0.95082,0.92923,0.8696809442090148,0.9452040770009548,270,1560,2,3,4
L_f3_W5,primary_full_coverage,soxmp3__sox,BL,61,8,3,7,6,6,0,87adcbd33846aba4af0c7394fde6daf194c00eed08fef8070cf1aaebe0d5e865,875ce595c740eca02745374b93c4408722dbdd19646e9cc5a1d2a46f5efe2a38,0.0,0.5694611188632366,0.2772665252808182,False,0.93443,0.95082,0.92923,0.8696809442090148,0.9452040770009548,270,1560,2,3,4
L_f3_W5,primary_full_coverage,soxmp3__sox,BL,61,8,5,7,8,6,2,87adcbd33846aba4af0c7394fde6daf194c00eed08fef8070cf1aaebe0d5e865,79854024c46acb7263497a55f7c8c49b5139dfdd8b02f7a33654a89e25493199,0.0,0.5693228404533964,0.26798546295198505,False,0.93443,0.91803,0.90951,0.8416498413614075,0.9452040770009548,270,1560,2,3,3
L_f3_W5,primary_full_coverage,soxmp3__sox,BD4,61,2,1,7,20,16,4,1f0b371f99c149b47c8b51955a66137c8d49a59bb0ef28616202416307f44132,a1b9e8e4f51cef1587b80b1d35381974b6ddb652b1f68f908c458f06c5152bc6,0.0,0.6713437987877602,1.0,False,0.98361,0.54098,0.67123,0.5242709268799924,0.9292743552730823,270,1560,5,1,0
L_f3_W5,primary_full_coverage,soxmp3__sox,BD4,61,2,2,7,10,10,0,1f0b371f99c149b47c8b51955a66137c8d49a59bb0ef28616202416307f44132,a58e7bd7ba3f52591932fbbb24ea86466eda87f7e402ccf01b1ffe3eb0270611,0.0,0.5875088237321278,1.0,False,0.90164,0.70492,0.75871,0.6319574859152116,0.9292743552730823,270,1560,4,4,3
L_f3_W5,primary_full_coverage,soxmp3__sox,BD4,61,2,3,7,13,8,5,1f0b371f99c149b47c8b51955a66137c8d49a59bb0ef28616202416307f44132,799f00f24dbc3f67f6b871246828e7fba6e4384b528723970ae653488bae58d2,0.0,0.6263134979871108,1.0,False,0.90164,0.7377,0.77381,0.6333817810425423,0.9292743552730823,270,1560,4,4,4
L_f3_W5,primary_full_coverage,soxmp3__sox,BD4,61,2,5,7,9,6,3,1f0b371f99c149b47c8b51955a66137c8d49a59bb0ef28616202416307f44132,d370208861192778eb01fa37f06247ed9fae5cfb87abf8798359b510706aa857,0.0,0.6714866438172966,1.0,False,0.90164,0.86885,0.85578,0.780069224113066,0.9292743552730823,270,1560,2,4,4
L_f3_W5,primary_full_coverage,soxmp3__sox,BD4,61,3,1,7,10,10,0,1f0b371f99c149b47c8b51955a66137c8d49a59bb0ef28616202416307f44132,a58e7bd7ba3f52591932fbbb24ea86466eda87f7e402ccf01b1ffe3eb0270611,0.0,0.5934497043666657,1.0,False,0.90164,0.70492,0.75871,0.6319574859152116,0.9292743552730823,270,1560,4,4,3
L_f3_W5,primary_full_coverage,soxmp3__sox,BD4,61,3,2,7,10,10,0,1f0b371f99c149b47c8b51955a66137c8d49a59bb0ef28616202416307f44132,a58e7bd7ba3f52591932fbbb24ea86466eda87f7e402ccf01b1ffe3eb0270611,0.0,0.5875088237321278,1.0,False,0.90164,0.70492,0.75871,0.6319574859152116,0.9292743552730823,270,1560,4,4,3
L_f3_W5,primary_full_coverage,soxmp3__sox,BD4,61,3,3,7,10,7,3,1f0b371f99c149b47c8b51955a66137c8d49a59bb0ef28616202416307f44132,1590c560131877e22be3a590d77057a1aec8f29044c339c77edd368db6afdca8,0.0,0.6904801787285619,1.0,False,0.90164,0.80328,0.81479,0.7167465548232475,0.9292743552730823,270,1560,3,4,4
L_f3_W5,primary_full_coverage,soxmp3__sox,BD4,61,3,5,7,9,6,3,1f0b371f99c149b47c8b51955a66137c8d49a59bb0ef28616202416307f44132,d370208861192778eb01fa37f06247ed9fae5cfb87abf8798359b510706aa857,0.0,0.6714866438172966,1.0,False,0.90164,0.86885,0.85578,0.780069224113066,0.9292743552730823,270,1560,2,4,4
L_f3_W5,primary_full_coverage,soxmp3__sox,BD4,61,4,1,7,11,8,3,1f0b371f99c149b47c8b51955a66137c8d49a59bb0ef28616202416307f44132,f6ee1086d7f644af409630c56476b7c7b8820335746148afd990e063b30f0c4c,0.0,0.6360140375135102,1.0,False,0.90164,0.7377,0.77381,0.6483328139607354,0.9292743552730823,270,1560,4,4,4
L_f3_W5,primary_full_coverage,soxmp3__sox,BD4,61,4,2,7,11,8,3,1f0b371f99c149b47c8b51955a66137c8d49a59bb0ef28616202416307f44132,f6ee1086d7f644af409630c56476b7c7b8820335746148afd990e063b30f0c4c,0.0,0.6322526555425451,1.0,False,0.90164,0.7377,0.77381,0.6483328139607354,0.9292743552730823,270,1560,4,4,4
L_f3_W5,primary_full_coverage,soxmp3__sox,BD4,61,4,3,7,10,7,3,1f0b371f99c149b47c8b51955a66137c8d49a59bb0ef28616202416307f44132,1590c560131877e22be3a590d77057a1aec8f29044c339c77edd368db6afdca8,0.0,0.6904801787285619,1.0,False,0.90164,0.80328,0.81479,0.7167465548232475,0.9292743552730823,270,1560,3,4,4
L_f3_W5,primary_full_coverage,soxmp3__sox,BD4,61,4,5,7,9,6,3,1f0b371f99c149b47c8b51955a66137c8d49a59bb0ef28616202416307f44132,d370208861192778eb01fa37f06247ed9fae5cfb87abf8798359b510706aa857,0.0,0.6714866438172966,1.0,False,0.90164,0.86885,0.85578,0.780069224113066,0.9292743552730823,270,1560,2,4,4
L_f3_W5,primary_full_coverage,soxmp3__sox,BD4,61,5,1,7,9,6,3,1f0b371f99c149b47c8b51955a66137c8d49a59bb0ef28616202416307f44132,d370208861192778eb01fa37f06247ed9fae5cfb87abf8798359b510706aa857,0.0,0.6870263011904267,1.0,False,0.90164,0.86885,0.85578,0.780069224113066,0.9292743552730823,270,1560,2,4,4
L_f3_W5,primary_full_coverage,soxmp3__sox,BD4,61,5,2,7,9,6,3,1f0b371f99c149b47c8b51955a66137c8d49a59bb0ef28616202416307f44132,d370208861192778eb01fa37f06247ed9fae5cfb87abf8798359b510706aa857,0.0,0.6857827358739403,1.0,False,0.90164,0.86885,0.85578,0.780069224113066,0.9292743552730823,270,1560,2,4,4
L_f3_W5,primary_full_coverage,soxmp3__sox,BD4,61,5,3,7,9,6,3,1f0b371f99c149b47c8b51955a66137c8d49a59bb0ef28616202416307f44132,d370208861192778eb01fa37f06247ed9fae5cfb87abf8798359b510706aa857,0.0,0.679795994704666,1.0,False,0.90164,0.86885,0.85578,0.780069224113066,0.9292743552730823,270,1560,2,4,4
L_f3_W5,primary_full_coverage,soxmp3__sox,BD4,61,5,5,7,9,6,3,1f0b371f99c149b47c8b51955a66137c8d49a59bb0ef28616202416307f44132,d370208861192778eb01fa37f06247ed9fae5cfb87abf8798359b510706aa857,0.0,0.6714866438172966,1.0,False,0.90164,0.86885,0.85578,0.780069224113066,0.9292743552730823,270,1560,2,4,4
L_f3_W5,primary_full_coverage,soxmp3__sox,BD4,61,8,1,7,5,5,0,1f0b371f99c149b47c8b51955a66137c8d49a59bb0ef28616202416307f44132,77773416b2b92d702923e2a73c1b6be6795405deb67331a7c1fb8111255952dc,0.0,0.5377630296333551,0.33485772882953274,False,0.81967,0.96721,0.84653,0.7607247369404146,0.9292743552730823,270,1560,1,3,5
L_f3_W5,primary_full_coverage,soxmp3__sox,BD4,61,8,2,7,5,5,0,1f0b371f99c149b47c8b51955a66137c8d49a59bb0ef28616202416307f44132,77773416b2b92d702923e2a73c1b6be6795405deb67331a7c1fb8111255952dc,0.0,0.5362283575567061,0.326934482653674,False,0.81967,0.96721,0.84653,0.7607247369404146,0.9292743552730823,270,1560,1,3,5
L_f3_W5,primary_full_coverage,soxmp3__sox,BD4,61,8,3,7,5,5,0,1f0b371f99c149b47c8b51955a66137c8d49a59bb0ef28616202416307f44132,77773416b2b92d702923e2a73c1b6be6795405deb67331a7c1fb8111255952dc,0.0,0.5312351722822356,0.3209849505081369,False,0.81967,0.96721,0.84653,0.7607247369404146,0.9292743552730823,270,1560,1,3,5
L_f3_W5,primary_full_coverage,soxmp3__sox,BD4,61,8,5,7,5,5,0,1f0b371f99c149b47c8b51955a66137c8d49a59bb0ef28616202416307f44132,77773416b2b92d702923e2a73c1b6be6795405deb67331a7c1fb8111255952dc,0.0,0.5278785645090375,0.31040947645427164,False,0.81967,0.96721,0.84653,0.7607247369404146,0.9292743552730823,270,1560,1,3,5
L_f3_W5,primary_full_coverage,soxmp3__sox,BLD4,61,2,1,7,20,16,4,857ef87519efdd68a9827ac3f687104fb5a1d71bd48aff880c8dc26c57dfef39,b41f39ae0e4e5516cd305862a394cf4c36b4fbcf9e151d8d8f39cc7514886144,0.0,0.7082418465031768,1.0,False,0.98361,0.54098,0.67123,0.5242709268799924,0.9557902367094375,270,1560,5,1,0
L_f3_W5,primary_full_coverage,soxmp3__sox,BLD4,61,2,2,7,12,10,2,857ef87519efdd68a9827ac3f687104fb5a1d71bd48aff880c8dc26c57dfef39,9f7121e0bf76ab50a988324db325575d2340c202f5d6dbf6804f64387f962040,0.0,0.5786063323611187,1.0,False,0.93443,0.72131,0.78567,0.6755452933657692,0.9557902367094375,270,1560,4,3,2
L_f3_W5,primary_full_coverage,soxmp3__sox,BLD4,61,2,3,7,9,7,2,857ef87519efdd68a9827ac3f687104fb5a1d71bd48aff880c8dc26c57dfef39,38436cfbb77fc254d8b0c76abfd455996e750822dce58aa7b0534646a1baabf3,0.0,0.6183786706518878,1.0,False,0.93443,0.85246,0.86852,0.78070701018574,0.9557902367094375,270,1560,3,3,3
L_f3_W5,primary_full_coverage,soxmp3__sox,BLD4,61,2,5,7,11,7,4,857ef87519efdd68a9827ac3f687104fb5a1d71bd48aff880c8dc26c57dfef39,cdaaa3e359e6f2a1a97db0a2bf561d09e364e06234550523e4f39780e1079c1d,0.0,0.5531938191513197,1.0,False,0.93443,0.85246,0.86852,0.7674128883687569,0.9557902367094375,270,1560,3,3,3
L_f3_W5,primary_full_coverage,soxmp3__sox,BLD4,61,3,1,7,12,10,2,857ef87519efdd68a9827ac3f687104fb5a1d71bd48aff880c8dc26c57dfef39,91b0a24cd55d3104e979cbb50b0f9256c609ea7e3fe8600a2d37ce309b86506c,0.0,0.6762228882570929,1.0,False,0.93443,0.70492,0.77361,0.6662245067153043,0.9557902367094375,270,1560,4,3,2
L_f3_W5,primary_full_coverage,soxmp3__sox,BLD4,61,3,2,7,12,10,2,857ef87519efdd68a9827ac3f687104fb5a1d71bd48aff880c8dc26c57dfef39,9f7121e0bf76ab50a988324db325575d2340c202f5d6dbf6804f64387f962040,0.0,0.5786063323611187,1.0,False,0.93443,0.72131,0.78567,0.6755452933657692,0.9557902367094375,270,1560,4,3,2
L_f3_W5,primary_full_coverage,soxmp3__sox,BLD4,61,3,3,7,9,7,2,857ef87519efdd68a9827ac3f687104fb5a1d71bd48aff880c8dc26c57dfef39,38436cfbb77fc254d8b0c76abfd455996e750822dce58aa7b0534646a1baabf3,0.0,0.6183786706518878,1.0,False,0.93443,0.85246,0.86852,0.78070701018574,0.9557902367094375,270,1560,3,3,3
L_f3_W5,primary_full_coverage,soxmp3__sox,BLD4,61,3,5,7,8,6,2,857ef87519efdd68a9827ac3f687104fb5a1d71bd48aff880c8dc26c57dfef39,f4088ddd2728ef002b6c0d2910c065afc39a850cbb0836c72fc0e6d999f7029e,0.0,0.6119902360528775,1.0,False,0.93443,0.91803,0.90951,0.8416498413614075,0.9557902367094375,270,1560,2,3,3
L_f3_W5,primary_full_coverage,soxmp3__sox,BLD4,61,4,1,7,10,8,2,857ef87519efdd68a9827ac3f687104fb5a1d71bd48aff880c8dc26c57dfef39,72a16d37cf6ae111672922c193a43c59b0bd5a7fe0ab1927a2e86a43c6e923d4,0.0,0.5586182187600959,1.0,False,0.93443,0.78689,0.82754,0.7148644437519477,0.9557902367094375,270,1560,4,3,3
L_f3_W5,primary_full_coverage,soxmp3__sox,BLD4,61,4,2,7,9,7,2,857ef87519efdd68a9827ac3f687104fb5a1d71bd48aff880c8dc26c57dfef39,38436cfbb77fc254d8b0c76abfd455996e750822dce58aa7b0534646a1baabf3,0.0,0.6199189008725432,1.0,False,0.93443,0.85246,0.86852,0.78070701018574,0.9557902367094375,270,1560,3,3,3
L_f3_W5,primary_full_coverage,soxmp3__sox,BLD4,61,4,3,7,9,7,2,857ef87519efdd68a9827ac3f687104fb5a1d71bd48aff880c8dc26c57dfef39,38436cfbb77fc254d8b0c76abfd455996e750822dce58aa7b0534646a1baabf3,0.0,0.6183786706518878,1.0,False,0.93443,0.85246,0.86852,0.78070701018574,0.9557902367094375,270,1560,3,3,3
L_f3_W5,primary_full_coverage,soxmp3__sox,BLD4,61,4,5,7,8,6,2,857ef87519efdd68a9827ac3f687104fb5a1d71bd48aff880c8dc26c57dfef39,f4088ddd2728ef002b6c0d2910c065afc39a850cbb0836c72fc0e6d999f7029e,0.0,0.6119902360528775,1.0,False,0.93443,0.91803,0.90951,0.8416498413614075,0.9557902367094375,270,1560,2,3,3
L_f3_W5,primary_full_coverage,soxmp3__sox,BLD4,61,5,1,7,8,6,2,857ef87519efdd68a9827ac3f687104fb5a1d71bd48aff880c8dc26c57dfef39,f4088ddd2728ef002b6c0d2910c065afc39a850cbb0836c72fc0e6d999f7029e,0.0,0.616362240060918,1.0,False,0.93443,0.91803,0.90951,0.8416498413614075,0.9557902367094375,270,1560,2,3,3
L_f3_W5,primary_full_coverage,soxmp3__sox,BLD4,61,5,2,7,8,6,2,857ef87519efdd68a9827ac3f687104fb5a1d71bd48aff880c8dc26c57dfef39,f4088ddd2728ef002b6c0d2910c065afc39a850cbb0836c72fc0e6d999f7029e,0.0,0.6155143413717993,1.0,False,0.93443,0.91803,0.90951,0.8416498413614075,0.9557902367094375,270,1560,2,3,3
L_f3_W5,primary_full_coverage,soxmp3__sox,BLD4,61,5,3,7,8,6,2,857ef87519efdd68a9827ac3f687104fb5a1d71bd48aff880c8dc26c57dfef39,f4088ddd2728ef002b6c0d2910c065afc39a850cbb0836c72fc0e6d999f7029e,0.0,0.613974111151144,1.0,False,0.93443,0.91803,0.90951,0.8416498413614075,0.9557902367094375,270,1560,2,3,3
L_f3_W5,primary_full_coverage,soxmp3__sox,BLD4,61,5,5,7,8,6,2,857ef87519efdd68a9827ac3f687104fb5a1d71bd48aff880c8dc26c57dfef39,f4088ddd2728ef002b6c0d2910c065afc39a850cbb0836c72fc0e6d999f7029e,0.0,0.6119902360528775,1.0,False,0.93443,0.91803,0.90951,0.8416498413614075,0.9557902367094375,270,1560,2,3,3
L_f3_W5,primary_full_coverage,soxmp3__sox,BLD4,61,8,1,7,8,6,2,857ef87519efdd68a9827ac3f687104fb5a1d71bd48aff880c8dc26c57dfef39,f4088ddd2728ef002b6c0d2910c065afc39a850cbb0836c72fc0e6d999f7029e,0.0,0.616362240060918,0.2879285016998863,False,0.93443,0.91803,0.90951,0.8416498413614075,0.9557902367094375,270,1560,2,3,3
L_f3_W5,primary_full_coverage,soxmp3__sox,BLD4,61,8,2,7,8,6,2,857ef87519efdd68a9827ac3f687104fb5a1d71bd48aff880c8dc26c57dfef39,f4088ddd2728ef002b6c0d2910c065afc39a850cbb0836c72fc0e6d999f7029e,0.0,0.6155143413717993,0.2802239573107654,False,0.93443,0.91803,0.90951,0.8416498413614075,0.9557902367094375,270,1560,2,3,3
L_f3_W5,primary_full_coverage,soxmp3__sox,BLD4,61,8,3,7,8,6,2,857ef87519efdd68a9827ac3f687104fb5a1d71bd48aff880c8dc26c57dfef39,f4088ddd2728ef002b6c0d2910c065afc39a850cbb0836c72fc0e6d999f7029e,0.0,0.613974111151144,0.27562573650097416,False,0.93443,0.91803,0.90951,0.8416498413614075,0.9557902367094375,270,1560,2,3,3
L_f3_W5,primary_full_coverage,soxmp3__sox,BLD4,61,8,5,7,8,6,2,857ef87519efdd68a9827ac3f687104fb5a1d71bd48aff880c8dc26c57dfef39,f4088ddd2728ef002b6c0d2910c065afc39a850cbb0836c72fc0e6d999f7029e,0.0,0.6119902360528775,0.2664145151178063,False,0.93443,0.91803,0.90951,0.8416498413614075,0.9557902367094375,270,1560,2,3,3
